id;Beheizt;Addresse;Ortsteil;Ort;PLZ;Gebäudetyp;Tabula-Klasse;Baualtersklasse;Primärenergieträger;Spezifischer Wärmebedarf (kWh/m²a);Wärmebedarf (kWh/Jahr);Raumwärmebedarf (kWh/Jahr);Strombedarf (kWh/Jahr);CO₂ Emission Wärme (t/Jahr);Heizungsanlagenalter (Jahr);Heizleistung (kW);Holzverbrauch (kWh/Jahr);Holzpellets (kWh/Jahr);Holzhackschnitzel (kWh/Jahr);Gasverbrauch (kWh/Jahr);Ölverbrauch (kWh/Jahr);Bezug von Wärmenetz (kWh/Jahr);Strombedarf Heizen (kWh/Jahr);Solarthermie Potenzial (kWh/Jahr);Geothermiepotenzial (kWh/Jahr);Primäres Heizsystem;Sanierungspotenzial Klasse;Wärmebedarfsreduktion;Endenergiebedarf (kWh/Jahr);Vorlauftemperatur für Raumheizung;Anzahl der möglichen Bohrlöcher;Abwärmepotenzial (kWh/Jahr);Temperaturbereich (Abwärme) (°C);PV-Potenzial (kWh/Jahr);Eigentum nach Verwaltungsebene;Landnutzung;Wirtschaftszweig;Bewohner;Anzahl der Wohnungen;Anzahl der Wohnungen Kategorie;Subtyp Wohnen;Industriename;Wärmebedarfstyp (ohne Prozesswärme);Elektroheizungstyp;Holzofen vorhanden;Kältebedarf (kWh/Jahr);BHKW vorhanden;Leistung BHKW (kW);Ist Abwärmequelle;Datenquelle Abwärme;Aufwand zur Bereitstellung von Abwärme;Anschluss an Wärmenetz;Interesse an Wärmenetz;Aufwand zum Anschluss an Wärmenetz;Ist Wärmequelle;Ist direkter möglicher Wärmenetz-Anschlussnehmer;Ökonomischer Sektor;Warmwasserbedarf (kWh/Jahr);Prozesswärmebedarf (kWh/Jahr);Heizlast (kW);GEG-Effizienzklasse;Datenquelle
243687609;True;Hebelstraße 40a;Elgersweier;Offenburg;77656;Wohngebäude;Mehrfamilienhaus (1958 - 1968);1949 - 1978;Erdgasnetz;126;63510,648631833814;51380,11474315356;11115,0;16,729634273751348;;;;;;77452,0105266266;;;;19970,0;23177,93100547031;Gaskessel;Mittel;40610,4801891025;77452,0105266266;65,0;2;;;21967,0;;;Wohngebäude;9;7;2-8;Mehrfamilienhaus;;Privatgebäude - Geringer Wärmebedarf;;False;0,0;False;;;;;False;False;;False;True;Privates Wohnen;12130,533888680258;0,0;35,283693684352116;E;greenventory
243687615;True;Hebelstraße 42;Elgersweier;Offenburg;77656;Mehrfachnutzung;;1949 - 1978;Erdgasnetz;145;60870,66582352486;49244,36865123161;0,0;16,03422416814801;;;;;;74232,51929698154;;;;23356,0;12008,300374115774;Gaskessel;Mittel;22522,1463547042;74232,51929698154;60,0;1;;;25692,0;;;Wohn- und Bürogebäude;;;Unbekannt;;;Privatgebäude - Geringer Wärmebedarf;;False;0,0;False;;;;;False;False;;False;True;GHD, Verkehr & Sonstige;11626,297172293249;0,0;33,81703656862492;;greenventory
243687616;True;Am Kapellele 17;Elgersweier;Offenburg;77656;Wohngebäude;Ein-/Zweifamilienhaus (1958 - 1968);1949 - 1978;Heizöl;160;31329,95786593813;25345,935913543948;4940,0;10,164830774282148;;;;;;;34811,06429548681;;;10868,0;0,0;Ölkessel;Mittel;14293,596881166923;34811,06429548681;80,0;0;;;11954,0;;;Wohngebäude;4;2;1-2;Einfamilienhaus;;Privatgebäude - Geringer Wärmebedarf;;False;0,0;False;;;;;False;False;;False;True;Privates Wohnen;5984,021952394183;0,0;17,405532147743404;F;greenventory
243687617;True;Hebelstraße 40;Elgersweier;Offenburg;77656;Wohngebäude;Mehrfamilienhaus (1958 - 1968);1949 - 1978;Heizöl;126;52762,312316791526;42684,71066428435;9880,0;17,118439107225694;;;;;;;58624,79146310169;;;16591,0;44746,39644948815;Ölkessel;Mittel;33737,69415414696;58624,79146310169;65,0;4;;;18250,0;;;Wohngebäude;8;6;2-8;Mehrfamilienhaus;;Privatgebäude - Geringer Wärmebedarf;;False;0,0;False;;;;;False;False;;False;True;Privates Wohnen;10077,601652507181;0,0;29,312395731550847;E;greenventory
243687618;True;Hebelstraße 33;Elgersweier;Offenburg;77656;Wohngebäude;Mehrfamilienhaus (1949 - 1957);1949 - 1978;Heizöl;134;35392,03121974328;28632,153256772315;6175,0;11,482747906850042;;;;;;;39324,47913304809;;;14740,0;0,0;Ölkessel;Mittel;20751,927398564236;39324,47913304809;65,0;0;;;16214,0;;;Wohngebäude;5;4;2-8;Mehrfamilienhaus;;Privatgebäude - Geringer Wärmebedarf;;False;0,0;False;;;;;False;False;;False;True;Privates Wohnen;6759,877962970966;0,0;19,662239566524043;E;greenventory
243687619;True;Hebelstraße 38;Elgersweier;Offenburg;77656;Wohngebäude;Ein-/Zweifamilienhaus (1958 - 1968);1949 - 1978;Holzpellets;160;32913,6247434763;26627,12241747233;4940,0;0,6969944063324393;;;;38721,9114629133;;;;;;11417,0;12445,700232212926;Pelletheizung;Mittel;15016,109692657072;38721,9114629133;80,0;1;;;12559,0;;;Wohngebäude;4;2;1-2;Einfamilienhaus;;Privatgebäude - Geringer Wärmebedarf;;False;0,0;False;;;;;False;False;;False;True;Privates Wohnen;6286,502326003973;0,0;18,285347079709055;F;greenventory
243687624;True;;Elgersweier;Offenburg;77656;Wohngebäude;Ein-/Zweifamilienhaus (1995 - 2001);2001 - 2010;Heizöl;99;5918,442136235413;4788,01968821445;2050,0;1,9202056708674897;;;;;;;6576,046818039348;;;5233,0;104288,12199144387;Ölkessel;Mittel;2171,165358601528;6576,046818039348;50,0;10;;;5756,0;;;Wohngebäude;1;1;0-1;Einfamilienhaus;;Privatgebäude - Geringer Wärmebedarf;;False;0,0;False;;;;;False;False;;False;False;Privates Wohnen;1130,4224480209639;0,0;3,288023409019674;D;greenventory
243687625;True;Felix-Kempf-Straße 14;Elgersweier;Offenburg;77656;Wohngebäude;Ein-/Zweifamilienhaus (1969 - 1978);1949 - 1978;Stromnetz;144;28722,656481899754;23236,629093856904;4940,0;2,4089969952561083;;;;;;;;;9265,37305867734;18435,0;12902,358137666331;Elektrische Luftwärmepumpe;Mittel;14595,541534488751;9265,37305867734;80,0;1;;;20279,0;;;Wohngebäude;4;2;1-2;Einfamilienhaus;;Privatgebäude - Geringer Wärmebedarf;Wärmepumpe;False;0,0;False;;;;;False;False;;False;True;Privates Wohnen;5486,027388042853;0,0;15,957031378833197;A;greenventory
243687626;True;Hebelstraße 28;Elgersweier;Offenburg;77656;Wohngebäude;Mehrfamilienhaus (2002 - 2009);2001 - 2010;Heizöl;72;29702,11608622954;24029,0119137597;9880,0;9,63668655242114;;;;;;;33002,35120692171;;;21433,0;100679,39201134833;Ölkessel;Mittel;14580,776625877263;33002,35120692171;55,0;9;;;23576,0;;;Wohngebäude;8;6;2-8;Mehrfamilienhaus;;Privatgebäude - Geringer Wärmebedarf;;False;0,0;False;;;;;False;False;;False;True;Privates Wohnen;5673,1041724698425;0,0;16,501175603460855;C;greenventory
243687627;True;Felix-Kempf-Straße 15;Elgersweier;Offenburg;77656;Wohngebäude;Ein-/Zweifamilienhaus (1979 - 1983);1979 - 1990;Erdgasnetz;142;18916,802014804525;15303,692829976862;3440,0;4,98296248194851;;;;;;23069,270749761617;;;;12014,0;12902,358137666331;Gaskessel;Mittel;11623,017922619758;23069,270749761617;80,0;1;;;13216,0;;;Wohngebäude;2;1;0-1;Einfamilienhaus;;Privatgebäude - Geringer Wärmebedarf;;False;0,0;False;;;;;False;False;;False;True;Privates Wohnen;3613,109184827664;0,0;10,509334452669181;F;greenventory
243687628;True;Hebelstraße 26c/d;Elgersweier;Offenburg;77656;Wohngebäude;Mehrfamilienhaus (1958 - 1968);1949 - 1978;Erdgasnetz;126;35243,714987949796;28512,165425251387;6175,0;9,283710289508726;;;;;;42980,14022920707;;;;15515,0;0,0;Gaskessel;Mittel;22535,814389259896;42980,14022920707;65,0;0;;;17066,0;;;Wohngebäude;5;4;2-8;Mehrfamilienhaus;;Privatgebäude - Geringer Wärmebedarf;;False;0,0;False;;;;;False;False;;False;True;Privates Wohnen;6731,549562698411;0,0;19,579841659972107;E;greenventory
243687629;True;Hebelstraße 24;Elgersweier;Offenburg;77656;Wohngebäude;Ein-/Zweifamilienhaus (1984 - 1994);1979 - 1990;Heizöl;114;24348,308437057607;19697,781525579605;4940,0;7,899673404023134;;;;;;;27053,676041175117;;;11547,0;220190,34455196795;Ölkessel;Mittel;10747,139978705472;27053,676041175117;65,0;19;;;12702,0;;;Wohngebäude;4;2;1-2;Einfamilienhaus;;Privatgebäude - Geringer Wärmebedarf;;False;0,0;False;;;;;False;False;;False;True;Privates Wohnen;4650,526911478003;0,0;13,52683802058756;D;greenventory
243687630;True;Hebelstraße 31;Elgersweier;Offenburg;77656;Wohngebäude;Ein-/Zweifamilienhaus (1969 - 1978);1949 - 1978;Holzpellets;145;25873,30653970377;20931,504990620353;4050,0;0,5479053149584328;;;;30439,18416435738;;;;;;9964,0;0,0;Pelletheizung;Mittel;13147,632095686595;30439,18416435738;80,0;0;;;10960,0;;;Wohngebäude;3;1;0-1;Einfamilienhaus;;Privatgebäude - Geringer Wärmebedarf;;False;0,0;False;;;;;False;False;;False;True;Privates Wohnen;4941,8015490834205;0,0;14,374059188724317;F;greenventory
243687631;True;Hebelstraße 36;Elgersweier;Offenburg;77656;Wohngebäude;Mehrfamilienhaus (1969 - 1978);1949 - 1978;Heizöl;118;50513,19640295855;40865,17588999347;9880,0;16,388725944071;;;;;;;56125,77378106506;;;16993,0;11186,599112372038;Ölkessel;Mittel;29560,08615586236;56125,77378106506;65,0;1;;;18692,0;;;Wohngebäude;8;6;2-8;Mehrfamilienhaus;;Privatgebäude - Geringer Wärmebedarf;;False;0,0;False;;;;;False;False;;False;True;Privates Wohnen;9648,020512965084;0,0;28,06288689053253;E;greenventory
243687632;True;;Elgersweier;Offenburg;77656;Wohngebäude;Ein-/Zweifamilienhaus (1958 - 1968);1949 - 1978;Heizöl;160;8658,48811997;7004,71688905573;2050,0;2,8091983678124883;;;;;;;9620,54235552222;;;5006,0;0,0;Ölkessel;Mittel;3950,2427458345446;9620,54235552222;80,0;0;;;5506,0;;;Wohngebäude;1;1;0-1;Einfamilienhaus;;Privatgebäude - Geringer Wärmebedarf;;False;0,0;False;;;;;False;False;;False;False;Privates Wohnen;1653,7712309142698;0,0;4,810271177761111;F;greenventory
243687633;True;Hebelstraße 29;Elgersweier;Offenburg;77656;Wohngebäude;Ein-/Zweifamilienhaus (1949 - 1957);1949 - 1978;Heizöl;165;35552,41225696763;28761,901515886817;4940,0;11,534782643371722;;;;;;;39502,68028551959;;;11950,0;0,0;Ölkessel;Mittel;18738,04859251622;39502,68028551959;80,0;0;;;13145,0;;;Wohngebäude;4;2;1-2;Einfamilienhaus;;Privatgebäude - Geringer Wärmebedarf;;False;0,0;False;;;;;False;False;;False;True;Privates Wohnen;6790,510741080818;0,0;19,751340142759798;F;greenventory
243687634;True;Hebelstraße 27;Elgersweier;Offenburg;77656;Wohngebäude;Ein-/Zweifamilienhaus (1958 - 1968);1949 - 1978;Heizöl;160;35046,826214614906;28352,88240762346;4940,0;11,370748060741727;;;;;;;38940,918016238786;;;12157,0;0,0;Ölkessel;Mittel;15989,335447547648;38940,918016238786;80,0;0;;;13373,0;;;Wohngebäude;4;2;1-2;Einfamilienhaus;;Privatgebäude - Geringer Wärmebedarf;;False;0,0;False;;;;;False;False;;False;True;Privates Wohnen;6693,943806991448;0,0;19,47045900811939;F;greenventory
243687635;True;;Elgersweier;Offenburg;77656;Wohngebäude;Ein-/Zweifamilienhaus (vor 1860);Vor 1919;Heizöl;251;18080,857572460227;14627,413776120324;2050,0;5,8662337901759845;;;;;;;20089,84174717803;;;0,0;41636,309436881915;Ölkessel;Hoch;12338,515405084356;20089,84174717803;90,0;3;;;0,0;;;Wohngebäude;1;1;0-1;Einfamilienhaus;;Privatgebäude - Geringer Wärmebedarf;;False;0,0;False;;;;;False;False;;False;False;Privates Wohnen;3453,443796339903;0,0;10,044920873589016;H;greenventory
243687636;True;Hebelstraße 25;Elgersweier;Offenburg;77656;Wohngebäude;Ein-/Zweifamilienhaus (1958 - 1968);1949 - 1978;Heizöl;160;25961,083946790244;21002,51691295331;4050,0;8,422929458291947;;;;;;;28845,64882976694;;;9005,0;12902,358137666331;Ölkessel;Mittel;11844,167493662295;28845,64882976694;80,0;1;;;9906,0;;;Wohngebäude;3;1;0-1;Einfamilienhaus;;Privatgebäude - Geringer Wärmebedarf;;False;0,0;False;;;;;False;False;;False;True;Privates Wohnen;4958,567033836936;0,0;14,422824414883468;F;greenventory
243687637;True;;Elgersweier;Offenburg;77656;Wohngebäude;Ein-/Zweifamilienhaus (1969 - 1978);1949 - 1978;Heizöl;145;10125,641979051725;8191,644361052846;2050,0;3,285208286536782;;;;;;;11250,713310057472;;;9749,0;73348,01998263545;Ölkessel;Mittel;5145,388559785378;11250,713310057472;80,0;6;;;10724,0;;;Wohngebäude;1;1;0-1;Einfamilienhaus;;Privatgebäude - Geringer Wärmebedarf;;False;0,0;False;;;;;False;False;;False;False;Privates Wohnen;1933,9976179988794;0,0;5,625356655028736;F;greenventory
243687638;True;;Elgersweier;Offenburg;77656;Wohngebäude;Ein-/Zweifamilienhaus (1949 - 1957);1949 - 1978;Heizöl;165;13357,53999783784;10806,249858250812;3440,0;4,333779643742943;;;;;;;14841,71110870871;;;11225,0;25804,716275332663;Ölkessel;Mittel;7040,1477049398045;14841,71110870871;80,0;2;;;12347,0;;;Wohngebäude;2;1;0-1;Einfamilienhaus;;Privatgebäude - Geringer Wärmebedarf;;False;0,0;False;;;;;False;False;;False;False;Privates Wohnen;2551,290139587027;0,0;7,420855554354355;F;greenventory
243687639;True;Ortenaustraße 52a;Elgersweier;Offenburg;77656;Wohngebäude;Ein-/Zweifamilienhaus (1984 - 1994);1991 - 2000;Heizöl;114;22420,003347323323;18137,78270798457;4940,0;7,2740455304649005;;;;;;;24911,11483035925;;;10353,0;11693,74329689272;Ölkessel;Mittel;9896,002217961342;24911,11483035925;55,0;1;;;11388,0;;;Wohngebäude;4;2;1-2;Einfamilienhaus;;Privatgebäude - Geringer Wärmebedarf;;False;0,0;False;;;;;False;False;;False;True;Privates Wohnen;4282,220639338755;0,0;12,455557415179625;D;greenventory
243687640;True;;Elgersweier;Offenburg;77656;Wohngebäude;Ein-/Zweifamilienhaus (2002 - 2009);2001 - 2010;Heizöl;86;7040,875756544322;5696,0684870443565;3440,0;2,2843730232343797;;;;;;;7823,195285049246;;;7115,0;0,0;Ölkessel;Mittel;2450,0998551174116;7823,195285049246;55,0;0;;;7826,0;;;Wohngebäude;2;1;0-1;Einfamilienhaus;;Privatgebäude - Geringer Wärmebedarf;;False;0,0;False;;;;;False;False;;False;False;Privates Wohnen;1344,8072694999655;0,0;3,9115976425246233;C;greenventory
243687641;False;;Elgersweier;Offenburg;77656;Lager;;;;0;0,0;0,0;5589,0;0,0;;;;;;;;;;29809,0;0,0;;;0,0;0,0;;0;;;32790,0;;;Lager;;;Unbekannt;;;Privatgebäude - Geringer Wärmebedarf;;False;21413,800482008053;False;;;;;False;False;;False;False;GHD, Verkehr & Sonstige;0,0;0,0;0,0;;greenventory
243687642;True;Hebelstraße 36a;Elgersweier;Offenburg;77656;Wohngebäude;Mehrfamilienhaus (2002 - 2009);2001 - 2010;Heizöl;72;31243,494334480172;25275,986916594462;9880,0;10,136778161853567;;;;;;;34714,99370497797;;;22545,0;0,0;Ölkessel;Mittel;15337,439614752591;34714,99370497797;55,0;0;;;24800,0;;;Wohngebäude;8;6;2-8;Mehrfamilienhaus;;Privatgebäude - Geringer Wärmebedarf;;False;0,0;False;;;;;False;False;;False;True;Privates Wohnen;5967,507417885713;0,0;17,357496852488985;C;greenventory
243687643;True;Hebelstraße 34b;Elgersweier;Offenburg;77656;Wohngebäude;Ein-/Zweifamilienhaus (2002 - 2009);2001 - 2010;Heizöl;86;14039,86656010667;11358,252047126296;4050,0;4,555156706167942;;;;;;;15599,851733451855;;;8512,0;43200,76671273088;Ölkessel;Mittel;4885,62448965415;15599,851733451855;55,0;4;;;9364,0;;;Wohngebäude;3;1;0-1;Einfamilienhaus;;Privatgebäude - Geringer Wärmebedarf;;False;0,0;False;;;;;False;False;;False;True;Privates Wohnen;2681,614512980374;0,0;7,7999258667259275;C;greenventory
243687644;True;Hebelstraße 34a;Elgersweier;Offenburg;77656;Wohngebäude;Mehrfamilienhaus (2002 - 2009);2001 - 2010;Heizöl;72;26164,17725475376;21166,81939909579;8645,0;8,488821953764552;;;;;;;29071,30806083751;;;18880,0;0,0;Ölkessel;Mittel;12844,001519753368;29071,30806083751;55,0;0;;;20768,0;;;Wohngebäude;7;5;2-8;Mehrfamilienhaus;;Privatgebäude - Geringer Wärmebedarf;;False;0,0;False;;;;;False;False;;False;True;Privates Wohnen;4997,357855657968;0,0;14,535654030418755;C;greenventory
243687645;True;Hebelstraße 34;Elgersweier;Offenburg;77656;Wohngebäude;Ein-/Zweifamilienhaus (2002 - 2009);2001 - 2010;Heizöl;86;18258,061852944917;14770,77203903244;4940,0;5,923726734511018;;;;;;;20286,73539216102;;;11070,0;11796,445491649512;Ölkessel;Mittel;6353,48161896563;20286,73539216102;55,0;1;;;12177,0;;;Wohngebäude;4;2;1-2;Einfamilienhaus;;Privatgebäude - Geringer Wärmebedarf;;False;0,0;False;;;;;False;False;;False;True;Privates Wohnen;3487,289813912479;0,0;10,143367696080508;C;greenventory
243687646;True;Hebelstraße 32;Elgersweier;Offenburg;77656;Wohngebäude;Ein-/Zweifamilienhaus (1958 - 1968);1949 - 1978;Heizöl;160;38193,475317771;30898,521532076742;4940,0;12,391660880876813;;;;;;;42437,194797523334;;;9463,0;0,0;Ölkessel;Mittel;17424,924157863068;42437,194797523334;80,0;0;;;10409,0;;;Wohngebäude;4;2;1-2;Einfamilienhaus;;Privatgebäude - Geringer Wärmebedarf;;False;0,0;False;;;;;False;False;;False;True;Privates Wohnen;7294,953785694262;0,0;21,218597398761666;F;greenventory
243687647;True;Hebelstraße 23;Elgersweier;Offenburg;77656;Wohngebäude;Mehrfamilienhaus (1958 - 1968);1949 - 1978;Stromnetz;126;37156,53849048637;30059,639638803474;7410,0;9,660700007526456;;;;;;;;;37156,53849048637;16357,0;0,0;Elektroheizung;Mittel;23758,927089703564;37156,53849048637;65,0;0;;;17993,0;;;Wohngebäude;6;4;2-8;Mehrfamilienhaus;;Privatgebäude - Geringer Wärmebedarf;Nachtspeicherheizung;False;0,0;False;;;;;False;False;;False;True;Privates Wohnen;7096,898851682897;0,0;20,642521383603537;D;greenventory
243687648;False;;Elgersweier;Offenburg;77656;Lager;;;;0;0,0;0,0;1994,0;0,0;;;;;;;;;;17729,0;36024,90112234732;;;0,0;0,0;;3;;;19502,0;;;Lager;;;Unbekannt;;;Privatgebäude - Geringer Wärmebedarf;;False;7641,46727281381;False;;;;;False;False;;False;False;GHD, Verkehr & Sonstige;0,0;0,0;0,0;;greenventory
243687649;False;;Elgersweier;Offenburg;77656;Lager;;;;0;0,0;0,0;746,0;0,0;;;;;;;;;;9952,0;0,0;;;0,0;0,0;;0;;;10947,0;;;Lager;;;Unbekannt;;;Privatgebäude - Geringer Wärmebedarf;;False;2859,6631992368425;False;;;;;False;False;;False;False;GHD, Verkehr & Sonstige;0,0;0,0;0,0;;greenventory
243687650;False;Ortenaustraße 52a;Elgersweier;Offenburg;77656;Lager;;;;0;0,0;0,0;893,0;0,0;;;;;;;;;;7933,0;0,0;;;0,0;0,0;;0;;;8727,0;;;Lager;;;Unbekannt;;;Privatgebäude - Geringer Wärmebedarf;;False;3419,4703577342866;False;;;;;False;False;;False;True;GHD, Verkehr & Sonstige;0,0;0,0;0,0;;greenventory
243687651;True;;Elgersweier;Offenburg;77656;Wohngebäude;Ein-/Zweifamilienhaus (1949 - 1957);1949 - 1978;Stromnetz;166;12457,328350188103;10077,978635302175;2050,0;3,2389053710489066;;;;;;;;;12457,328350188103;10468,0;12902,358137666331;Elektroheizung;Mittel;6565,687365222519;12457,328350188103;80,0;1;;;11515,0;;;Wohngebäude;1;1;0-1;Einfamilienhaus;;Privatgebäude - Geringer Wärmebedarf;Nachtspeicherheizung;False;0,0;False;;;;;False;False;;False;False;Privates Wohnen;2379,349714885928;0,0;6,920737972326724;F;greenventory
243687652;False;;Elgersweier;Offenburg;77656;Lager;;;;0;0,0;0,0;1053,0;0,0;;;;;;;;;;5619,0;0,0;;;0,0;0,0;;0;;;6180,0;;;Lager;;;Unbekannt;;;Privatgebäude - Geringer Wärmebedarf;;False;4036,1593536008054;False;;;;;False;False;;False;False;GHD, Verkehr & Sonstige;0,0;0,0;0,0;;greenventory
243687653;True;Ortenaustraße 48a;Elgersweier;Offenburg;77656;Wohngebäude;Ein-/Zweifamilienhaus (1949 - 1957);1949 - 1978;Heizöl;165;31163,365501511318;25211,162690722656;4940,0;10,110780807157006;;;;;;;34625,96166834591;;;10475,0;0,0;Ölkessel;Mittel;16424,783017619877;34625,96166834591;80,0;0;;;11522,0;;;Wohngebäude;4;2;1-2;Einfamilienhaus;;Privatgebäude - Geringer Wärmebedarf;;False;0,0;False;;;;;False;False;;False;True;Privates Wohnen;5952,202810788662;0,0;17,312980834172954;F;greenventory
243687654;True;Ortenaustraße 50;Elgersweier;Offenburg;77656;Wohngebäude;Ein-/Zweifamilienhaus (vor 1860);Vor 1919;Heizöl;251;33168,215638740265;26833,086451740877;3440,0;10,761243296124618;;;;;;;36853,572931933624;;;7545,0;0,0;Ölkessel;Hoch;22634,243866900346;36853,572931933624;90,0;0;;;8300,0;;;Wohngebäude;2;1;0-1;Einfamilienhaus;;Privatgebäude - Geringer Wärmebedarf;;False;0,0;False;;;;;False;False;;False;True;Privates Wohnen;6335,129186999391;0,0;18,426786465966813;H;greenventory
243687655;True;Ortenaustraße 48;Elgersweier;Offenburg;77656;Wohngebäude;Mehrfamilienhaus (1919 - 1948);1919 - 1948;Heizöl;133;52103,285880202406;42151,55827708375;8645,0;16,904621641132337;;;;;;;57892,53986689156;;;22154,0;13402,390005967762;Ölkessel;Mittel;30551,20406224623;57892,53986689156;65,0;1;;;24369,0;;;Wohngebäude;7;6;2-8;Mehrfamilienhaus;;Privatgebäude - Geringer Wärmebedarf;;False;0,0;False;;;;;False;False;;False;True;Privates Wohnen;9951,72760311866;0,0;28,94626993344578;E;greenventory
243687656;True;Ortenaustraße 46;Elgersweier;Offenburg;77656;Wohngebäude;Mehrfamilienhaus (1949 - 1957);1949 - 1978;Heizöl;133;36041,09915634661;29157,24921748441;6175,0;11,693334392948008;;;;;;;40045,665729274006;;;15011,0;25859,485473848355;Ölkessel;Mittel;21132,50489674451;40045,665729274006;65,0;2;;;16512,0;;;Wohngebäude;5;4;2-8;Mehrfamilienhaus;;Privatgebäude - Geringer Wärmebedarf;;False;0,0;False;;;;;False;False;;False;True;Privates Wohnen;6883,849938862202;0,0;20,022832864637003;E;greenventory
243687657;True;Ortenaustraße 49;Elgersweier;Offenburg;77656;Wohngebäude;Mehrfamilienhaus (1979 - 1983);1979 - 1990;Heizöl;109;45713,30339356771;36982,06244539628;9880,0;14,831427323246412;;;;;;;50792,55932618634;;;16215,0;36772,119633395916;Ölkessel;Mittel;27406,836746054578;50792,55932618634;65,0;3;;;17836,0;;;Wohngebäude;8;6;2-8;Mehrfamilienhaus;;Privatgebäude - Geringer Wärmebedarf;;False;0,0;False;;;;;False;False;;False;True;Privates Wohnen;8731,240948171433;0,0;25,39627966309317;D;greenventory
243687658;True;Ortenaustraße 47;Elgersweier;Offenburg;77656;Wohngebäude;Ein-/Zweifamilienhaus (1958 - 1968);1949 - 1978;Heizöl;160;19690,892021318206;15929,93164524643;3440,0;6,388600522472129;;;;;;;21878,768912575786;;;6830,0;0,0;Ölkessel;Mittel;8983,531800063622;21878,768912575786;80,0;0;;;7513,0;;;Wohngebäude;2;1;0-1;Einfamilienhaus;;Privatgebäude - Geringer Wärmebedarf;;False;0,0;False;;;;;False;False;;False;True;Privates Wohnen;3760,9603760717773;0,0;10,939384456287893;F;greenventory
243687659;False;;Elgersweier;Offenburg;77656;Lager;;;;0;0,0;0,0;1631,0;0,0;;;;;;;;;;8698,0;0,0;;;0,0;0,0;;0;;;9568,0;;;Lager;;;Unbekannt;;;Privatgebäude - Geringer Wärmebedarf;;False;6248,640259128044;False;;;;;False;False;;False;False;GHD, Verkehr & Sonstige;0,0;0,0;0,0;;greenventory
243687660;True;Hebelstraße 26;Elgersweier;Offenburg;77656;Wohngebäude;Ein-/Zweifamilienhaus (1984 - 1994);1979 - 1990;Erdgasnetz;114;23151,56602372093;18729,616913190235;4940,0;6,098461294053319;;;;;;28233,6171020987;;;;10979,0;0,0;Gaskessel;Mittel;10218,907873061202;28233,6171020987;65,0;0;;;12077,0;;;Wohngebäude;4;2;1-2;Einfamilienhaus;;Privatgebäude - Geringer Wärmebedarf;;False;0,0;False;;;;;False;False;;False;True;Privates Wohnen;4421,949110530698;0,0;12,861981124289406;E;greenventory
243687661;False;;Elgersweier;Offenburg;77656;Lager;;;;0;0,0;0,0;1503,0;0,0;;;;;;;;;;8015,0;12008,300374115774;;;0,0;0,0;;1;;;8817,0;;;Lager;;;Unbekannt;;;Privatgebäude - Geringer Wärmebedarf;;False;5757,851052614965;False;;;;;False;False;;False;False;GHD, Verkehr & Sonstige;0,0;0,0;0,0;;greenventory
243687662;True;Hebelstraße 22;Elgersweier;Offenburg;77656;Wohngebäude;Ein-/Zweifamilienhaus (1979 - 1983);1979 - 1990;Erdgasnetz;142;20537,18484720307;16614,582541387284;4050,0;5,409795032921784;;;;;;25045,34737463789;;;;7826,0;0,0;Gaskessel;Mittel;12618,626941931487;25045,34737463789;80,0;0;;;8609,0;;;Wohngebäude;3;1;0-1;Einfamilienhaus;;Privatgebäude - Geringer Wärmebedarf;;False;0,0;False;;;;;False;False;;False;True;Privates Wohnen;3922,602305815786;0,0;11,409547137335037;F;greenventory
243687663;True;Hebelstraße 20;Elgersweier;Offenburg;77656;Wohngebäude;Ein-/Zweifamilienhaus (1984 - 1994);1979 - 1990;Erdgasnetz;114;19346,153090537413;15651,037850244767;4050,0;5,0960598384830265;;;;;;23592,869622606602;;;;9175,0;0,0;Gaskessel;Mittel;8539,230388466232;23592,869622606602;65,0;0;;;10092,0;;;Wohngebäude;3;1;0-1;Einfamilienhaus;;Privatgebäude - Geringer Wärmebedarf;;False;0,0;False;;;;;False;False;;False;True;Privates Wohnen;3695,115240292646;0,0;10,747862828076341;E;greenventory
243687664;True;Waldhornstraße 5;Elgersweier;Offenburg;77656;Wohngebäude;Ein-/Zweifamilienhaus (1984 - 1994);1979 - 1990;Stromnetz;114;21678,46656016521;17537,879447173655;4940,0;1,818193969562243;;;;;;;;;6993,053729085551;10281,0;46355,86201094062;Elektrische Luftwärmepumpe;Mittel;9568,694073678987;6993,053729085551;65,0;4;;;11309,0;;;Wohngebäude;4;2;1-2;Einfamilienhaus;;Privatgebäude - Geringer Wärmebedarf;Wärmepumpe;False;0,0;False;;;;;False;False;;False;True;Privates Wohnen;4140,587112991555;0,0;12,043592533425116;A;greenventory
243687665;True;Waldhornstraße 1;Elgersweier;Offenburg;77656;Wohngebäude;Ein-/Zweifamilienhaus (1969 - 1978);1949 - 1978;Heizöl;144;25538,672380435746;20660,78595577252;4050,0;8,285880372319152;;;;;;;28376,302644928604;;;9835,0;0,0;Ölkessel;Mittel;12977,586307145655;28376,302644928604;80,0;0;;;10819,0;;;Wohngebäude;3;1;0-1;Einfamilienhaus;;Privatgebäude - Geringer Wärmebedarf;;False;0,0;False;;;;;False;False;;False;True;Privates Wohnen;4877,886424663227;0,0;14,188151322464304;F;greenventory
243687666;True;Waldhornstraße 3;Elgersweier;Offenburg;77656;Wohngebäude;Mehrfamilienhaus (2002 - 2009);2001 - 2010;Heizöl;72;23464,416373295266;18982,71284599587;7410,0;7,612899534446909;;;;;;;26071,57374810585;;;16932,0;0,0;Ölkessel;Mittel;8681,834058119246;26071,57374810585;55,0;0;;;18625,0;;;Kommune;6;5;2-8;Mehrfamilienhaus;;Privatgebäude - Geringer Wärmebedarf;;False;0,0;False;;;;;False;False;;False;True;GHD, Verkehr & Sonstige;4481,703527299396;0,0;13,035786874052926;;greenventory
243687667;True;Hebelstraße 13;Elgersweier;Offenburg;77656;Wohngebäude;Ein-/Zweifamilienhaus (1984 - 1994);1979 - 1990;Erdgasnetz;114;16279,103912152936;13169,795064931726;4050,0;4,288154201250042;;;;;;19852,565746527973;;;;7720,0;0,0;Gaskessel;Mittel;7185,460498172575;19852,565746527973;65,0;0;;;8492,0;;;Wohngebäude;3;1;0-1;Einfamilienhaus;;Privatgebäude - Geringer Wärmebedarf;;False;0,0;False;;;;;False;False;;False;True;Privates Wohnen;3109,3088472212107;0,0;9,043946617862742;E;greenventory
243687668;True;;Elgersweier;Offenburg;77656;Mehrfachnutzung;;1949 - 1978;Erdgasnetz;145;37361,60754470322;30225,540503664906;0,0;9,841594182507189;;;;;;45562,93603012588;;;;23893,0;34157,178831518715;Gaskessel;Niedrig;10834,866187963933;45562,93603012588;60,0;3;;;26282,0;;;Wohn- und Industriegebäude;;;Unbekannt;;;Privatgebäude - Geringer Wärmebedarf;;False;0,0;False;;;;;False;False;;False;False;Industrie & Produktion;7136,067041038315;0,0;20,756448635946235;;greenventory
243687669;True;;Elgersweier;Offenburg;77656;Sportstätte;;Vor 1919;Erdgasnetz;115;10608,420786376015;0,0;9735,0;2,7944132803136816;;;;;;12937,09851997075;;;;13194,0;51609,432550665326;Gaskessel;Mittel;3925,1156909591255;12937,09851997075;80,0;4;;;14514,0;;;Schwimmbad (Hallenbad);;;Unbekannt;;;Privatgebäude - Geringer Wärmebedarf;;False;3538,5700715589196;False;;;;;False;False;;False;False;GHD, Verkehr & Sonstige;742,5894550463211;9865,831331329695;5,893567103542231;;greenventory
243687670;True;Ortenaustraße 42;Elgersweier;Offenburg;77656;Wohngebäude;Mehrfamilienhaus (1919 - 1948);1919 - 1948;Heizöl;132;56030,83011274886;45328,94156121383;9880,0;18,17889154769185;;;;;;;62256,477903054285;;;17017,0;139067,58603282186;Ölkessel;Mittel;32854,15297007351;62256,477903054285;65,0;12;;;18719,0;;;Wohngebäude;8;6;2-8;Mehrfamilienhaus;;Privatgebäude - Geringer Wärmebedarf;;False;0,0;False;;;;;False;False;;False;True;Privates Wohnen;10701,888551535032;0,0;31,128238951527145;E;greenventory
243687671;True;Ortenaustraße 40;Elgersweier;Offenburg;77656;Büro und Verwaltung;;1949 - 1978;Erdgasnetz;64;20807,98698916114;19559,507769811473;15454,0;5,481128280071716;;;;;;25375,593889220905;;;;12884,0;0,0;Gaskessel;Mittel;7698,955185989622;25375,593889220905;65,0;0;;;14172,0;;;Büro (Unternehmen);;;Unbekannt;;;Privatgebäude - Geringer Wärmebedarf;;False;12596,328803673974;False;;;;;False;False;;False;True;GHD, Verkehr & Sonstige;1040,399349458057;208,07986989161142;12,239992346565378;;greenventory
243687672;True;Ortenaustraße 38;Elgersweier;Offenburg;77656;Mehrfachnutzung;;1949 - 1978;Erdgasnetz;145;113441,05000255635;91773,80945206809;0,0;29,882032683600208;;;;;;138342,74390555653;;;;31091,0;11588,965502735155;Gaskessel;Niedrig;32897,90450074135;138342,74390555653;60,0;1;;;34200,0;;;Wohn- und Industriegebäude;;;Unbekannt;;;Privatgebäude - Mittlerer Wärmebedarf;;False;0,0;False;;;;;False;False;;False;True;Industrie & Produktion;21667,240550488263;0,0;63,022805556975754;;greenventory
243687673;True;Ortenaustraße 25;Elgersweier;Offenburg;77656;Wohngebäude;Mehrfamilienhaus (1949 - 1957);1949 - 1978;Heizöl;133;32887,1430997042;26605,6987676607;6175,0;10,670050872348472;;;;;;;36541,27011078244;;;13697,0;0,0;Ölkessel;Mittel;19283,19970430351;36541,27011078244;65,0;0;;;15067,0;;;Wohngebäude;5;4;2-8;Mehrfamilienhaus;;Privatgebäude - Geringer Wärmebedarf;;False;0,0;False;;;;;False;False;;False;True;Privates Wohnen;6281,444332043502;0,0;18,27063505539122;E;greenventory
243687674;True;Ortenaustraße 36;Elgersweier;Offenburg;77656;Büro und Verwaltung;;1949 - 1978;Erdgasnetz;64;39135,36450199451;36787,24263187484;29066,0;10,308827722476604;;;;;;47726,05427072501;;;;33924,0;0,0;Gaskessel;Mittel;14480,084865737972;47726,05427072501;65,0;0;;;37316,0;;;Büro (Unternehmen);;;Unbekannt;;;Privatgebäude - Geringer Wärmebedarf;;False;23690,99516332535;False;;;;;False;False;;False;True;GHD, Verkehr & Sonstige;1956,7682250997257;391,35364501994513;23,020802648232063;;greenventory
243687675;True;Ortenaustraße 23;Elgersweier;Offenburg;77656;Wohngebäude;Ein-/Zweifamilienhaus (1949 - 1957);1949 - 1978;Erdgasnetz;166;35445,935577031836;28675,76188181876;4940,0;9,336978151998629;;;;;;43226,75070369736;;;;11914,0;0,0;Gaskessel;Mittel;18681,929609978946;43226,75070369736;80,0;0;;;13106,0;;;Wohngebäude;4;2;1-2;Einfamilienhaus;;Privatgebäude - Geringer Wärmebedarf;;False;0,0;False;;;;;False;False;;False;True;Privates Wohnen;6770,1736952130805;0,0;19,692186431684352;G;greenventory
243687676;True;;Elgersweier;Offenburg;77656;Wohngebäude;Ein-/Zweifamilienhaus (1949 - 1957);1949 - 1978;Heizöl;164;11332,100855906989;9167,669592428754;2050,0;3,6766371665831565;;;;;;;12591,223173229988;;;6348,0;92144,64812141428;Ölkessel;Mittel;5972,631475988375;12591,223173229988;80,0;7;;;6983,0;;;Wohngebäude;1;1;0-1;Einfamilienhaus;;Privatgebäude - Geringer Wärmebedarf;;False;0,0;False;;;;;False;False;;False;False;Privates Wohnen;2164,431263478235;0,0;6,295611586614994;F;greenventory
243687677;True;Ortenaustraße 34;Elgersweier;Offenburg;77656;Wohngebäude;Ein-/Zweifamilienhaus (1949 - 1957);1949 - 1978;Heizöl;166;28991,437548192273;23454,07297648755;4050,0;9,406110848969048;;;;;;;32212,708386880302;;;9745,0;0,0;Ölkessel;Mittel;15280,059243756668;32212,708386880302;80,0;0;;;10719,0;;;Wohngebäude;3;1;0-1;Einfamilienhaus;;Privatgebäude - Geringer Wärmebedarf;;False;0,0;False;;;;;False;False;;False;True;Privates Wohnen;5537,364571704724;0,0;16,10635419344015;F;greenventory
243687678;False;;Elgersweier;Offenburg;77656;Lager;;;;0;0,0;0,0;1576,0;0,0;;;;;;;;;;8408,0;11625,406338554403;;;0,0;0,0;;1;;;9248,0;;;Lager;;;Unbekannt;;;Privatgebäude - Geringer Wärmebedarf;;False;6039,727989747467;False;;;;;False;False;;False;False;GHD, Verkehr & Sonstige;0,0;0,0;0,0;;greenventory
243687679;True;;Elgersweier;Offenburg;77656;Wohngebäude;Ein-/Zweifamilienhaus (1969 - 1978);1949 - 1978;Erdgasnetz;144;26635,626865103695;21548,22213386889;4050,0;7,016213905929755;;;;;;32482,471786711827;;;;10258,0;0,0;Gaskessel;Mittel;13535,008450619891;32482,471786711827;80,0;0;;;11283,0;;;Wohngebäude;3;2;1-2;Einfamilienhaus;;Privatgebäude - Geringer Wärmebedarf;;False;0,0;False;;;;;False;False;;False;False;Privates Wohnen;5087,404731234806;0,0;14,797570480613164;F;greenventory
243687680;True;Ortenaustraße 29;Elgersweier;Offenburg;77656;Wohngebäude;Mehrfamilienhaus (1919 - 1948);1919 - 1948;Heizöl;132;49801,67750410024;40289,557100817095;8645,0;16,15787759021919;;;;;;;55335,197226778044;;;15125,0;12257,373211131973;Ölkessel;Mittel;29201,636448960813;55335,197226778044;65,0;1;;;16638,0;;;Wohngebäude;7;5;2-8;Mehrfamilienhaus;;Privatgebäude - Geringer Wärmebedarf;;False;0,0;False;;;;;False;False;;False;True;Privates Wohnen;9512,120403283147;0,0;27,66759861338902;E;greenventory
243687681;True;Ortenaustraße 45;Elgersweier;Offenburg;77656;Wohngebäude;Mehrfamilienhaus (1979 - 1983);1979 - 1990;Heizöl;109;28069,624901222713;22708,326545089178;6175,0;9,107033856841147;;;;;;;31188,47211246968;;;13939,0;0,0;Ölkessel;Mittel;16828,790966330533;31188,47211246968;65,0;0;;;15333,0;;;Wohngebäude;5;4;2-8;Mehrfamilienhaus;;Privatgebäude - Geringer Wärmebedarf;;False;0,0;False;;;;;False;False;;False;True;Privates Wohnen;5361,298356133539;0,0;15,594236056234841;D;greenventory
243687682;True;Ortenaustraße 43;Elgersweier;Offenburg;77656;Wohngebäude;Ein-/Zweifamilienhaus (1949 - 1957);1949 - 1978;Heizöl;165;22284,35861451724;18028,04611914445;4050,0;7,230036350487815;;;;;;;24760,39846057471;;;7490,0;94382,21100673708;Ölkessel;Mittel;11745,06504801362;24760,39846057471;80,0;7;;;8239,0;;;Wohngebäude;3;1;0-1;Einfamilienhaus;;Privatgebäude - Geringer Wärmebedarf;;False;0,0;False;;;;;False;False;;False;True;Privates Wohnen;4256,312495372793;0,0;12,380199230287356;F;greenventory
243687683;True;Ortenaustraße 33;Elgersweier;Offenburg;77656;Wohngebäude;Mehrfamilienhaus (vor 1860);Vor 1919;Erdgasnetz;149;42998,768973248756;34786,004099358244;6175,0;11,32650499783138;;;;;;52437,52313810824;;;;11776,0;58716,97909896418;Gaskessel;Mittel;26043,719325222584;52437,52313810824;90,0;4;;;12954,0;;;Wohngebäude;5;4;2-8;Mehrfamilienhaus;;Privatgebäude - Geringer Wärmebedarf;;False;0,0;False;;;;;False;False;;False;True;Privates Wohnen;8212,764873890512;0,0;23,8882049851382;F;greenventory
243687684;True;Ortenaustraße 37;Elgersweier;Offenburg;77656;Wohngebäude;Ein-/Zweifamilienhaus (vor 1860);Vor 1919;Heizöl;252;20641,841708783188;16699,2499424056;3440,0;6,697130865516323;;;;;;;22935,379676425764;;;7826,0;14679,244774741044;Ölkessel;Hoch;14086,150554112186;22935,379676425764;90,0;1;;;8609,0;;;Wohngebäude;2;1;0-1;Einfamilienhaus;;Privatgebäude - Geringer Wärmebedarf;;False;0,0;False;;;;;False;False;;False;True;Privates Wohnen;3942,591766377589;0,0;11,467689838212882;H;greenventory
243687685;True;Ortenaustraße 35, 22675580;Elgersweier;Offenburg;77656;Wohngebäude;Mehrfamilienhaus (vor 1860);Vor 1919;Heizöl;149;60459,158003322955;48911,45882468827;9880,0;19,615637929967004;;;;;;;67176,8422259144;;;38637,0;132113,2029726694;Ölkessel;Mittel;36619,219091072984;67176,8422259144;90,0;9;;;42500,0;;;Wohngebäude;8;6;2-8;Mehrfamilienhaus;;Privatgebäude - Geringer Wärmebedarf;;False;0,0;False;;;;;False;False;;False;True;Privates Wohnen;11547,699178634684;0,0;33,5884211129572;F;greenventory
243687686;True;;Elgersweier;Offenburg;77656;Wohngebäude;Ein-/Zweifamilienhaus (nach 2015);2011 - 2019;Heizöl;65;4893,709085097883;3959,0106498441874;2050,0;1,587736725387313;;;;;;;5437,454538997647;;;6389,0;0,0;Ölkessel;Mittel;1978,2058422209416;5437,454538997647;35,0;0;;;7028,0;;;Wohngebäude;1;1;0-1;Einfamilienhaus;;Privatgebäude - Geringer Wärmebedarf;;False;0,0;False;;;;;False;False;;False;False;Privates Wohnen;934,6984352536956;0,0;2,965884293998717;B;greenventory
243687687;False;;Elgersweier;Offenburg;77656;Lager;;;;0;0,0;0,0;3745,0;0,0;;;;;;;;;;19974,0;88906,25612572726;;;0,0;0,0;;7;;;21972,0;;;Lager;;;Unbekannt;;;Privatgebäude - Geringer Wärmebedarf;;False;14348,820879127687;False;;;;;False;False;;False;False;GHD, Verkehr & Sonstige;0,0;0,0;0,0;;greenventory
243687688;True;Kirchstraße 20;Elgersweier;Offenburg;77656;Wohngebäude;Ein-/Zweifamilienhaus (nach 2015);2011 - 2019;Heizöl;65;14645,671079729824;11848,347903501428;4940,0;4,75170661697901;;;;;;;16272,96786636647;;;11472,0;63630,74611962914;Ölkessel;Mittel;5920,284918732215;16272,96786636647;35,0;6;;;12619,0;;;Wohngebäude;4;2;1-2;Einfamilienhaus;;Privatgebäude - Geringer Wärmebedarf;;False;0,0;False;;;;;False;False;;False;True;Privates Wohnen;2797,3231762283963;0,0;8,876164290745347;B;greenventory
243687689;True;Kirchstraße 16;Elgersweier;Offenburg;77656;Wohngebäude;Mehrfamilienhaus (nach 2015);2011 - 2019;Heizöl;68;20157,723021924092;16307,597924736592;7410,0;6,540061247113149;;;;;;;22397,4700243601;;;15109,0;0,0;Ölkessel;Mittel;11446,410700799912;22397,4700243601;35,0;0;;;16619,0;;;Wohngebäude;6;4;2-8;Mehrfamilienhaus;;Privatgebäude - Geringer Wärmebedarf;;False;0,0;False;;;;;False;False;;False;True;Privates Wohnen;3850,1250971875015;0,0;12,216801831469146;C;greenventory
243687705;True;Gartenstraße 21;Elgersweier;Offenburg;77656;Wohngebäude;Ein-/Zweifamilienhaus (1949 - 1957);1949 - 1978;Heizöl;165;32581,938946737464;26358,78860791061;4940,0;10,571029080497043;;;;;;;36202,15438526385;;;10952,0;27293,034733727796;Ölkessel;Mittel;17172,448125589905;36202,15438526385;80,0;2;;;12047,0;;;Wohngebäude;4;2;1-2;Einfamilienhaus;;Privatgebäude - Geringer Wärmebedarf;;False;0,0;False;;;;;False;False;;False;True;Privates Wohnen;6223,150338826856;0,0;18,101077192631923;F;greenventory
243687706;True;Gartenstraße 19;Elgersweier;Offenburg;77656;Wohngebäude;Mehrfamilienhaus (1958 - 1968);1949 - 1978;Heizöl;126;33946,69272361577;27462,87441340516;6175,0;11,013815861439785;;;;;;;37718,54747068419;;;10674,0;24514,746422263946;Ölkessel;Mittel;21706,462176595513;37718,54747068419;65,0;2;;;11742,0;;;Wohngebäude;5;4;2-8;Mehrfamilienhaus;;Privatgebäude - Geringer Wärmebedarf;;False;0,0;False;;;;;False;False;;False;True;Privates Wohnen;6483,818310210612;0,0;18,859273735342097;E;greenventory
243687707;True;;Elgersweier;Offenburg;77656;Wohngebäude;Ein-/Zweifamilienhaus (1949 - 1957);1949 - 1978;Heizöl;165;4779,570594898836;3866,6726112731585;2050,0;1,5507051263449558;;;;;;;5310,63399433204;;;0,0;27293,034733727796;Ölkessel;Mittel;2519,0928089844015;5310,63399433204;80,0;2;;;0,0;;;Wohngebäude;1;1;0-1;Einfamilienhaus;;Privatgebäude - Geringer Wärmebedarf;;False;0,0;False;;;;;False;False;;False;False;Privates Wohnen;912,8979836256777;0,0;2,65531699716602;F;greenventory
243687708;True;Gartenstraße 17;Elgersweier;Offenburg;77656;Wohngebäude;Ein-/Zweifamilienhaus (1969 - 1978);1949 - 1978;Heizöl;144;33154,423224512764;26821,92838863083;4940,0;10,75676842395303;;;;;;;36838,248027236405;;;12768,0;0,0;Ölkessel;Mittel;16847,562882296057;36838,248027236405;80,0;0;;;14045,0;;;Wohngebäude;4;2;1-2;Einfamilienhaus;;Privatgebäude - Geringer Wärmebedarf;;False;0,0;False;;;;;False;False;;False;True;Privates Wohnen;6332,494835881938;0,0;18,4191240136182;F;greenventory
243687709;True;Ortenaustraße 71;Elgersweier;Offenburg;77656;Wohngebäude;Ein-/Zweifamilienhaus (1958 - 1968);1949 - 1978;Erdgasnetz;160;22111,74725177473;17888,403526685757;4050,0;5,824557812662611;;;;;;26965,545428993573;;;;7670,0;81879,10420118339;Gaskessel;Mittel;10087,993188740751;26965,545428993573;80,0;6;;;8437,0;;;Wohngebäude;3;1;0-1;Einfamilienhaus;;Privatgebäude - Geringer Wärmebedarf;;False;0,0;False;;;;;False;False;;False;True;Privates Wohnen;4223,343725088974;0,0;12,284304028763739;F;greenventory
243687711;True;Am Kapellele 15;Elgersweier;Offenburg;77656;Wohngebäude;Mehrfamilienhaus (1984 - 1994);1979 - 1990;Heizöl;96;41054,636526324444;33213,200949796475;9880,0;13,319948739651931;;;;;;;45616,26280702716;;;16574,0;11588,965502735155;Ölkessel;Mittel;22224,08870519269;45616,26280702716;65,0;1;;;18231,0;;;Wohngebäude;8;6;2-8;Mehrfamilienhaus;;Privatgebäude - Geringer Wärmebedarf;;False;0,0;False;;;;;False;False;;False;True;Privates Wohnen;7841,435576527969;0,0;22,80813140351358;D;greenventory
243687712;True;Am Kapellele 13;Elgersweier;Offenburg;77656;Wohngebäude;Ein-/Zweifamilienhaus (1949 - 1957);1949 - 1978;Heizöl;165;30863,02033570847;24968,183451588153;4050,0;10,013335486696525;;;;;;;34292,24481745385;;;10374,0;24449,339994211812;Ölkessel;Mittel;16266,484833219234;34292,24481745385;80,0;2;;;11411,0;;;Wohngebäude;3;2;1-2;Einfamilienhaus;;Privatgebäude - Geringer Wärmebedarf;;False;0,0;False;;;;;False;False;;False;True;Privates Wohnen;5894,836884120317;0,0;17,146122408726928;F;greenventory
243687713;True;Am Kapellele 11;Elgersweier;Offenburg;77656;Wohngebäude;Mehrfamilienhaus (1969 - 1978);1949 - 1978;Heizöl;118;36536,321491442475;29557,884086576963;7410,0;11,85400652833467;;;;;;;40595,912768269416;;;12291,0;0,0;Ölkessel;Mittel;21380,884363161556;40595,912768269416;65,0;0;;;13520,0;;;Wohngebäude;6;4;2-8;Mehrfamilienhaus;;Privatgebäude - Geringer Wärmebedarf;;False;0,0;False;;;;;False;False;;False;True;Privates Wohnen;6978,437404865513;0,0;20,297956384134707;E;greenventory
243687714;True;Am Kapellele 9;Elgersweier;Offenburg;77656;Wohngebäude;Mehrfamilienhaus (1984 - 1994);1979 - 1990;Heizöl;96;43430,63543722293;35135,384068713356;11115,0;14,090828386298995;;;;;;;48256,261596914366;;;17533,0;81122,75851914608;Ölkessel;Mittel;23510,287172091572;48256,261596914366;65,0;7;;;19286,0;;;Wohngebäude;9;6;2-8;Mehrfamilienhaus;;Privatgebäude - Geringer Wärmebedarf;;False;0,0;False;;;;;False;False;;False;True;Privates Wohnen;8295,25136850958;0,0;24,128130798457185;D;greenventory
243687715;True;Am Kapellele 5;Elgersweier;Offenburg;77656;Wohngebäude;Ein-/Zweifamilienhaus (1958 - 1968);1949 - 1978;Heizöl;160;30010,66260176011;24278,62604482393;4940,0;9,736792755237724;;;;;;;33345,18066862234;;;7436,0;38707,07441299899;Ölkessel;Mittel;13691,697741880333;33345,18066862234;80,0;3;;;8179,0;;;Wohngebäude;4;2;1-2;Einfamilienhaus;;Privatgebäude - Geringer Wärmebedarf;;False;0,0;False;;;;;False;False;;False;True;Privates Wohnen;5732,036556936181;0,0;16,67259033431117;F;greenventory
243687716;True;Am Kapellele 10;Elgersweier;Offenburg;77656;Wohngebäude;Mehrfamilienhaus (1984 - 1994);1979 - 1990;Heizöl;96;39421,56224097854;31892,043852951643;9880,0;12,790106860406373;;;;;;;43801,73582330949;;;15915,0;0,0;Ölkessel;Mittel;21340,057305805567;43801,73582330949;65,0;0;;;17506,0;;;Wohngebäude;8;6;2-8;Mehrfamilienhaus;;Privatgebäude - Geringer Wärmebedarf;;False;0,0;False;;;;;False;False;;False;True;Privates Wohnen;7529,518388026901;0,0;21,900867911654746;D;greenventory
243687717;True;Am Kapellele 8;Elgersweier;Offenburg;77656;Wohngebäude;Ein-/Zweifamilienhaus (1958 - 1968);1949 - 1978;Heizöl;161;24258,339707320483;19624,99682322227;4050,0;7,8704835494862015;;;;;;;26953,710785911648;;;8415,0;0,0;Ölkessel;Mittel;11067,328282615332;26953,710785911648;80,0;0;;;9256,0;;;Wohngebäude;3;1;0-1;Einfamilienhaus;;Privatgebäude - Geringer Wärmebedarf;;False;0,0;False;;;;;False;False;;False;True;Privates Wohnen;4633,342884098212;0,0;13,476855392955825;F;greenventory
243687718;True;Am Kapellele 6;Elgersweier;Offenburg;77656;Wohngebäude;Mehrfamilienhaus (1958 - 1968);1949 - 1978;Heizöl;126;31978,721590206613;25870,78576647715;6175,0;10,375318560378146;;;;;;;35531,912878007344;;;14078,0;0,0;Ölkessel;Mittel;20448,08654278126;35531,912878007344;65,0;0;;;15485,0;;;Wohngebäude;5;4;2-8;Mehrfamilienhaus;;Privatgebäude - Geringer Wärmebedarf;;False;0,0;False;;;;;False;False;;False;True;Privates Wohnen;6107,935823729463;0,0;17,765956439003673;E;greenventory
243687719;True;;Elgersweier;Offenburg;77656;Wohngebäude;Ein-/Zweifamilienhaus (1958 - 1968);1949 - 1978;Heizöl;158;6339,479987557568;5128,639309934073;2050,0;2,056809062629789;;;;;;;7043,8666528417425;;;5498,0;12902,358137666331;Ölkessel;Mittel;2892,246831805934;7043,8666528417425;80,0;1;;;6047,0;;;Wohngebäude;1;1;0-1;Einfamilienhaus;;Privatgebäude - Geringer Wärmebedarf;;False;0,0;False;;;;;False;False;;False;False;Privates Wohnen;1210,8406776234956;0,0;3,5219333264208714;F;greenventory
243687720;True;Ortenaustraße 62;Elgersweier;Offenburg;77656;Wohngebäude;Mehrfamilienhaus (1958 - 1968);1949 - 1978;Erdgasnetz;126;36316,33724200397;29379,91682878121;6175,0;9,566254688137631;;;;;;44288,21614878533;;;;11419,0;98058,98568905579;Gaskessel;Mittel;23221,678976333627;44288,21614878533;65,0;8;;;12561,0;;;Wohngebäude;5;4;2-8;Mehrfamilienhaus;;Privatgebäude - Geringer Wärmebedarf;;False;0,0;False;;;;;False;False;;False;True;Privates Wohnen;6936,420413222758;0,0;20,175742912224425;E;greenventory
243687721;True;Am Kapellele 3a;Elgersweier;Offenburg;77656;Wohngebäude;Mehrfamilienhaus (1949 - 1957);1949 - 1978;Heizöl;133;36618,0280484654;29623,98469120851;6175,0;11,88051576683544;;;;;;;40686,69783162822;;;15251,0;24514,746422263946;Ölkessel;Mittel;21470,78405368379;40686,69783162822;65,0;2;;;16776,0;;;Wohngebäude;5;4;2-8;Mehrfamilienhaus;;Privatgebäude - Geringer Wärmebedarf;;False;0,0;False;;;;;False;False;;False;True;Privates Wohnen;6994,043357256892;0,0;20,34334891581411;E;greenventory
243687722;True;Ortenaustraße 60;Elgersweier;Offenburg;77656;Wohngebäude;Ein-/Zweifamilienhaus (1969 - 1978);1949 - 1978;Heizöl;144;33010,17765058718;26705,23371932503;4940,0;10,709968748857174;;;;;;;36677,97516731909;;;9080,0;13646,517366863898;Ölkessel;Mittel;16774,26387296787;36677,97516731909;80,0;1;;;9988,0;;;Wohngebäude;4;2;1-2;Einfamilienhaus;;Privatgebäude - Geringer Wärmebedarf;;False;0,0;False;;;;;False;False;;False;True;Privates Wohnen;6304,943931262152;0,0;18,338987583659545;F;greenventory
243687723;True;Am Kapellele 3;Elgersweier;Offenburg;77656;Wohngebäude;Ein-/Zweifamilienhaus (1958 - 1968);1949 - 1978;Heizöl;160;25558,36003216253;20676,713266019487;4050,0;8,292267921546065;;;;;;;28398,17781351392;;;8866,0;12700,89373224675;Ölkessel;Mittel;11660,433659268843;28398,17781351392;80,0;1;;;9752,0;;;Wohngebäude;3;1;0-1;Einfamilienhaus;;Privatgebäude - Geringer Wärmebedarf;;False;0,0;False;;;;;False;False;;False;True;Privates Wohnen;4881,646766143043;0,0;14,19908890675696;F;greenventory
243687724;True;Am Kapellele 1;Elgersweier;Offenburg;77656;Wohngebäude;Ein-/Zweifamilienhaus (1958 - 1968);1949 - 1978;Heizöl;160;35129,7887560074;28419,99910360999;4940,0;11,397664796393514;;;;;;;39033,098617786;;;12186,0;27293,034733727796;Ölkessel;Mittel;16027,185262985498;39033,098617786;80,0;2;;;13404,0;;;Wohngebäude;4;2;1-2;Einfamilienhaus;;Privatgebäude - Geringer Wärmebedarf;;False;0,0;False;;;;;False;False;;False;True;Privates Wohnen;6709,789652397414;0,0;19,516549308893;F;greenventory
243687725;True;Am Kapellele 4;Elgersweier;Offenburg;77656;Wohngebäude;Mehrfamilienhaus (1984 - 1994);1979 - 1990;Heizöl;96;31638,34174258476;25595,418469751072;7410,0;10,264884209816389;;;;;;;35153,7130473164;;;12772,0;0,0;Ölkessel;Mittel;17126,769906282127;35153,7130473164;65,0;0;;;14050,0;;;Wohngebäude;6;5;2-8;Mehrfamilienhaus;;Privatgebäude - Geringer Wärmebedarf;;False;0,0;False;;;;;False;False;;False;True;Privates Wohnen;6042,923272833689;0,0;17,5768565236582;D;greenventory
243687726;True;;Elgersweier;Offenburg;77656;Wohngebäude;Ein-/Zweifamilienhaus (1860 - 1918);Vor 1919;Stromnetz;185;6101,501547795461;4936,114752166528;2050,0;0,5117388394925226;;;;;;;;;1968,2263057404714;0,0;0,0;Elektrische Luftwärmepumpe;Mittel;3551,0666110899;1968,2263057404714;90,0;0;;;0,0;;;Wohngebäude;1;1;0-1;Einfamilienhaus;;Privatgebäude - Geringer Wärmebedarf;Wärmepumpe;False;0,0;False;;;;;False;False;;False;False;Privates Wohnen;1165,3867956289332;0,0;3,3897230821085897;B;greenventory
243687727;True;Am Kapellele 2;Elgersweier;Offenburg;77656;Wohngebäude;Mehrfamilienhaus (1984 - 1994);1979 - 1990;Stromnetz;96;34363,199651657575;27799,82851819098;8645,0;2,882074809493861;;;;;;;;;11084,903113437927;13872,0;53609,56002387105;Elektrische Luftwärmepumpe;Mittel;18601,816064380502;11084,903113437927;65,0;4;;;15260,0;;;Wohngebäude;7;5;2-8;Mehrfamilienhaus;;Privatgebäude - Geringer Wärmebedarf;Wärmepumpe;False;0,0;False;;;;;False;False;;False;True;Privates Wohnen;6563,371133466597;0,0;19,0906664731431;A;greenventory
243687728;True;Ortenaustraße 58;Elgersweier;Offenburg;77656;Wohngebäude;Mehrfamilienhaus (1969 - 1978);1949 - 1978;Stromnetz;118;48861,75805527083;39529,162266714105;9880,0;4,098082933667876;;;;;;;;;15761,857437184139;16437,0;50803,574928987;Elektrische Luftwärmepumpe;Mittel;28593,67216278777;15761,857437184139;65,0;4;;;18081,0;;;Wohngebäude;8;6;2-8;Mehrfamilienhaus;;Privatgebäude - Geringer Wärmebedarf;Wärmepumpe;False;0,0;False;;;;;False;False;;False;True;Privates Wohnen;9332,59578855673;0,0;27,145421141817128;A;greenventory
243687729;True;Ortenaustraße 65;Elgersweier;Offenburg;77656;Wohngebäude;Mehrfamilienhaus (1949 - 1957);1949 - 1978;Heizöl;133;32094,696048087662;25964,60910290292;6175,0;10,41294582893511;;;;;;;35660,77338676407;;;9548,0;12257,373211131973;Ölkessel;Mittel;18818,552632191444;35660,77338676407;65,0;1;;;10503,0;;;Wohngebäude;5;3;2-8;Mehrfamilienhaus;;Privatgebäude - Geringer Wärmebedarf;;False;0,0;False;;;;;False;False;;False;True;Privates Wohnen;6130,086945184744;0,0;17,830386693382035;E;greenventory
243687730;True;Gartenstraße 15;Elgersweier;Offenburg;77656;Wohngebäude;Mehrfamilienhaus (1969 - 1978);1949 - 1978;Heizöl;118;35792,920815749065;28956,472939940995;7410,0;11,612814309109694;;;;;;;39769,91201749896;;;12041,0;0,0;Ölkessel;Mittel;20945,849766528183;39769,91201749896;65,0;0;;;13245,0;;;Wohngebäude;6;4;2-8;Mehrfamilienhaus;;Privatgebäude - Geringer Wärmebedarf;;False;0,0;False;;;;;False;False;;False;True;Privates Wohnen;6836,447875808071;0,0;19,88495600874948;E;greenventory
243687731;True;Gartenstraße 13;Elgersweier;Offenburg;77656;Wohngebäude;Ein-/Zweifamilienhaus (1949 - 1957);1949 - 1978;Heizöl;166;32642,606079313915;26407,868318164958;4940,0;10,590712194621847;;;;;;;36269,562310348796;;;10972,0;12929,742736924178;Ölkessel;Mittel;17204,422993285792;36269,562310348796;80,0;1;;;12069,0;;;Wohngebäude;4;2;1-2;Einfamilienhaus;;Privatgebäude - Geringer Wärmebedarf;;False;0,0;False;;;;;False;False;;False;True;Privates Wohnen;6234,737761148958;0,0;18,134781155174398;F;greenventory
243687732;True;Gartenstraße 18;Elgersweier;Offenburg;77656;Wohngebäude;Ein-/Zweifamilienhaus (1969 - 1978);1949 - 1978;Heizöl;144;29083,530088952557;23528,57584196262;4940,0;9,435989762193497;;;;;;;32315,033432169508;;;11200,0;27293,034733727796;Ölkessel;Mittel;14778,9210113752;32315,033432169508;80,0;2;;;12320,0;;;Wohngebäude;4;2;1-2;Einfamilienhaus;;Privatgebäude - Geringer Wärmebedarf;;False;0,0;False;;;;;False;False;;False;True;Privates Wohnen;5554,954246989939;0,0;16,157516716084753;F;greenventory
243687733;True;Gartenstraße 11;Elgersweier;Offenburg;77656;Wohngebäude;Ein-/Zweifamilienhaus (1958 - 1968);1949 - 1978;Heizöl;160;36909,45209995286;29859,746748861868;4940,0;11,975066681318038;;;;;;;41010,50233328096;;;9145,0;27293,034733727796;Ölkessel;Mittel;16839,117105709163;41010,50233328096;80,0;2;;;10059,0;;;Wohngebäude;4;2;1-2;Einfamilienhaus;;Privatgebäude - Geringer Wärmebedarf;;False;0,0;False;;;;;False;False;;False;True;Privates Wohnen;7049,705351090996;0,0;20,505251166640477;F;greenventory
243687734;True;Gartenstraße 16;Elgersweier;Offenburg;77656;Wohngebäude;Mehrfamilienhaus (1919 - 1948);1919 - 1948;Heizöl;133;62738,00601392547;50755,04686526571;11115,0;20,354997506740265;;;;;;;69708,8955710283;;;19054,0;49029,49284452789;Ölkessel;Mittel;36786,962507448334;69708,8955710283;65,0;4;;;20960,0;;;Wohngebäude;9;7;2-8;Mehrfamilienhaus;;Privatgebäude - Geringer Wärmebedarf;;False;0,0;False;;;;;False;False;;False;True;Privates Wohnen;11982,959148659766;0,0;34,854447785514154;E;greenventory
243687735;True;Gartenstraße 14;Elgersweier;Offenburg;77656;Wohngebäude;Mehrfamilienhaus (1984 - 1994);1979 - 1990;Stromnetz;96;31388,825872472917;25393,560130830592;7410,0;8,161094726842958;;;;;;;;;31388,825872472917;12672,0;12257,373211131973;Elektroheizung;Mittel;16991,699587801453;31388,825872472917;65,0;1;;;13939,0;;;Wohngebäude;6;5;2-8;Mehrfamilienhaus;;Privatgebäude - Geringer Wärmebedarf;Nachtspeicherheizung;False;0,0;False;;;;;False;False;;False;True;Privates Wohnen;5995,265741642327;0,0;17,43823659581829;C;greenventory
243687736;True;Gartenstraße 9;Elgersweier;Offenburg;77656;Wohngebäude;Mehrfamilienhaus (1919 - 1948);1919 - 1948;Heizöl;133;41493,68376432342;33568,390165337645;7410,0;13,462395176869375;;;;;;;46104,09307147047;;;17643,0;49029,49284452789;Ölkessel;Mittel;24330,173780073186;46104,09307147047;65,0;4;;;19407,0;;;Wohngebäude;6;4;2-8;Mehrfamilienhaus;;Privatgebäude - Geringer Wärmebedarf;;False;0,0;False;;;;;False;False;;False;True;Privates Wohnen;7925,293598985773;0,0;23,052046535735233;E;greenventory
243687737;True;Gartenstraße 12;Elgersweier;Offenburg;77656;Wohngebäude;Mehrfamilienhaus (1919 - 1948);1919 - 1948;Heizöl;132;47532,14534888063;38453,50558724443;8645,0;15,421540490970159;;;;;;;52813,494832089586;;;14436,0;61286,86605565986;Ölkessel;Mittel;27870,87700013516;52813,494832089586;65,0;5;;;15880,0;;;Wohngebäude;7;5;2-8;Mehrfamilienhaus;;Privatgebäude - Geringer Wärmebedarf;;False;0,0;False;;;;;False;False;;False;True;Privates Wohnen;9078,639761636201;0,0;26,406747416044794;E;greenventory
243687738;True;Schwarzwaldblick 2;Elgersweier;Offenburg;77656;Wohngebäude;Mehrfamilienhaus (1949 - 1957);1949 - 1978;Heizöl;134;49011,149689599915;39650,020098886336;8645,0;15,90139523262575;;;;;;;54456,83298844435;;;14580,0;12257,373211131973;Ölkessel;Mittel;28737,424358717522;54456,83298844435;65,0;1;;;16039,0;;;Wohngebäude;7;5;2-8;Mehrfamilienhaus;;Privatgebäude - Geringer Wärmebedarf;;False;0,0;False;;;;;False;False;;False;True;Privates Wohnen;9361,129590713585;0,0;27,228416494222174;E;greenventory
243687739;True;Schwarzwaldblick 1;Elgersweier;Offenburg;77656;Wohngebäude;Mehrfamilienhaus (1958 - 1968);1949 - 1978;Heizöl;126;73486,8233503613;59450,840090442296;13585,0;23,842391575894997;;;;;;;81652,02594484588;;;23107,0;24514,746422263946;Ölkessel;Mittel;46989,524561934115;81652,02594484588;65,0;2;;;25418,0;;;Wohngebäude;11;8;2-8;Mehrfamilienhaus;;Privatgebäude - Geringer Wärmebedarf;;False;0,0;False;;;;;False;False;;False;True;Privates Wohnen;14035,983259919009;0,0;40,826012972422944;E;greenventory
243687740;True;Ortenaustraße 22935385;Elgersweier;Offenburg;77656;Büro und Verwaltung;;Vor 1919;Erdgasnetz;64;24413,536122070407;22948,723954746183;18132,0;6,4308826858136685;;;;;;29772,60502691513;;;;36279,0;48463,647484057125;Gaskessel;Mittel;9033,008365166052;29772,60502691513;75,0;4;;;39907,0;;;Büro (Unternehmen);;;Unbekannt;;;Privatgebäude - Geringer Wärmebedarf;;False;14778,98503176486;False;;;;;False;False;;False;True;GHD, Verkehr & Sonstige;1220,6768061035204;244,13536122070408;14,360903601217887;;greenventory
243687741;True;Ortenaustraße 56;Elgersweier;Offenburg;77656;Wohngebäude;Mehrfamilienhaus (1984 - 1994);1979 - 1990;Stromnetz;96;23455,1849343472;18975,244611886887;6175,0;1,4874019714464077;;;;;;;;;5720,776813255415;13256,0;0,0;Elektrische Erdwärmepumpe;Mittel;12696,985156436358;5720,776813255415;65,0;0;;;14582,0;;;Wohngebäude;5;4;2-8;Mehrfamilienhaus;;Privatgebäude - Geringer Wärmebedarf;Wärmepumpe;False;0,0;False;;;;;False;False;;False;True;Privates Wohnen;4479,940322460315;0,0;13,030658296859555;A+;greenventory
243687742;True;Ortenaustraße 56a;Elgersweier;Offenburg;77656;Büro und Verwaltung;;Vor 1919;Erdgasnetz;64;6574,992298577722;6180,492760663058;4883,0;1,7319491908448637;;;;;;8018,283290948442;;;;9770,0;0,0;Gaskessel;Mittel;2432,7471504737578;8018,283290948442;75,0;0;;;10748,0;;;Büro (allgemein);;;Unbekannt;;;Privatgebäude - Geringer Wärmebedarf;;False;3980,239170547846;False;;;;;False;False;;False;True;GHD, Verkehr & Sonstige;328,7496149288861;65,74992298577722;3,867642528575131;;greenventory
243687743;True;Ortenaustraße 54;Elgersweier;Offenburg;77656;Wohngebäude;Apartmentblock (1949 - 1957);1949 - 1978;Erdgasnetz;97;107620,82294008227;87065,24575852657;25935,0;28,34889970128997;;;;;;131244,9060244906;;;;61798,0;0,0;Gaskessel;Mittel;61703,43942225911;131244,9060244906;65,0;0;;;67978,0;;;Wohngebäude;21;17;8-20;Appartementblock;;Privatgebäude - Mittlerer Wärmebedarf;;False;0,0;False;;;;;False;False;;False;True;Privates Wohnen;20555,577181555716;0,0;59,78934607782349;D;greenventory
243687744;True;Ortenaustraße 52;Elgersweier;Offenburg;77656;Wohngebäude;Ein-/Zweifamilienhaus (1984 - 1994);1991 - 2000;Heizöl;114;18778,19929934106;15191,563233166919;4050,0;6,092482439341767;;;;;;;20864,665888156735;;;8671,0;0,0;Ölkessel;Mittel;8288,540328776759;20864,665888156735;55,0;0;;;9538,0;;;Wohngebäude;3;1;0-1;Einfamilienhaus;;Privatgebäude - Geringer Wärmebedarf;;False;0,0;False;;;;;False;False;;False;True;Privates Wohnen;3586,636066174143;0,0;10,432332944078366;D;greenventory
243687745;True;Ortenaustraße 57;Elgersweier;Offenburg;77656;Wohngebäude;Ein-/Zweifamilienhaus (1995 - 2001);1991 - 2000;Erdgasnetz;98;21419,27946719059;17328,19708895719;4940,0;5,642151664528254;;;;;;26121,072520964135;;;;11512,0;11831,799848856215;Gaskessel;Mittel;7857,60788310247;26121,072520964135;55,0;1;;;12663,0;;;Wohngebäude;4;2;1-2;Einfamilienhaus;;Privatgebäude - Geringer Wärmebedarf;;False;0,0;False;;;;;False;False;;False;True;Privates Wohnen;4091,082378233403;0,0;11,899599703994772;D;greenventory
243687746;True;Ortenaustraße 55;Elgersweier;Offenburg;77656;Wohngebäude;Mehrfamilienhaus (1969 - 1978);1949 - 1978;Heizöl;118;39972,90537715329;32338,080450117017;7410,0;12,968987077920847;;;;;;;44414,3393079481;;;13447,0;0,0;Ölkessel;Mittel;23391,95717140519;44414,3393079481;65,0;0;;;14792,0;;;Wohngebäude;6;5;2-8;Mehrfamilienhaus;;Privatgebäude - Geringer Wärmebedarf;;False;0,0;False;;;;;False;False;;False;True;Privates Wohnen;7634,824927036279;0,0;22,207169653974052;E;greenventory
243687747;True;;Elgersweier;Offenburg;77656;Wohngebäude;Ein-/Zweifamilienhaus (1969 - 1978);1949 - 1978;Heizöl;144;8365,11325770876;6767,376625486387;2050,0;2,714014523612175;;;;;;;9294,570286343065;;;8054,0;27293,034733727796;Ölkessel;Mittel;4250,768311438416;9294,570286343065;80,0;2;;;8859,0;;;Wohngebäude;1;1;0-1;Einfamilienhaus;;Privatgebäude - Geringer Wärmebedarf;;False;0,0;False;;;;;False;False;;False;False;Privates Wohnen;1597,736632222373;0,0;4,6472851431715325;F;greenventory
243687748;True;Ortenaustraße 51;Elgersweier;Offenburg;77656;Wohngebäude;Mehrfamilienhaus (1958 - 1968);1949 - 1978;Heizöl;126;33208,01837502276;26865,286865393413;6175,0;10,774157072785162;;;;;;;36897,79819446973;;;10442,0;98058,98568905579;Ölkessel;Mittel;21234,133194826954;36897,79819446973;65,0;8;;;11486,0;;;Wohngebäude;5;4;2-8;Mehrfamilienhaus;;Privatgebäude - Geringer Wärmebedarf;;False;0,0;False;;;;;False;False;;False;True;Privates Wohnen;6342,731509629347;0,0;18,448899097234865;E;greenventory
243687749;True;;Elgersweier;Offenburg;77656;Wohngebäude;Ein-/Zweifamilienhaus (1958 - 1968);1949 - 1978;Heizöl;161;11557,45809544574;9349,983599215604;2050,0;3,7497530709668396;;;;;;;12841,620106050821;;;6682,0;13646,517366863898;Ölkessel;Mittel;5272,833359501041;12841,620106050821;80,0;1;;;7350,0;;;Wohngebäude;1;1;0-1;Einfamilienhaus;;Privatgebäude - Geringer Wärmebedarf;;False;0,0;False;;;;;False;False;;False;False;Privates Wohnen;2207,4744962301365;0,0;6,420810053025411;F;greenventory
243687750;True;Ortenaustraße 63;Elgersweier;Offenburg;77656;Wohngebäude;Mehrfamilienhaus (1979 - 1983);1979 - 1990;Erdgasnetz;109;34754,43676006779;28116,339338894843;7410,0;9,154827244115419;;;;;;42383,459463497304;;;;12328,0;12257,373211131973;Gaskessel;Mittel;20836,58593393806;42383,459463497304;65,0;1;;;13560,0;;;Wohngebäude;6;5;2-8;Mehrfamilienhaus;;Privatgebäude - Geringer Wärmebedarf;;False;0,0;False;;;;;False;False;;False;True;Privates Wohnen;6638,097421172947;0,0;19,308020422259883;E;greenventory
243687751;True;;Elgersweier;Offenburg;77656;Wohngebäude;Ein-/Zweifamilienhaus (1949 - 1957);1949 - 1978;Heizöl;165;11389,762012428575;9214,317468054718;2050,0;3,695345008476827;;;;;;;12655,291124920639;;;6381,0;13646,517366863898;Ölkessel;Mittel;6003,022031346273;12655,291124920639;80,0;1;;;7019,0;;;Wohngebäude;1;1;0-1;Einfamilienhaus;;Privatgebäude - Geringer Wärmebedarf;;False;0,0;False;;;;;False;False;;False;False;Privates Wohnen;2175,4445443738578;0,0;6,32764556246032;F;greenventory
243687752;True;Am Spitzgarten 2a;Elgersweier;Offenburg;77656;Wohngebäude;Mehrfamilienhaus (1949 - 1957);1949 - 1978;Heizöl;133;107247,48640870272;86763,21650464051;18525,0;34,795851145934655;;;;;;;119163,87378744746;;;31905,0;12257,373211131973;Ölkessel;Mittel;62883,987579395194;119163,87378744746;65,0;1;;;35096,0;;;Wohngebäude;15;11;8-20;Mehrfamilienhaus;;Privatgebäude - Mittlerer Wärmebedarf;;False;0,0;False;;;;;False;False;;False;True;Privates Wohnen;20484,26990406222;0,0;59,581936893723736;E;greenventory
243687753;True;Am Spitzgarten 4;Elgersweier;Offenburg;77656;Wohngebäude;Mehrfamilienhaus (1979 - 1983);1979 - 1990;Heizöl;109;28688,744653921713;23209,194425022666;6175,0;9,307903821050155;;;;;;;31876,382948801904;;;14247,0;24514,746422263946;Ölkessel;Mittel;17199,976435960514;31876,382948801904;65,0;2;;;15671,0;;;Wohngebäude;5;4;2-8;Mehrfamilienhaus;;Privatgebäude - Geringer Wärmebedarf;;False;0,0;False;;;;;False;False;;False;True;Privates Wohnen;5479,550228899047;0,0;15,938191474400952;D;greenventory
243687754;True;Am Spitzgarten 2;Elgersweier;Offenburg;77656;Wohngebäude;Mehrfamilienhaus (1958 - 1968);1949 - 1978;Erdgasnetz;126;44146,00023389438;35714,114189220556;8645,0;11,628702500635594;;;;;;53836,58565109071;;;;13881,0;12257,373211131973;Gaskessel;Mittel;28228,183880144963;53836,58565109071;65,0;1;;;15269,0;;;Wohngebäude;7;5;2-8;Mehrfamilienhaus;;Privatgebäude - Geringer Wärmebedarf;;False;0,0;False;;;;;False;False;;False;True;Privates Wohnen;8431,886044673827;0,0;24,52555568549688;E;greenventory
243687755;True;Am Spitzgarten 1;Elgersweier;Offenburg;77656;Wohngebäude;Ein-/Zweifamilienhaus (1958 - 1968);1949 - 1978;Heizöl;160;37436,993187647604;30286,527488806914;4940,0;12,146224456436778;;;;;;;41596,659097386226;;;12986,0;81879,10420118339;Ölkessel;Mittel;17079,79600090675;41596,659097386226;80,0;6;;;14285,0;;;Wohngebäude;4;2;1-2;Einfamilienhaus;;Privatgebäude - Geringer Wärmebedarf;;False;0,0;False;;;;;False;False;;False;True;Privates Wohnen;7150,465698840692;0,0;20,798329548693115;F;greenventory
243687756;True;Am Spitzgarten 6;Elgersweier;Offenburg;77656;Wohngebäude;Ein-/Zweifamilienhaus (1969 - 1978);1949 - 1978;Heizöl;144;24669,044252714437;19957,25680044598;4050,0;8,003734357547351;;;;;;;27410,04916968271;;;9500,0;68232,58683431949;Ölkessel;Mittel;12535,681030531889;27410,04916968271;80,0;5;;;10450,0;;;Wohngebäude;3;1;0-1;Einfamilienhaus;;Privatgebäude - Geringer Wärmebedarf;;False;0,0;False;;;;;False;False;;False;True;Privates Wohnen;4711,787452268458;0,0;13,705024584841354;F;greenventory
243687757;True;Am Spitzgarten 3;Elgersweier;Offenburg;77656;Wohngebäude;Mehrfamilienhaus (1949 - 1957);1949 - 1978;Heizöl;134;35528,64685975158;28742,675309539027;6175,0;11,527072092274956;;;;;;;39476,27428861286;;;10570,0;0,0;Ölkessel;Mittel;20832,031245256683;39476,27428861286;65,0;0;;;11626,0;;;Wohngebäude;5;4;2-8;Mehrfamilienhaus;;Privatgebäude - Geringer Wärmebedarf;;False;0,0;False;;;;;False;False;;False;True;Privates Wohnen;6785,971550212552;0,0;19,73813714430643;E;greenventory
243687758;True;Am Spitzgarten 8;Elgersweier;Offenburg;77656;Wohngebäude;Mehrfamilienhaus (1949 - 1957);1949 - 1978;Heizöl;133;77806,41928432113;62945,3932010158;13585,0;25,243860478913078;;;;;;;86451,57698257903;;;23147,0;49029,49284452789;Ölkessel;Mittel;45621,376012738285;86451,57698257903;65,0;4;;;25462,0;;;Wohngebäude;11;8;2-8;Mehrfamilienhaus;;Privatgebäude - Geringer Wärmebedarf;;False;0,0;False;;;;;False;False;;False;True;Privates Wohnen;14861,026083305336;0,0;43,22578849128952;E;greenventory
243687759;True;Am Spitzgarten 5;Elgersweier;Offenburg;77656;Wohngebäude;Ein-/Zweifamilienhaus (1969 - 1978);1949 - 1978;Heizöl;144;32501,059581277208;26293,357201253264;4940,0;10,544788219703271;;;;;;;36112,288423641345;;;12516,0;64648,71368462088;Ölkessel;Mittel;16515,553334433418;36112,288423641345;80,0;5;;;13768,0;;;Wohngebäude;4;2;1-2;Einfamilienhaus;;Privatgebäude - Geringer Wärmebedarf;;False;0,0;False;;;;;False;False;;False;True;Privates Wohnen;6207,702380023947;0,0;18,056144211820673;F;greenventory
243687760;True;Gartenstraße 8;Elgersweier;Offenburg;77656;Wohngebäude;Mehrfamilienhaus (1969 - 1978);1949 - 1978;Heizöl;118;33689,81197991462;27255,05789175093;6175,0;10,930472331261189;;;;;;;37433,12442212736;;;11333,0;0,0;Ölkessel;Mittel;19715,120317405846;37433,12442212736;65,0;0;;;12467,0;;;Wohngebäude;5;4;2-8;Mehrfamilienhaus;;Privatgebäude - Geringer Wärmebedarf;;False;0,0;False;;;;;False;False;;False;True;Privates Wohnen;6434,754088163693;0,0;18,71656221106368;E;greenventory
243687761;True;Gartenstraße 6;Elgersweier;Offenburg;77656;Wohngebäude;Mehrfamilienhaus (1949 - 1957);1949 - 1978;Stromnetz;133;33896,50789727234;27422,274888893327;6175,0;2,84293292041639;;;;;;;;;10934,357386216885;14118,0;49029,49284452789;Elektrische Luftwärmepumpe;Mittel;19875,035331587766;10934,357386216885;65,0;4;;;15529,0;;;Wohngebäude;5;4;2-8;Mehrfamilienhaus;;Privatgebäude - Geringer Wärmebedarf;Wärmepumpe;False;0,0;False;;;;;False;False;;False;True;Privates Wohnen;6474,2330083790175;0,0;18,831393276262414;A;greenventory
243687762;True;Gartenstraße 7;Elgersweier;Offenburg;77656;Wohngebäude;Apartmentblock (1969 - 1978);1949 - 1978;Heizöl;93;86190,8976127426;69728,43616870877;20995,0;27,964157892134264;;;;;;;95767,66401415844;;;51419,0;24514,746422263946;Ölkessel;Mittel;54919,63970588627;95767,66401415844;65,0;2;;;56561,0;;;Wohngebäude;17;14;8-20;Appartementblock;;Privatgebäude - Geringer Wärmebedarf;;False;0,0;False;;;;;False;False;;False;True;Privates Wohnen;16462,461444033837;0,0;47,88383200707922;D;greenventory
243687763;True;;Elgersweier;Offenburg;77656;Wohngebäude;Ein-/Zweifamilienhaus (1969 - 1978);1949 - 1978;Heizöl;145;20537,660653506067;16614,96746868641;4050,0;6,6633299009153015;;;;;;;22819,622948340075;;;13182,0;0,0;Ölkessel;Mittel;10436,300670113254;22819,622948340075;80,0;0;;;14500,0;;;Wohngebäude;3;1;0-1;Einfamilienhaus;;Privatgebäude - Geringer Wärmebedarf;;False;0,0;False;;;;;False;False;;False;False;Privates Wohnen;3922,693184819659;0,0;11,409811474170038;F;greenventory
243687764;True;Gartenstraße 5;Elgersweier;Offenburg;77656;Wohngebäude;Ein-/Zweifamilienhaus (1984 - 1994);1991 - 2000;Heizöl;114;21736,26297012136;17584,63674282818;4940,0;7,052209763639374;;;;;;;24151,403300134843;;;10037,0;12476,81986125485;Ölkessel;Mittel;9594,204926298218;24151,403300134843;55,0;1;;;11041,0;;;Wohngebäude;4;2;1-2;Einfamilienhaus;;Privatgebäude - Geringer Wärmebedarf;;False;0,0;False;;;;;False;False;;False;True;Privates Wohnen;4151,62622729318;0,0;12,075701650067423;D;greenventory
243687765;True;Gartenstraße 4;Elgersweier;Offenburg;77656;Wohngebäude;Mehrfamilienhaus (1958 - 1968);1949 - 1978;Heizöl;126;51630,083315685915;41768,73740238991;9880,0;16,751093697978096;;;;;;;57366,759239651015;;;16235,0;12257,373211131973;Ölkessel;Mittel;33013,71535044316;57366,759239651015;65,0;1;;;17858,0;;;Wohngebäude;8;6;2-8;Mehrfamilienhaus;;Privatgebäude - Geringer Wärmebedarf;;False;0,0;False;;;;;False;False;;False;True;Privates Wohnen;9861,34591329601;0,0;28,68337961982551;E;greenventory
243687766;True;Gartenstraße 2;Elgersweier;Offenburg;77656;Wohngebäude;Mehrfamilienhaus (1969 - 1978);1949 - 1978;Heizöl;118;46068,45794320315;37269,38247605135;8645,0;14,946655243794801;;;;;;;51187,17549244795;;;15498,0;67011,9500298388;Ölkessel;Mittel;26959,046008599984;51187,17549244795;65,0;5;;;17048,0;;;Wohngebäude;7;6;2-8;Mehrfamilienhaus;;Privatgebäude - Geringer Wärmebedarf;;False;0,0;False;;;;;False;False;;False;True;Privates Wohnen;8799,075467151803;0,0;25,593587746223974;E;greenventory
243687767;True;Kirchstraße 39;Elgersweier;Offenburg;77656;Wohngebäude;Mehrfamilienhaus (1995 - 2001);1991 - 2000;Heizöl;84;39266,89578563644;31766,918690579885;11115,0;12,739926188228713;;;;;;;43629,884206262715;;;17480,0;11423,10589500015;Ölkessel;Mittel;19631,146280809473;43629,884206262715;55,0;1;;;19228,0;;;Wohngebäude;9;7;2-8;Mehrfamilienhaus;;Privatgebäude - Geringer Wärmebedarf;;False;0,0;False;;;;;False;False;;False;True;Privates Wohnen;7499,977095056561;0,0;21,814942103131358;C;greenventory
243687768;True;Kirchstraße 37a;Elgersweier;Offenburg;77656;Wohngebäude;Ein-/Zweifamilienhaus (vor 1860);Vor 1919;Erdgasnetz;251;28375,762379577347;22955,991765078074;3440,0;7,474591065839887;;;;;;34604,58826777725;;;;10758,0;0,0;Gaskessel;Hoch;19363,837132631576;34604,58826777725;90,0;0;;;11834,0;;;Wohngebäude;2;1;0-1;Einfamilienhaus;;Privatgebäude - Geringer Wärmebedarf;;False;0,0;False;;;;;False;False;;False;True;Privates Wohnen;5419,7706144992735;0,0;15,764312433098526;H;greenventory
243687769;True;Kirchstraße 27;Elgersweier;Offenburg;77656;Wohngebäude;Ein-/Zweifamilienhaus (1919 - 1948);1919 - 1948;Heizöl;179;40939,73827117342;33120,248261379296;4940,0;13,282670639091819;;;;;;;45488,598079081574;;;12878,0;90508,19915846924;Ölkessel;Mittel;25348,32698153621;45488,598079081574;80,0;7;;;14166,0;;;Wohngebäude;4;2;1-2;Einfamilienhaus;;Privatgebäude - Geringer Wärmebedarf;;False;0,0;False;;;;;False;False;;False;True;Privates Wohnen;7819,490009794123;0,0;22,74429903954079;F;greenventory
243687770;True;Am Spitzgarten 10;Elgersweier;Offenburg;77656;Wohngebäude;Mehrfamilienhaus (1949 - 1957);1949 - 1978;Holzpellets;133;66341,31108467054;53670,12066749847;11115,0;1,4048748229694938;;;;78048,60127608299;;;;;;19736,0;49029,49284452789;Pelletheizung;Mittel;38898,87140432495;78048,60127608299;65,0;4;;;21710,0;;;Wohngebäude;9;7;2-8;Mehrfamilienhaus;;Privatgebäude - Geringer Wärmebedarf;;False;0,0;False;;;;;False;False;;False;True;Privates Wohnen;12671,190417172073;0,0;36,856283935928076;E;greenventory
243687771;True;Am Spitzgarten 7;Elgersweier;Offenburg;77656;Wohngebäude;Mehrfamilienhaus (1979 - 1983);1979 - 1990;Heizöl;109;28208,846424074636;22820,956757076383;6175,0;9,15220350647755;;;;;;;31343,162693416263;;;14008,0;24514,746422263946;Ölkessel;Mittel;16912,259481294095;31343,162693416263;65,0;2;;;15409,0;;;Wohngebäude;5;4;2-8;Mehrfamilienhaus;;Privatgebäude - Geringer Wärmebedarf;;False;0,0;False;;;;;False;False;;False;True;Privates Wohnen;5387,889666998256;0,0;15,67158134670813;D;greenventory
243687772;True;Am Spitzgarten 12;Elgersweier;Offenburg;77656;Wohngebäude;Ein-/Zweifamilienhaus (1969 - 1978);1949 - 1978;Heizöl;144;21053,18033724315;17032,022892829707;4050,0;6,830587398305555;;;;;;;23392,42259693683;;;8108,0;0,0;Ölkessel;Mittel;10698,26421657605;23392,42259693683;80,0;0;;;8919,0;;;Wohngebäude;3;1;0-1;Einfamilienhaus;;Privatgebäude - Geringer Wärmebedarf;;False;0,0;False;;;;;False;False;;False;True;Privates Wohnen;4021,1574444134417;0,0;11,696211298468416;F;greenventory
243687773;True;Am Spitzgarten 9;Elgersweier;Offenburg;77656;Wohngebäude;Ein-/Zweifamilienhaus (1969 - 1978);1949 - 1978;Stromnetz;145;19979,050671325553;16163,051993102374;4050,0;5,194553174544644;;;;;;;;;19979,050671325553;7694,0;27293,034733727796;Elektroheizung;Mittel;10152,44060300443;19979,050671325553;80,0;2;;;8463,0;;;Wohngebäude;3;1;0-1;Einfamilienhaus;;Privatgebäude - Geringer Wärmebedarf;Nachtspeicherheizung;False;0,0;False;;;;;False;False;;False;True;Privates Wohnen;3815,998678223181;0,0;11,099472595180863;E;greenventory
243687774;True;Kirchstraße 44;Elgersweier;Offenburg;77656;Wohngebäude;Mehrfamilienhaus (1984 - 1994);1991 - 2000;Stromnetz;96;40646,2912106336;32882,849589402584;9880,0;10,568035714764736;;;;;;;;;40646,2912106336;15977,0;62384,09930627424;Elektroheizung;Mittel;22003,03931135762;40646,2912106336;55,0;5;;;17575,0;;;Wohngebäude;8;6;2-8;Mehrfamilienhaus;;Privatgebäude - Geringer Wärmebedarf;Nachtspeicherheizung;False;0,0;False;;;;;False;False;;False;True;Privates Wohnen;7763,441621231018;0,0;22,581272894796445;C;greenventory
243687775;False;;Elgersweier;Offenburg;77656;Lager;;;;0;0,0;0,0;1227,0;0,0;;;;;;;;;;6545,0;12929,742736924178;;;0,0;0,0;;1;;;7200,0;;;Lager;;;Unbekannt;;;Privatgebäude - Geringer Wärmebedarf;;False;4701,842501961052;False;;;;;False;False;;False;False;GHD, Verkehr & Sonstige;0,0;0,0;0,0;;greenventory
243687776;True;Kirchstraße 40;Elgersweier;Offenburg;77656;Wohngebäude;Ein-/Zweifamilienhaus (1969 - 1978);1949 - 1978;Heizöl;145;18820,204315090086;15225,545290907881;3440,0;6,106110733340339;;;;;;;20911,338127877872;;;7248,0;0,0;Ölkessel;Mittel;9563,567838565514;20911,338127877872;80,0;0;;;7973,0;;;Wohngebäude;2;1;0-1;Einfamilienhaus;;Privatgebäude - Geringer Wärmebedarf;;False;0,0;False;;;;;False;False;;False;True;Privates Wohnen;3594,6590241822064;0,0;10,455669063938936;F;greenventory
243687777;True;Kirchstraße 32;Elgersweier;Offenburg;77656;Wohngebäude;Ein-/Zweifamilienhaus (vor 1860);Vor 1919;Erdgasnetz;251;45696,17821442044;36968,20817546614;4050,0;12,03704206623758;;;;;;55727,04660295176;;;;10395,0;0,0;Gaskessel;Hoch;31183,421283672466;55727,04660295176;90,0;0;;;11434,0;;;Wohngebäude;3;2;1-2;Einfamilienhaus;;Privatgebäude - Geringer Wärmebedarf;;False;0,0;False;;;;;False;False;;False;True;Privates Wohnen;8727,970038954305;0,0;25,386765674678024;H;greenventory
243687778;False;Kirchstraße 32;Elgersweier;Offenburg;77656;Lager;;;;0;0,0;0,0;1536,0;0,0;;;;;;;;;;8192,0;44037,73432422313;;;0,0;0,0;;3;;;9011,0;;;Lager;;;Unbekannt;;;Privatgebäude - Geringer Wärmebedarf;;False;5884,8621574468925;False;;;;;False;False;;False;False;GHD, Verkehr & Sonstige;0,0;0,0;0,0;;greenventory
243687779;True;;Elgersweier;Offenburg;77656;Wohngebäude;Mehrfamilienhaus (vor 1860);Vor 1919;Erdgasnetz;149;52480,423836880516;42456,66288403634;8645,0;13,82411164483682;;;;;;64000,51687424454;;;;14373,0;13812,276721751885;Gaskessel;Mittel;31786,61764309505;64000,51687424454;90,0;1;;;15811,0;;;Wohngebäude;7;5;2-8;Mehrfamilienhaus;;Privatgebäude - Geringer Wärmebedarf;;False;0,0;False;;;;;False;False;;False;False;Privates Wohnen;10023,760952844179;0,0;29,155791020489175;F;greenventory
243687780;True;Ortenaustraße 41;Elgersweier;Offenburg;77656;Wohngebäude;Ein-/Zweifamilienhaus (vor 1860);Vor 1919;Stromnetz;251;36376,724164508036;29428,769849087003;4050,0;9,457948282772088;;;;;;;;;36376,724164508036;8275,0;0,0;Elektroheizung;Hoch;24823,75460851632;36376,724164508036;90,0;0;;;9102,0;;;Wohngebäude;3;1;0-1;Einfamilienhaus;;Privatgebäude - Geringer Wärmebedarf;Nachtspeicherheizung;False;0,0;False;;;;;False;False;;False;True;Privates Wohnen;6947,954315421035;0,0;20,209291202504463;H;greenventory
243687781;False;;Elgersweier;Offenburg;77656;Lager;;;;0;0,0;0,0;760,0;0,0;;;;;;;;;;0,0;0,0;;;0,0;0,0;;0;;;0,0;;;Lager;;;Unbekannt;;;Privatgebäude - Geringer Wärmebedarf;;False;2911,2089974047813;False;;;;;False;False;;False;False;GHD, Verkehr & Sonstige;0,0;0,0;0,0;;greenventory
243687782;True;Ortenaustraße 39;Elgersweier;Offenburg;77656;Wohngebäude;Ein-/Zweifamilienhaus (1860 - 1918);Vor 1919;Heizöl;184;28955,74338970527;23425,196402271566;4050,0;9,39453007754882;;;;;;;32173,048210783632;;;8986,0;0,0;Ölkessel;Mittel;16852,208058132972;32173,048210783632;90,0;0;;;9884,0;;;Wohngebäude;3;1;0-1;Einfamilienhaus;;Privatgebäude - Geringer Wärmebedarf;;False;0,0;False;;;;;False;False;;False;True;Privates Wohnen;5530,546987433707;0,0;16,086524105391817;G;greenventory
243687783;True;Kirchstraße 36;Elgersweier;Offenburg;77656;Wohngebäude;Mehrfamilienhaus (1919 - 1948);1919 - 1948;Stromnetz;133;41242,55055464651;33365,22339870903;7410,0;10,723063144208092;;;;;;;;;41242,55055464651;17536,0;0,0;Elektroheizung;Mittel;24182,919690316026;41242,55055464651;65,0;0;;;19290,0;;;Wohngebäude;6;4;2-8;Mehrfamilienhaus;;Privatgebäude - Geringer Wärmebedarf;Nachtspeicherheizung;False;0,0;False;;;;;False;False;;False;True;Privates Wohnen;7877,3271559374825;0,0;22,912528085914726;E;greenventory
243687784;True;Kirchstraße 38;Elgersweier;Offenburg;77656;Wohngebäude;Ein-/Zweifamilienhaus (1860 - 1918);Vor 1919;Holzpellets;184;29578,240174813956;23928,796301424492;4050,0;0,6263627331137073;;;;34797,929617428184;;;;;;9179,0;14679,244774741044;Pelletheizung;Mittel;17214,50044334247;34797,929617428184;90,0;1;;;10097,0;;;Wohngebäude;3;1;0-1;Einfamilienhaus;;Privatgebäude - Geringer Wärmebedarf;;False;0,0;False;;;;;False;False;;False;True;Privates Wohnen;5649,443873389466;0,0;16,43235565267442;G;greenventory
243687785;True;;Elgersweier;Offenburg;77656;Verarbeitendes Gewerbe;;;Erdgasnetz;50;4629,894972750561;3148,3285814703813;1354,0;1,2195820903830745;;;;;;5646,213381403123;;;;8188,0;23663,59969771243;Gaskessel;Niedrig;1342,669542097662;5646,213381403123;60,0;2;;;9007,0;;;Maschinenherstellung;;;Unbekannt;;;Privatgebäude - Geringer Wärmebedarf;;False;333,2942819219477;False;;;;;False;False;;False;False;Industrie & Produktion;370,39159782004486;1111,1747934601344;2,5721638737503114;;greenventory
243687786;True;Kirchstraße 34;Elgersweier;Offenburg;77656;Wohngebäude;Ein-/Zweifamilienhaus (vor 1860);Vor 1919;Stromnetz;251;23131,567370254685;18713,43800253604;3440,0;6,014207516266218;;;;;;;;;23131,567370254685;8770,0;14679,244774741044;Elektroheizung;Hoch;15785,158375250614;23131,567370254685;90,0;1;;;9647,0;;;Wohngebäude;2;1;0-1;Einfamilienhaus;;Privatgebäude - Geringer Wärmebedarf;Nachtspeicherheizung;False;0,0;False;;;;;False;False;;False;True;Privates Wohnen;4418,129367718645;0,0;12,850870761252603;H;greenventory
243687787;True;Kirchstraße 22a;Elgersweier;Offenburg;77656;Wohngebäude;Ein-/Zweifamilienhaus (2010 - 2015);2011 - 2019;Stromnetz;86;20237,120377969983;16371,830385777717;4940,0;5,261651298272195;;;;;;;;;20237,120377969983;12079,0;0,0;Elektroheizung;Mittel;10130,167326929897;20237,120377969983;35,0;0;;;13287,0;;;Wohngebäude;4;2;1-2;Einfamilienhaus;;Privatgebäude - Geringer Wärmebedarf;Nachtspeicherheizung;False;0,0;False;;;;;False;False;;False;True;Privates Wohnen;3865,2899921922667;0,0;11,242844654427769;C;greenventory
243687788;True;;Elgersweier;Offenburg;77656;Wohngebäude;Ein-/Zweifamilienhaus (1860 - 1918);Vor 1919;Heizöl;184;14345,391137613293;11605,421430329154;2050,0;4,654282457981202;;;;;;;15939,323486236992;;;11129,0;14679,244774741044;Ölkessel;Mittel;8349,000503033425;15939,323486236992;90,0;1;;;12242,0;;;Wohngebäude;1;1;0-1;Einfamilienhaus;;Privatgebäude - Geringer Wärmebedarf;;False;0,0;False;;;;;False;False;;False;False;Privates Wohnen;2739,969707284139;0,0;7,969661743118496;G;greenventory
243687789;True;Kirchstraße 22;Elgersweier;Offenburg;77656;Wohngebäude;Mehrfamilienhaus (1919 - 1948);1919 - 1948;Holzpellets;133;49881,50484224598;40354,137417377;8645,0;1,0563142201887383;;;;58684,1233438188;;;;;;21209,0;11030,306651922394;Pelletheizung;Mittel;29248,443886461857;58684,1233438188;65,0;1;;;23330,0;;;Wohngebäude;7;5;2-8;Mehrfamilienhaus;;Privatgebäude - Geringer Wärmebedarf;;False;0,0;False;;;;;False;False;;False;True;Privates Wohnen;9527,367424868982;0,0;27,7119471345811;E;greenventory
243687790;True;Hebelstraße 11;Elgersweier;Offenburg;77656;Wohngebäude;Ein-/Zweifamilienhaus (vor 1860);Vor 1919;Heizöl;251;30391,39431612223;24586,638001742886;3440,0;9,860319044786323;;;;;;;33768,21590680248;;;6913,0;13059,078457139667;Ölkessel;Hoch;20739,31977223378;33768,21590680248;90,0;1;;;7605,0;;;Wohngebäude;2;1;0-1;Einfamilienhaus;;Privatgebäude - Geringer Wärmebedarf;;False;0,0;False;;;;;False;False;;False;True;Privates Wohnen;5804,756314379346;0,0;16,88410795340124;H;greenventory
243687791;True;Ortenaustraße 32;Elgersweier;Offenburg;77656;Wohngebäude;Ein-/Zweifamilienhaus (1969 - 1978);1949 - 1978;Erdgasnetz;144;31497,196085212076;25481,23163293657;4940,0;8,296822383421718;;;;;;38411,21473806351;;;;12130,0;0,0;Gaskessel;Mittel;16005,435777549046;38411,21473806351;80,0;0;;;13343,0;;;Wohngebäude;4;2;1-2;Einfamilienhaus;;Privatgebäude - Geringer Wärmebedarf;;False;0,0;False;;;;;False;False;;False;True;Privates Wohnen;6015,964452275506;0,0;17,498442269562265;F;greenventory
243687792;True;Ortenaustraße 30;Elgersweier;Offenburg;77656;Wohngebäude;Ein-/Zweifamilienhaus (1949 - 1957);1949 - 1978;Erdgasnetz;165;30196,150246849826;24428,68554970151;4050,0;7,954107869901906;;;;;;36824,57347176808;;;;10150,0;0,0;Gaskessel;Mittel;15915,008144672454;36824,57347176808;80,0;0;;;11165,0;;;Wohngebäude;3;2;1-2;Einfamilienhaus;;Privatgebäude - Geringer Wärmebedarf;;False;0,0;False;;;;;False;False;;False;True;Privates Wohnen;5767,464697148317;0,0;16,77563902602768;G;greenventory
243687793;True;Ortenaustraße 28;Elgersweier;Offenburg;77656;Wohngebäude;Ein-/Zweifamilienhaus (1919 - 1948);1919 - 1948;Erdgasnetz;179;41490,29771132017;33565,65084845802;4940,0;10,929151592250193;;;;;;50597,924038195335;;;;13051,0;81879,10420118339;Gaskessel;Mittel;25689,212421965076;50597,924038195335;80,0;6;;;14356,0;;;Wohngebäude;4;2;1-2;Einfamilienhaus;;Privatgebäude - Geringer Wärmebedarf;;False;0,0;False;;;;;False;False;;False;True;Privates Wohnen;7924,646862862152;0,0;23,050165395177874;G;greenventory
243687794;True;Ortenaustraße 26;Elgersweier;Offenburg;77656;Handel, Instandhaltung, Reparatur;;Vor 1919;Erdgasnetz;20;2644,696938945638;2486,0151226088997;11313,0;0,6966518766003145;;;;;;3225,2401694459004;;;;12721,0;0,0;Gaskessel;Mittel;978,5378674098861;3225,2401694459004;35,0;0;;;13993,0;;;Einzelhandel (allgemein);;;Unbekannt;;;Privatgebäude - Geringer Wärmebedarf;;False;5117,485212934686;False;;;;;False;False;;False;True;GHD, Verkehr & Sonstige;132,2348469472819;26,44696938945638;1,4692760771920212;;greenventory
243687795;True;Ortenaustraße 24;Elgersweier;Offenburg;77656;Wohngebäude;Mehrfamilienhaus (nach 2015);2011 - 2019;Erdgasnetz;68;17794,346859674413;14395,626609476602;6175,0;4,687291367914235;;;;;;21700,422999602943;;;;9527,0;0,0;Gaskessel;Mittel;10104,385405375053;21700,422999602943;35,0;0;;;10479,0;;;Wohngebäude;5;4;2-8;Mehrfamilienhaus;;Privatgebäude - Geringer Wärmebedarf;;False;0,0;False;;;;;False;False;;False;True;Privates Wohnen;3398,720250197813;0,0;10,784452642226917;C;greenventory
243687796;False;;Elgersweier;Offenburg;77656;Lager;;;;0;0,0;0,0;1009,0;0,0;;;;;;;;;;5383,0;0,0;;;0,0;0,0;;0;;;5921,0;;;Lager;;;Unbekannt;;;Privatgebäude - Geringer Wärmebedarf;;False;3866,6675403099516;False;;;;;False;False;;False;False;GHD, Verkehr & Sonstige;0,0;0,0;0,0;;greenventory
243687797;True;Kreuzwegstraße 1b;Elgersweier;Offenburg;77656;Wohngebäude;Ein-/Zweifamilienhaus (vor 1860);Vor 1919;Erdgasnetz;250;22758,228274924728;18411,406674414106;3440,0;5,994850374858221;;;;;;27753,936920639913;;;;8628,0;14679,244774741044;Gaskessel;Hoch;15530,388923050225;27753,936920639913;90,0;1;;;9491,0;;;Wohngebäude;2;1;0-1;Einfamilienhaus;;Privatgebäude - Geringer Wärmebedarf;;False;0,0;False;;;;;False;False;;False;True;Privates Wohnen;4346,821600510623;0,0;12,64346015273596;H;greenventory
243687798;True;Kreuzwegstraße 1c;Elgersweier;Offenburg;77656;Wohngebäude;Ein-/Zweifamilienhaus (vor 1860);Vor 1919;Erdgasnetz;252;22696,46887071835;18361,443316411147;3440,0;5,978582043994102;;;;;;27678,620574046767;;;;8605,0;11290,45312669044;Gaskessel;Hoch;15488,243833573391;27678,620574046767;90,0;1;;;9465,0;;;Wohngebäude;2;1;0-1;Einfamilienhaus;;Privatgebäude - Geringer Wärmebedarf;;False;0,0;False;;;;;False;False;;False;True;Privates Wohnen;4335,025554307204;0,0;12,609149372621305;H;greenventory
243687799;True;Kreuzwegstraße 2;Elgersweier;Offenburg;77656;Wohngebäude;Ein-/Zweifamilienhaus (2010 - 2015);2011 - 2019;Holzpellets;86;10237,64375895226;8282,25380099238;3440,0;0,21679716195428314;;;;12044,286775237952;;;;;;10184,0;0,0;Pelletheizung;Mittel;5124,693749639551;12044,286775237952;35,0;0;;;11202,0;;;Wohngebäude;2;1;0-1;Einfamilienhaus;;Privatgebäude - Geringer Wärmebedarf;;False;0,0;False;;;;;False;False;;False;True;Privates Wohnen;1955,3899579598815;0,0;5,687579866084588;D;greenventory
243687800;True;Ortenaustraße 21;Elgersweier;Offenburg;77656;Wohngebäude;Ein-/Zweifamilienhaus (1949 - 1957);1949 - 1978;Heizöl;165;33973,275901367284;27484,380204206136;4940,0;11,022440625776941;;;;;;;37748,08433485254;;;11419,0;0,0;Ölkessel;Mittel;17905,7581264973;37748,08433485254;80,0;0;;;12561,0;;;Wohngebäude;4;2;1-2;Einfamilienhaus;;Privatgebäude - Geringer Wärmebedarf;;False;0,0;False;;;;;False;False;;False;True;Privates Wohnen;6488,8956971611515;0,0;18,874042167426268;F;greenventory
243687801;True;Ortenaustraße 19;Elgersweier;Offenburg;77656;Mehrfachnutzung;;Vor 1919;Erdgasnetz;145;79094,8727355034;63987,75204302226;0,0;20,83474696447407;;;;;;96457,16187256514;;;;78039,0;13258,44859753204;Gaskessel;Mittel;29265,10291213625;96457,16187256514;60,0;1;;;85843,0;;;Wohn- und Bürogebäude;;;Unbekannt;;;Privatgebäude - Geringer Wärmebedarf;;False;0,0;False;;;;;False;False;;False;True;GHD, Verkehr & Sonstige;15107,12069248115;0,0;43,941595964168556;;greenventory
243687802;True;Ortenaustraße 13a;Elgersweier;Offenburg;77656;Wohngebäude;Ein-/Zweifamilienhaus (vor 1860);Vor 1919;Heizöl;251;35165,31864342246;28448,742782528774;4050,0;11,409192270977066;;;;;;;39072,5762704694;;;13332,0;29358,48954948209;Ölkessel;Hoch;23997,082221777044;39072,5762704694;90,0;2;;;14666,0;;;Wohngebäude;3;1;0-1;Einfamilienhaus;;Privatgebäude - Geringer Wärmebedarf;;False;0,0;False;;;;;False;False;;False;True;Privates Wohnen;6716,57586089369;0,0;19,536288135234702;H;greenventory
243687803;True;Ortenaustraße 13;Elgersweier;Offenburg;77656;Wohngebäude;Ein-/Zweifamilienhaus (vor 1860);Vor 1919;Heizöl;251;22070,821364668573;17855,294484016875;3440,0;7,16075537609247;;;;;;;24523,134849631748;;;5021,0;14679,244774741044;Ölkessel;Hoch;15061,29719342587;24523,134849631748;90,0;1;;;5523,0;;;Wohngebäude;2;1;0-1;Einfamilienhaus;;Privatgebäude - Geringer Wärmebedarf;;False;0,0;False;;;;;False;False;;False;True;Privates Wohnen;4215,526880651698;0,0;12,261567424815874;H;greenventory
243687804;True;Ortenaustraße 11b;Elgersweier;Offenburg;77656;Wohngebäude;Ein-/Zweifamilienhaus (vor 1860);Vor 1919;Erdgasnetz;251;33379,289579437274;27003,845269764755;3440,0;8,792593352632258;;;;;;40706,45070663082;;;;7593,0;0,0;Gaskessel;Hoch;22778,282337335993;40706,45070663082;90,0;0;;;8352,0;;;Wohngebäude;2;1;0-1;Einfamilienhaus;;Privatgebäude - Geringer Wärmebedarf;;False;0,0;False;;;;;False;False;;False;True;Privates Wohnen;6375,44430967252;0,0;18,544049766354043;H;greenventory
243687805;True;Ortenaustraße 11a;Elgersweier;Offenburg;77656;Wohngebäude;Ein-/Zweifamilienhaus (1860 - 1918);Vor 1919;Heizöl;184;25526,76657063955;20651,154155647397;4050,0;8,282017598474164;;;;;;;28363,073967377277;;;7922,0;51411,679104083036;Ölkessel;Mittel;14856,547646183219;28363,073967377277;90,0;4;;;8714,0;;;Wohngebäude;3;1;0-1;Einfamilienhaus;;Privatgebäude - Geringer Wärmebedarf;;False;0,0;False;;;;;False;False;;False;True;Privates Wohnen;4875,612414992154;0,0;14,181536983688638;G;greenventory
243687806;True;Ortenaustraße 9;Elgersweier;Offenburg;77656;Wohngebäude;Mehrfamilienhaus (1860 - 1918);Vor 1919;Heizöl;150;53986,97205628796;43675,46039353696;8645,0;17,515773156040094;;;;;;;59985,52450698662;;;14712,0;14679,244774741044;Ölkessel;Mittel;35925,96180086643;59985,52450698662;90,0;1;;;16183,0;;;Wohngebäude;7;5;2-8;Mehrfamilienhaus;;Privatgebäude - Geringer Wärmebedarf;;False;0,0;False;;;;;False;False;;False;True;Privates Wohnen;10311,511662751;0,0;29,99276225349331;F;greenventory
243687807;True;Milchstraße 11;Elgersweier;Offenburg;77656;Mehrfachnutzung;;Vor 1919;Erdgasnetz;145;64960,84975692752;52553,327453354366;0,0;17,11163847255652;;;;;;79220,54848405796;;;;18312,0;11831,799848856215;Gaskessel;Mittel;24035,51441006318;79220,54848405796;60,0;1;;;20144,0;;;Wohn- und Bürogebäude;;;Unbekannt;;;Privatgebäude - Geringer Wärmebedarf;;False;0,0;False;;;;;False;False;;False;True;GHD, Verkehr & Sonstige;12407,522303573156;0,0;36,08936097607084;;greenventory
243687808;True;Ortenaustraße 20;Elgersweier;Offenburg;77656;Wohngebäude;Ein-/Zweifamilienhaus (vor 1860);Vor 1919;Heizöl;250;32296,027257143836;26127,486051029366;3440,0;10,478266621206668;;;;;;;35884,47473015982;;;7347,0;0,0;Ölkessel;Hoch;22039,05584889093;35884,47473015982;90,0;0;;;8081,0;;;Wohngebäude;2;1;0-1;Einfamilienhaus;;Privatgebäude - Geringer Wärmebedarf;;False;0,0;False;;;;;False;False;;False;True;Privates Wohnen;6168,5412061144725;0,0;17,942237365079908;H;greenventory
243687809;True;Ortenaustraße 20a;Elgersweier;Offenburg;77656;Büro und Verwaltung;;Vor 1919;Erdgasnetz;64;12408,288170349624;11663,790880128647;9216,0;3,2685246887750234;;;;;;15132,058744328811;;;;18439,0;0,0;Gaskessel;Mittel;4591,066623029362;15132,058744328811;75,0;0;;;20283,0;;;Büro (Unternehmen);;;Unbekannt;;;Privatgebäude - Geringer Wärmebedarf;;False;7511,484785427727;False;;;;;False;False;;False;True;GHD, Verkehr & Sonstige;620,4144085174812;124,08288170349624;7,298993041382132;;greenventory
243687810;True;Kirchstraße 16a;Elgersweier;Offenburg;77656;Wohngebäude;Mehrfamilienhaus (1984 - 1994);1979 - 1990;Stromnetz;96;23372,82215590564;18908,613124127663;6175,0;1,9603012130759567;;;;;;;;;7539,620050292142;13210,0;0,0;Elektrische Luftwärmepumpe;Mittel;12652,399749062999;7539,620050292142;65,0;0;;;14531,0;;;Wohngebäude;5;3;2-8;Mehrfamilienhaus;;Privatgebäude - Geringer Wärmebedarf;Wärmepumpe;False;0,0;False;;;;;False;False;;False;True;Privates Wohnen;4464,2090317779775;0,0;12,984901197725355;A;greenventory
243687811;True;Kirchstraße 14;Elgersweier;Offenburg;77656;Wohngebäude;Ein-/Zweifamilienhaus (1984 - 1994);1979 - 1990;Heizöl;114;12078,949574155798;9771,870205492041;3440,0;3,9189480840594366;;;;;;;13421,05508239533;;;5728,0;24514,746422263946;Ölkessel;Mittel;5331,547454508291;13421,05508239533;65,0;2;;;6301,0;;;Wohngebäude;2;1;0-1;Einfamilienhaus;;Privatgebäude - Geringer Wärmebedarf;;False;0,0;False;;;;;False;False;;False;True;Privates Wohnen;2307,0793686637576;0,0;6,710527541197666;D;greenventory
243687812;True;Milchstraße 7;Elgersweier;Offenburg;77656;Religiöse Einrichtung;;Vor 1919;Erdgasnetz;110;81044,8391496663;58352,28418775973;15638,0;21,34839665405844;;;;;;98835,169694715;;;;42151,0;12700,89373224675;Gaskessel;Niedrig;26744,79691938989;98835,169694715;75,0;1;;;46366,0;;;Religiöses Gebäude;;;Unbekannt;;;Öffentliches Gebäude - Geringer Wärmebedarf;;False;0,0;False;;;;;False;False;;False;True;Öffentlicher Dienst;11346,277480953282;11346,277480953282;45,024910638703496;;greenventory
243687813;True;;Elgersweier;Offenburg;77656;Wohngebäude;Ein-/Zweifamilienhaus (1995 - 2001);1991 - 2000;Holzpellets;98;21599,224033066814;17473,772242751053;4940,0;0,4573953324649443;;;;25410,851803608017;;;;;;11608,0;33478,59379575441;Pelletheizung;Mittel;7923,62008680504;25410,851803608017;55,0;3;;;12769,0;;;Wohngebäude;4;2;1-2;Einfamilienhaus;;Privatgebäude - Geringer Wärmebedarf;;False;0,0;False;;;;;False;False;;False;False;Privates Wohnen;4125,451790315761;0,0;11,999568907259341;D;greenventory
243687814;True;Kirchstraße 8;Elgersweier;Offenburg;77656;Mehrfachnutzung;;1979 - 1990;Erdgasnetz;145;35927,164760518914;29065,076291259804;0,0;9,46374096130742;;;;;;43813,615561608436;;;;33531,0;12113,575825729784;Gaskessel;Mittel;13293,050961391997;43813,615561608436;60,0;1;;;36885,0;;;Wohn- und Bürogebäude;;;Unbekannt;;;Privatgebäude - Geringer Wärmebedarf;;False;0,0;False;;;;;False;False;;False;True;GHD, Verkehr & Sonstige;6862,088469259113;0,0;19,959535978066064;;greenventory
243687815;True;Milchstraße 5;Elgersweier;Offenburg;77656;Wohngebäude;Ein-/Zweifamilienhaus (1969 - 1978);1949 - 1978;Erdgasnetz;144;25255,283709427786;20431,52452092708;4050,0;6,652611318580979;;;;;;30799,126474911936;;;;9726,0;13322,191228870031;Gaskessel;Mittel;12833,581134061933;30799,126474911936;80,0;1;;;10699,0;;;Wohngebäude;3;1;0-1;Einfamilienhaus;;Privatgebäude - Geringer Wärmebedarf;;False;0,0;False;;;;;False;False;;False;True;Privates Wohnen;4823,759188500707;0,0;14,030713171904326;F;greenventory
243687816;True;;Elgersweier;Offenburg;77656;Wohngebäude;Ein-/Zweifamilienhaus (1984 - 1994);1979 - 1990;Holzpellets;113;4299,4303088833785;3478,2391198866535;2050,0;0,09104675948223626;;;;5058,153304568681;;;;;;5097,0;0,0;Pelletheizung;Mittel;1897,7326280265588;5058,153304568681;65,0;0;;;5607,0;;;Wohngebäude;1;1;0-1;Einfamilienhaus;;Privatgebäude - Geringer Wärmebedarf;;False;0,0;False;;;;;False;False;;False;False;Privates Wohnen;821,1911889967253;0,0;2,388572393824099;E;greenventory
243687817;True;Milchstraße 3;Elgersweier;Offenburg;77656;Wohngebäude;Mehrfamilienhaus (1919 - 1948);1919 - 1948;Nah-/Fernwärme;132;43421,63264375046;35128,10080879412;7410,0;11,890531198045222;;;;;;;;45706,981730263644;;13188,0;12113,575825729784;Fernwärme Übergabestation;Mittel;25460,642974902512;45706,981730263644;65,0;1;;;14506,0;;;Wohngebäude;6;5;2-8;Mehrfamilienhaus;;Privatgebäude - Geringer Wärmebedarf;;False;0,0;False;;;;;True;False;;False;True;Privates Wohnen;8293,531834956339;0,0;24,123129246528034;E;greenventory
243687818;True;Kirchstraße 6;Elgersweier;Offenburg;77656;Wohngebäude;Mehrfamilienhaus (1949 - 1957);1949 - 1978;Stromnetz;133;32034,648939904353;25916,030992382624;4940,0;2,686777007862946;;;;;;;;;10333,757722549792;13342,0;0,0;Elektrische Luftwärmepumpe;Mittel;18783,34433284923;10333,757722549792;65,0;0;;;14676,0;;;Wohngebäude;4;3;2-8;Mehrfamilienhaus;;Privatgebäude - Geringer Wärmebedarf;Wärmepumpe;False;0,0;False;;;;;False;False;;False;True;Privates Wohnen;6118,617947521731;0,0;17,797027188835752;A;greenventory
243687819;False;;Elgersweier;Offenburg;77656;Lager;;;;0;0,0;0,0;969,0;0,0;;;;;;;;;;5166,0;0,0;;;0,0;0,0;;0;;;5682,0;;;Lager;;;Unbekannt;;;Privatgebäude - Geringer Wärmebedarf;;False;3710,799583175557;False;;;;;False;False;;False;False;GHD, Verkehr & Sonstige;0,0;0,0;0,0;;greenventory
243687820;True;Ortenaustraße 7;Elgersweier;Offenburg;77656;Mehrfachnutzung;;Vor 1919;Erdgasnetz;145;54712,363798989696;44262,302313382665;0,0;14,412037293392409;;;;;;66722,3948768167;;;;15423,0;0,0;Gaskessel;Mittel;20243,574605626185;66722,3948768167;60,0;0;;;16966,0;;;Wohn- und Bürogebäude;;;Unbekannt;;;Privatgebäude - Geringer Wärmebedarf;;False;0,0;False;;;;;False;False;;False;True;GHD, Verkehr & Sonstige;10450,061485607031;0,0;30,395757666105386;;greenventory
243687821;True;Milchstraße 4;Elgersweier;Offenburg;77656;Wohngebäude;Ein-/Zweifamilienhaus (1860 - 1918);Vor 1919;Erdgasnetz;183;19079,981445673788;15435,704989550095;3440,0;5,025946332031145;;;;;;23268,270055699744;;;;5921,0;0,0;Gaskessel;Mittel;11104,526405705386;23268,270055699744;90,0;0;;;6513,0;;;Wohngebäude;2;1;0-1;Einfamilienhaus;;Privatgebäude - Geringer Wärmebedarf;;False;0,0;False;;;;;False;False;;False;True;Privates Wohnen;3644,2764561236936;0,0;10,599989692040992;G;greenventory
243687822;True;Ortenaustraße 18;Elgersweier;Offenburg;77656;Wohngebäude;Ein-/Zweifamilienhaus (1860 - 1918);Vor 1919;Heizöl;184;22573,745616874032;18262,16020405109;3440,0;7,3239263556969085;;;;;;;25081,93957430448;;;7005,0;82623,64532585378;Ölkessel;Mittel;13137,892979193188;25081,93957430448;90,0;6;;;7706,0;;;Wohngebäude;2;1;0-1;Einfamilienhaus;;Privatgebäude - Geringer Wärmebedarf;;False;0,0;False;;;;;False;False;;False;True;Privates Wohnen;4311,58541282294;0,0;12,54096978715224;G;greenventory
243687823;False;;Elgersweier;Offenburg;77656;Lager;;;;0;0,0;0,0;1332,0;0,0;;;;;;;;;;7105,0;12700,89373224675;;;0,0;0,0;;1;;;7816,0;;;Lager;;;Unbekannt;;;Privatgebäude - Geringer Wärmebedarf;;False;5104,0461235331795;False;;;;;False;False;;False;False;GHD, Verkehr & Sonstige;0,0;0,0;0,0;;greenventory
243687824;True;Milchstraße 2;Elgersweier;Offenburg;77656;Wohngebäude;Ein-/Zweifamilienhaus (1919 - 1948);1919 - 1948;Heizöl;179;41065,643560130455;33222,10564014554;4940,0;13,323519910620105;;;;;;;45628,4928445894;;;12918,0;13646,517366863898;Ölkessel;Mittel;25426,28274207499;45628,4928445894;80,0;1;;;14209,0;;;Wohngebäude;4;2;1-2;Einfamilienhaus;;Privatgebäude - Geringer Wärmebedarf;;False;0,0;False;;;;;False;False;;False;True;Privates Wohnen;7843,537919984917;0,0;22,814246422294698;F;greenventory
243687825;True;Ortenaustraße 16;Elgersweier;Offenburg;77656;Wohngebäude;Ein-/Zweifamilienhaus (1958 - 1968);1949 - 1978;Heizöl;160;17554,231093717055;14201,372954817098;3440,0;5,695372754850423;;;;;;;19504,701215241173;;;6089,0;0,0;Ölkessel;Mittel;8008,72774505802;19504,701215241173;80,0;0;;;6698,0;;;Wohngebäude;2;1;0-1;Einfamilienhaus;;Privatgebäude - Geringer Wärmebedarf;;False;0,0;False;;;;;False;False;;False;True;Privates Wohnen;3352,858138899958;0,0;9,752350607620587;F;greenventory
243687826;True;Ortenaustraße 5;Elgersweier;Offenburg;77656;Wohngebäude;Mehrfamilienhaus (1979 - 1983);1979 - 1990;Holzpellets;109;27999,506297319425;22651,600594531417;6175,0;0,5929307215902938;;;;32940,59564390521;;;;;;23174,0;12257,373211131973;Pelletheizung;Mittel;16786,752238271583;32940,59564390521;65,0;1;;;25491,0;;;Wohngebäude;5;4;2-8;Mehrfamilienhaus;;Privatgebäude - Geringer Wärmebedarf;;False;0,0;False;;;;;False;False;;False;True;Privates Wohnen;5347,90570278801;0,0;15,55528127628857;D;greenventory
243687827;False;;Elgersweier;Offenburg;77656;Lager;;;;0;0,0;0,0;1458,0;0,0;;;;;;;;;;7778,0;14151,25784188715;;;0,0;0,0;;1;;;8556,0;;;Lager;;;Unbekannt;;;Privatgebäude - Geringer Wärmebedarf;;False;5587,673198947062;False;;;;;False;False;;False;False;GHD, Verkehr & Sonstige;0,0;0,0;0,0;;greenventory
243687828;False;;Elgersweier;Offenburg;77656;Lager;;;;0;0,0;0,0;929,0;0,0;;;;;;;;;;0,0;0,0;;;0,0;0,0;;0;;;0,0;;;Lager;;;Unbekannt;;;Privatgebäude - Geringer Wärmebedarf;;False;3558,864692781272;False;;;;;False;False;;False;False;GHD, Verkehr & Sonstige;0,0;0,0;0,0;;greenventory
243687829;True;Ortenaustraße 10;Elgersweier;Offenburg;77656;Gastgewerbe und Gastronomie;;1949 - 1978;Erdgasnetz;133;75140,24468444496;52598,17127911147;64482,0;19,79304006321965;;;;;;91634,444737128;;;;22485,0;13402,390005967762;Gaskessel;Mittel;27801,890533244637;91634,444737128;65,0;1;;;24734,0;;;Restaurant;;;Unbekannt;;;Privatgebäude - Geringer Wärmebedarf;;False;41551,18100452426;False;;;;;False;False;;False;True;GHD, Verkehr & Sonstige;21039,26851164459;1502,8048936888993;41,7445803802472;;greenventory
243687830;True;Kreuzwegstraße 4;Elgersweier;Offenburg;77656;Wohngebäude;Ein-/Zweifamilienhaus (1949 - 1957);1949 - 1978;Holzpellets;166;26031,12101783113;21059,176903425385;4050,0;0,5512472686128945;;;;30624,84825627192;;;;;;14583,0;0,0;Pelletheizung;Mittel;13719,811950430885;30624,84825627192;80,0;0;;;16041,0;;;Wohngebäude;3;1;0-1;Einfamilienhaus;;Privatgebäude - Geringer Wärmebedarf;;False;0,0;False;;;;;False;False;;False;True;Privates Wohnen;4971,944114405746;0,0;14,461733898795073;F;greenventory
243687831;True;Kreuzwegstraße 6;Elgersweier;Offenburg;77656;Wohngebäude;Ein-/Zweifamilienhaus (nach 2015);2011 - 2019;Erdgasnetz;65;13863,573333957098;11215,630827171293;4940,0;3,651868097725284;;;;;;16906,796748728168;;;;10859,0;0,0;Gaskessel;Mittel;5604,134059951755;16906,796748728168;35,0;0;;;11945,0;;;Wohngebäude;4;2;1-2;Einfamilienhaus;;Privatgebäude - Geringer Wärmebedarf;;False;0,0;False;;;;;False;False;;False;True;Privates Wohnen;2647,9425067858056;0,0;8,402165656943696;C;greenventory
243687832;True;Ortenaustraße 20a;Elgersweier;Offenburg;77656;Wohngebäude;Ein-/Zweifamilienhaus (1919 - 1948);1919 - 1948;Erdgasnetz;180;20314,389383736692;16434,341011442986;3440,0;5,351107447423325;;;;;;24773,6455899228;;;;10650,0;0,0;Gaskessel;Mittel;12577,896348980406;24773,6455899228;80,0;0;;;11715,0;;;Wohngebäude;2;1;0-1;Einfamilienhaus;;Privatgebäude - Geringer Wärmebedarf;;False;0,0;False;;;;;False;False;;False;True;Privates Wohnen;3880,0483722937083;0,0;11,285771879853717;G;greenventory
243687833;True;;Elgersweier;Offenburg;77656;Wohngebäude;Ein-/Zweifamilienhaus (1949 - 1957);1949 - 1978;Erdgasnetz;165;24327,505914051508;19680,952284467672;4050,0;6,4082210700428375;;;;;;29667,690139087208;;;;13629,0;23250,812677108806;Gaskessel;Mittel;12821,914435999613;29667,690139087208;80,0;2;;;14992,0;;;Wohngebäude;3;1;0-1;Einfamilienhaus;;Privatgebäude - Geringer Wärmebedarf;;False;0,0;False;;;;;False;False;;False;False;Privates Wohnen;4646,553629583838;0,0;13,515281063361948;G;greenventory
243687834;True;Ortenaustraße 12;Elgersweier;Offenburg;77656;Wohngebäude;Mehrfamilienhaus (vor 1860);Vor 1919;Heizöl;149;93577,42357273407;75704,13567034187;14820,0;30,360675203598163;;;;;;;103974,91508081563;;;35881,0;0,0;Ölkessel;Mittel;56678,46342815008;103974,91508081563;90,0;0;;;39469,0;;;Wohngebäude;12;9;8-20;Mehrfamilienhaus;;Privatgebäude - Geringer Wärmebedarf;;False;0,0;False;;;;;False;False;;False;True;Privates Wohnen;17873,287902392207;0,0;51,98745754040782;F;greenventory
243687835;True;;Elgersweier;Offenburg;77656;Wohngebäude;Mehrfamilienhaus (1984 - 1994);1979 - 1990;Heizöl;96;42880,25568881011;34690,126852247384;9880,0;13,912260734591724;;;;;;;47644,72854312234;;;24235,0;0,0;Ölkessel;Mittel;23212,350339976998;47644,72854312234;65,0;0;;;26659,0;;;Wohngebäude;8;6;2-8;Mehrfamilienhaus;;Privatgebäude - Geringer Wärmebedarf;;False;0,0;False;;;;;False;False;;False;False;Privates Wohnen;8190,1288365627315;0,0;23,822364271561174;D;greenventory
243687836;False;;Elgersweier;Offenburg;77656;Lager;;;;0;0,0;0,0;508,0;0,0;;;;;;;;;;6772,0;12700,89373224675;;;0,0;0,0;;1;;;7450,0;;;Lager;;;Unbekannt;;;Privatgebäude - Geringer Wärmebedarf;;False;1946,0424232820587;False;;;;;False;False;;False;False;GHD, Verkehr & Sonstige;0,0;0,0;0,0;;greenventory
243687837;True;Offenburger Straße 7a;Elgersweier;Offenburg;77656;Wohngebäude;Ein-/Zweifamilienhaus (1969 - 1978);1949 - 1978;Heizöl;145;27037,839617954636;21873,612250925304;4940,0;8,77227685382528;;;;;;;30042,044019949593;;;10412,0;0,0;Ölkessel;Mittel;13739,394592397426;30042,044019949593;80,0;0;;;11454,0;;;Wohngebäude;4;2;1-2;Einfamilienhaus;;Privatgebäude - Geringer Wärmebedarf;;False;0,0;False;;;;;False;False;;False;True;Privates Wohnen;5164,227367029335;0,0;15,021022009974798;F;greenventory
243687838;True;Offenburger Straße 1;Elgersweier;Offenburg;77656;Wohngebäude;Ein-/Zweifamilienhaus (1958 - 1968);1949 - 1978;Heizöl;160;36345,13768705692;29403,216388829052;4940,0;11,791978005134023;;;;;;;40383,486318952135;;;12607,0;25859,485473848355;Ölkessel;Mittel;16581,661198277627;40383,486318952135;80,0;2;;;13868,0;;;Wohngebäude;4;2;1-2;Einfamilienhaus;;Privatgebäude - Geringer Wärmebedarf;;False;0,0;False;;;;;False;False;;False;True;Privates Wohnen;6941,921298227872;0,0;20,19174315947607;F;greenventory
243687839;True;;Elgersweier;Offenburg;77656;Wohngebäude;Ein-/Zweifamilienhaus (1958 - 1968);1949 - 1978;Erdgasnetz;159;5092,650657816178;4119,954382173289;2050,0;1,3414787098637737;;;;;;6210,549582702656;;;;0,0;0,0;Gaskessel;Mittel;2323,4086643497735;6210,549582702656;80,0;0;;;0,0;;;Wohngebäude;1;1;0-1;Einfamilienhaus;;Privatgebäude - Geringer Wärmebedarf;;False;0,0;False;;;;;False;False;;False;False;Privates Wohnen;972,69627564289;0,0;2,829250365453432;F;greenventory
243687840;True;Milchstraße 1;Elgersweier;Offenburg;77656;Mehrfachnutzung;;1949 - 1978;Erdgasnetz;145;36848,721696811364;29810,615852720395;0,0;9,70649254452592;;;;;;44937,4654839163;;;;10099,0;0,0;Gaskessel;Mittel;13634,027027820204;44937,4654839163;60,0;0;;;11109,0;;;Wohn- und Bürogebäude;;;Unbekannt;;;Privatgebäude - Geringer Wärmebedarf;;False;0,0;False;;;;;False;False;;False;True;GHD, Verkehr & Sonstige;7038,105844090971;0,0;20,471512053784092;;greenventory
243687841;True;Ortenaustraße 3;Elgersweier;Offenburg;77656;Religiöse Einrichtung;;1949 - 1978;Erdgasnetz;110;13756,99849211637;9905,038914323786;2654,0;3,623794724752605;;;;;;16776,82742941021;;;;6956,0;0,0;Gaskessel;Niedrig;4539,809502398402;16776,82742941021;65,0;0;;;7652,0;;;Religiöses Gebäude;;;Unbekannt;;;Öffentliches Gebäude - Geringer Wärmebedarf;;False;0,0;False;;;;;False;False;;False;True;Öffentlicher Dienst;1925,9797888962921;1925,9797888962921;7,642776940064651;;greenventory
243687842;True;Kirchstraße 9;Elgersweier;Offenburg;77656;Wohngebäude;Ein-/Zweifamilienhaus (1958 - 1968);1949 - 1978;Stromnetz;160;25096,594725509836;20303,145132937458;4050,0;2,1048756866556637;;;;;;;;;8095,675717906399;8705,0;0,0;Elektrische Luftwärmepumpe;Mittel;11449,76350212261;8095,675717906399;80,0;0;;;9576,0;;;Wohngebäude;3;1;0-1;Einfamilienhaus;;Privatgebäude - Geringer Wärmebedarf;Wärmepumpe;False;0,0;False;;;;;False;False;;False;True;Privates Wohnen;4793,449592572379;0,0;13,942552625283243;B;greenventory
243687843;False;;Elgersweier;Offenburg;77656;Lager;;;;0;0,0;0,0;1649,0;0,0;;;;;;;;;;8794,0;13646,517366863898;;;0,0;0,0;;1;;;9673,0;;;Lager;;;Unbekannt;;;Privatgebäude - Geringer Wärmebedarf;;False;6317,352186670468;False;;;;;False;False;;False;False;GHD, Verkehr & Sonstige;0,0;0,0;0,0;;greenventory
243687844;True;Kirchstraße 4;Elgersweier;Offenburg;77656;Wohngebäude;Ein-/Zweifamilienhaus (1984 - 1994);1991 - 2000;Heizöl;114;27025,43248860161;21863,574883278703;4940,0;8,768251429635189;;;;;;;30028,258320668458;;;12479,0;0,0;Ölkessel;Mittel;11928,800174799957;30028,258320668458;55,0;0;;;13727,0;;;Wohngebäude;4;2;1-2;Einfamilienhaus;;Privatgebäude - Geringer Wärmebedarf;;False;0,0;False;;;;;False;False;;False;True;Privates Wohnen;5161,857605322908;0,0;15,014129160334228;D;greenventory
243687845;True;Kirchstraße 7;Elgersweier;Offenburg;77656;Wohngebäude;Mehrfamilienhaus (1949 - 1957);1949 - 1978;Heizöl;133;34138,758812043154;27618,255878942913;6175,0;11,076130636796224;;;;;;;37931,9542356035;;;14218,0;39490,56348060612;Ölkessel;Mittel;20017,077854220806;37931,9542356035;65,0;3;;;15640,0;;;Wohngebäude;5;4;2-8;Mehrfamilienhaus;;Privatgebäude - Geringer Wärmebedarf;;False;0,0;False;;;;;False;False;;False;True;Privates Wohnen;6520,502933100242;0,0;18,965977117801753;E;greenventory
243687846;True;Kirchstraße 2;Elgersweier;Offenburg;77656;Wohngebäude;Ein-/Zweifamilienhaus (1958 - 1968);1949 - 1978;Heizöl;160;31927,506808510687;25829,35300808515;4940,0;10,358702208983468;;;;;;;35475,007565011874;;;11075,0;0,0;Ölkessel;Mittel;14566,21530403386;35475,007565011874;80,0;0;;;12182,0;;;Wohngebäude;4;2;1-2;Einfamilienhaus;;Privatgebäude - Geringer Wärmebedarf;;False;0,0;False;;;;;False;False;;False;True;Privates Wohnen;6098,153800425542;0,0;17,737503782505936;F;greenventory
243687847;False;;Elgersweier;Offenburg;77656;Lager;;;;0;0,0;0,0;2021,0;0,0;;;;;;;;;;10780,0;0,0;;;0,0;0,0;;0;;;11858,0;;;Lager;;;Unbekannt;;;Privatgebäude - Geringer Wärmebedarf;;False;7743,697543426435;False;;;;;False;False;;False;False;GHD, Verkehr & Sonstige;0,0;0,0;0,0;;greenventory
243687848;False;;Elgersweier;Offenburg;77656;Lager;;;;0;0,0;0,0;1733,0;0,0;;;;;;;;;;9243,0;12929,742736924178;;;0,0;0,0;;1;;;10167,0;;;Lager;;;Unbekannt;;;Privatgebäude - Geringer Wärmebedarf;;False;6639,619378575421;False;;;;;False;False;;False;False;GHD, Verkehr & Sonstige;0,0;0,0;0,0;;greenventory
243687849;True;Kirchstraße 5;Elgersweier;Offenburg;77656;Wohngebäude;Ein-/Zweifamilienhaus (1860 - 1918);Vor 1919;Heizöl;184;37419,33108759763;30272,238849866484;4940,0;12,140494086198343;;;;;;;41577,034541775145;;;11612,0;0,0;Ölkessel;Mittel;21778,005986493066;41577,034541775145;90,0;0;;;12773,0;;;Wohngebäude;4;2;1-2;Einfamilienhaus;;Privatgebäude - Geringer Wärmebedarf;;False;0,0;False;;;;;False;False;;False;True;Privates Wohnen;7147,092237731148;0,0;20,788517270887574;G;greenventory
243687850;False;;Elgersweier;Offenburg;77656;Lager;;;;0;0,0;0,0;1510,0;0,0;;;;;;;;;;8055,0;0,0;;;0,0;0,0;;0;;;8860,0;;;Lager;;;Unbekannt;;;Privatgebäude - Geringer Wärmebedarf;;False;5786,187089732078;False;;;;;False;False;;False;False;GHD, Verkehr & Sonstige;0,0;0,0;0,0;;greenventory
243687851;True;Ortenaustraße 8;Elgersweier;Offenburg;77656;Wohngebäude;Ein-/Zweifamilienhaus (vor 1860);Vor 1919;Heizöl;253;17706,538502823692;14324,589648784367;2050,0;5,744788047582799;;;;;;;19673,931669804104;;;6713,0;0,0;Ölkessel;Hoch;12083,07721092691;19673,931669804104;90,0;0;;;7384,0;;;Wohngebäude;1;1;0-1;Einfamilienhaus;;Privatgebäude - Geringer Wärmebedarf;;False;0,0;False;;;;;False;False;;False;True;Privates Wohnen;3381,9488540393254;0,0;9,83696583490205;H;greenventory
243687852;True;Ortenaustraße 6;Elgersweier;Offenburg;77656;Wohngebäude;Ein-/Zweifamilienhaus (vor 1860);Vor 1919;Holzpellets;250;21764,288282997197;17607,309220944735;3440,0;0,4608908106987642;;;;25605,045038820233;;;;;;0,0;0,0;Pelletheizung;Hoch;14852,11667556531;25605,045038820233;90,0;0;;;0,0;;;Wohngebäude;2;1;0-1;Einfamilienhaus;;Privatgebäude - Geringer Wärmebedarf;;False;0,0;False;;;;;False;False;;False;True;Privates Wohnen;4156,9790620524645;0,0;12,091271268331775;H;greenventory
243687853;True;Ortenaustraße 4;Elgersweier;Offenburg;77656;Wohngebäude;Ein-/Zweifamilienhaus (1958 - 1968);1949 - 1978;Erdgasnetz;160;22147,912989317054;17917,6616083575;4050,0;5,834084397185956;;;;;;27009,649986972017;;;;7683,0;0,0;Gaskessel;Mittel;10104,49300261066;27009,649986972017;80,0;0;;;8451,0;;;Wohngebäude;3;1;0-1;Einfamilienhaus;;Privatgebäude - Geringer Wärmebedarf;;False;0,0;False;;;;;False;False;;False;True;Privates Wohnen;4230,2513809595575;0,0;12,30439610517614;F;greenventory
243687854;True;Ortenaustraße 1;Elgersweier;Offenburg;77656;Wohngebäude;Mehrfamilienhaus (1984 - 1994);1979 - 1990;Heizöl;96;41504,15149829373;33576,85856211963;9880,0;13,465791375001965;;;;;;;46115,72388699303;;;16755,0;0,0;Ölkessel;Mittel;22467,424451325824;46115,72388699303;65,0;0;;;18431,0;;;Wohngebäude;8;6;2-8;Mehrfamilienhaus;;Privatgebäude - Geringer Wärmebedarf;;False;0,0;False;;;;;False;False;;False;True;Privates Wohnen;7927,292936174103;0,0;23,057861943496516;D;greenventory
243687855;True;Ortenaustraße 2;Elgersweier;Offenburg;77656;Wohngebäude;Ein-/Zweifamilienhaus (1984 - 1994);1991 - 2000;Erdgasnetz;114;26656,638235271515;21565,22033233466;4940,0;7,021748608315424;;;;;;32508,095408867703;;;;12309,0;0,0;Gaskessel;Mittel;11766,017471675976;32508,095408867703;55,0;0;;;13540,0;;;Wohngebäude;4;2;1-2;Einfamilienhaus;;Privatgebäude - Geringer Wärmebedarf;;False;0,0;False;;;;;False;False;;False;True;Privates Wohnen;5091,41790293686;0,0;14,809243464039731;E;greenventory
243687856;True;Ortenaustraße 2a;Elgersweier;Offenburg;77656;Wohngebäude;Mehrfamilienhaus (1984 - 1994);1991 - 2000;Heizöl;96;30192,78079817365;24425,959665722487;7410,0;9,79587999229634;;;;;;;33547,534220192945;;;11868,0;24227,151651459568;Ölkessel;Mittel;16344,245022965839;33547,534220192945;55,0;2;;;13055,0;;;Wohngebäude;6;5;2-8;Mehrfamilienhaus;;Privatgebäude - Geringer Wärmebedarf;;False;0,0;False;;;;;False;False;;False;True;Privates Wohnen;5766,821132451168;0,0;16,773767110096472;D;greenventory
243687857;True;Offenburger Straße 2;Elgersweier;Offenburg;77656;Wohngebäude;Ein-/Zweifamilienhaus (1860 - 1918);Vor 1919;Stromnetz;184;30891,549672954807;24991,26368542044;4050,0;2,59090416611879;;;;;;;;;9965,016023533808;9586,0;24084,823831111185;Elektrische Luftwärmepumpe;Mittel;17978,845002192942;9965,016023533808;90,0;2;;;10545,0;;;Wohngebäude;3;1;0-1;Einfamilienhaus;;Privatgebäude - Geringer Wärmebedarf;Wärmepumpe;False;0,0;False;;;;;False;False;;False;True;Privates Wohnen;5900,285987534368;0,0;17,161972040530447;B;greenventory
243687858;True;Offenburger Straße 4;Elgersweier;Offenburg;77656;Wohngebäude;Mehrfamilienhaus (1969 - 1978);1949 - 1978;Stromnetz;118;29760,465765611385;24076,216804379612;6175,0;2,496039064212568;;;;;;;;;9600,150246971414;14016,0;0,0;Elektrische Luftwärmepumpe;Mittel;17415,685300377063;9600,150246971414;65,0;0;;;15418,0;;;Wohngebäude;5;4;2-8;Mehrfamilienhaus;;Privatgebäude - Geringer Wärmebedarf;Wärmepumpe;False;0,0;False;;;;;False;False;;False;True;Privates Wohnen;5684,248961231775;0,0;16,533592092006327;A;greenventory
243687859;True;Zum Großen Deich 3;Elgersweier;Offenburg;77656;Wohngebäude;Ein-/Zweifamilienhaus (2010 - 2015);2011 - 2019;Erdgasnetz;86;18813,808961994695;15220,37145025371;4940,0;4,955832604622993;;;;;;22943,66946584719;;;;11229,0;0,0;Gaskessel;Mittel;9417,695269005344;22943,66946584719;35,0;0;;;12352,0;;;Wohngebäude;4;2;1-2;Einfamilienhaus;;Privatgebäude - Geringer Wärmebedarf;;False;0,0;False;;;;;False;False;;False;True;Privates Wohnen;3593,437511740987;0,0;10,452116089997054;D;greenventory
243687860;False;;Elgersweier;Offenburg;77656;Lager;;;;0;0,0;0,0;1999,0;0,0;;;;;;;;;;17769,0;0,0;;;0,0;0,0;;0;;;19546,0;;;Lager;;;Unbekannt;;;Privatgebäude - Geringer Wärmebedarf;;False;7658,718886943661;False;;;;;False;False;;False;False;GHD, Verkehr & Sonstige;0,0;0,0;0,0;;greenventory
243687861;True;Kirchstraße 3;Elgersweier;Offenburg;77656;Wohngebäude;Ein-/Zweifamilienhaus (1860 - 1918);Vor 1919;Stromnetz;185;35794,89403626002;28958,069275334357;4940,0;2,269920109616489;;;;;;;;;8730,46196006342;11108,0;0,0;Elektrische Erdwärmepumpe;Mittel;20832,58556339958;8730,46196006342;90,0;0;;;12219,0;;;Wohngebäude;4;2;1-2;Einfamilienhaus;;Privatgebäude - Geringer Wärmebedarf;Wärmepumpe;False;0,0;False;;;;;False;False;;False;True;Privates Wohnen;6836,824760925664;0,0;19,886052242366677;A;greenventory
243687862;True;Kirchstraße 1;Elgersweier;Offenburg;77656;Wohngebäude;Ein-/Zweifamilienhaus (vor 1860);Vor 1919;Stromnetz;251;55716,214008707226;45074,417133044146;4940,0;4,6729727878270575;;;;;;;;;17972,9722608733;9053,0;0,0;Elektrische Luftwärmepumpe;Hoch;38021,17029595462;17972,9722608733;90,0;0;;;9958,0;;;Wohngebäude;4;2;1-2;Einfamilienhaus;;Privatgebäude - Geringer Wärmebedarf;Wärmepumpe;False;0,0;False;;;;;False;False;;False;True;Privates Wohnen;10641,79687566308;0,0;30,95345222705957;C;greenventory
243687863;True;Zum Großen Deich 2;Elgersweier;Offenburg;77656;Wohngebäude;Ein-/Zweifamilienhaus (vor 1860);Vor 1919;Erdgasnetz;251;26856,517966456537;21726,92303486334;3440,0;7,074399854578796;;;;;;32751,851178605535;;;;10182,0;0,0;Gaskessel;Hoch;18327,093133058726;32751,851178605535;90,0;0;;;11200,0;;;Wohngebäude;2;1;0-1;Einfamilienhaus;;Privatgebäude - Geringer Wärmebedarf;;False;0,0;False;;;;;False;False;;False;True;Privates Wohnen;5129,594931593198;0,0;14,92028775914252;H;greenventory
243687864;False;;Elgersweier;Offenburg;77656;Lager;;;;0;0,0;0,0;1009,0;0,0;;;;;;;;;;5384,0;0,0;;;0,0;0,0;;0;;;5922,0;;;Lager;;;Unbekannt;;;Privatgebäude - Geringer Wärmebedarf;;False;3867,6696646409305;False;;;;;False;False;;False;False;GHD, Verkehr & Sonstige;0,0;0,0;0,0;;greenventory
243687865;True;Kinzigtalstraße 1;Elgersweier;Offenburg;77656;Gastgewerbe und Gastronomie;;Vor 1919;Erdgasnetz;133;77489,95365057045;54242,96755539931;66498,0;20,411987790881973;;;;;;94499,94347630543;;;;23851,0;0,0;Gaskessel;Mittel;28671,282850711075;94499,94347630543;75,0;0;;;26236,0;;;Restaurant;;;Unbekannt;;;Privatgebäude - Geringer Wärmebedarf;;False;42850,527086899274;False;;;;;False;False;;False;True;GHD, Verkehr & Sonstige;21697,187022159727;1549,7990730114088;43,049974250316914;;greenventory
243687866;False;;Elgersweier;Offenburg;77656;Lager;;;;0;0,0;0,0;1399,0;0,0;;;;;;;;;;7460,0;74235,87047290067;;;0,0;0,0;;7;;;8206,0;;;Lager;;;Unbekannt;;;Privatgebäude - Geringer Wärmebedarf;;False;5358,9878415893545;False;;;;;False;False;;False;False;GHD, Verkehr & Sonstige;0,0;0,0;0,0;;greenventory
243687867;True;Zum Großen Deich 4;Elgersweier;Offenburg;77656;Wohngebäude;Mehrfamilienhaus (1958 - 1968);1949 - 1978;Erdgasnetz;126;49237,1435272221;39832,84911352268;8645,0;12,969784148634115;;;;;;60045,2969844172;;;;15482,0;12366,527138267575;Gaskessel;Mittel;31483,602905261563;60045,2969844172;65,0;1;;;17030,0;;;Wohngebäude;7;6;2-8;Mehrfamilienhaus;;Privatgebäude - Geringer Wärmebedarf;;False;0,0;False;;;;;False;False;;False;True;Privates Wohnen;9404,294413699421;0,0;27,3539686262345;E;greenventory
243687868;True;Zum Großen Deich 6b;Elgersweier;Offenburg;77656;Wohngebäude;Ein-/Zweifamilienhaus (2010 - 2015);2011 - 2019;Heizöl;86;14523,52651089719;11749,532947315827;4050,0;4,7120774902022;;;;;;;16137,251678774655;;;8668,0;0,0;Ölkessel;Mittel;7270,0933227956275;16137,251678774655;35,0;0;;;9535,0;;;Wohngebäude;3;1;0-1;Einfamilienhaus;;Privatgebäude - Geringer Wärmebedarf;;False;0,0;False;;;;;False;False;;False;True;Privates Wohnen;2773,9935635813636;0,0;8,068625839387328;C;greenventory
243687869;True;Zum Großen Deich 6a;Elgersweier;Offenburg;77656;Wohngebäude;Ein-/Zweifamilienhaus (vor 1860);Vor 1919;Erdgasnetz;251;43146,388323773586;34905,42815393284;4050,0;11,365390095042798;;;;;;52617,546736309254;;;;9815,0;24084,823831111185;Gaskessel;Hoch;29443,425173455125;52617,546736309254;90,0;2;;;10796,0;;;Wohngebäude;3;1;0-1;Einfamilienhaus;;Privatgebäude - Geringer Wärmebedarf;;False;0,0;False;;;;;False;False;;False;True;Privates Wohnen;8240,960169840755;0,0;23,970215735429772;H;greenventory
243687870;True;Offenburger Straße 3;Elgersweier;Offenburg;77656;Wohngebäude;Ein-/Zweifamilienhaus (2010 - 2015);2011 - 2019;Stromnetz;86;20297,059238364072;16420,320923836534;4940,0;1,7023340006369867;;;;;;;;;6547,43846398841;12114,0;63630,74611962914;Elektrische Luftwärmepumpe;Mittel;10160,171135467728;6547,43846398841;35,0;6;;;13326,0;;;Wohngebäude;4;2;1-2;Einfamilienhaus;;Privatgebäude - Geringer Wärmebedarf;Wärmepumpe;False;0,0;False;;;;;False;False;;False;True;Privates Wohnen;3876,738314527538;0,0;11,276144021313373;A+;greenventory
243687871;True;Offenburger Straße 7;Elgersweier;Offenburg;77656;Wohngebäude;Ein-/Zweifamilienhaus (1995 - 2001);1991 - 2000;Heizöl;98;19311,01290686458;15622,609441653447;4940,0;6,265350854227175;;;;;;;21456,68100762731;;;17298,0;12852,919776020759;Ölkessel;Mittel;7084,195688286385;21456,68100762731;55,0;1;;;19027,0;;;Wohngebäude;4;2;1-2;Einfamilienhaus;;Privatgebäude - Geringer Wärmebedarf;;False;0,0;False;;;;;False;False;;False;True;Privates Wohnen;3688,403465211135;0,0;10,728340503813655;D;greenventory
243687872;True;Offenburger Straße 9;Elgersweier;Offenburg;77656;Wohngebäude;Ein-/Zweifamilienhaus (1984 - 1994);1991 - 2000;Erdgasnetz;114;21831,21024867188;17661,449091175553;4940,0;5,7506602606257635;;;;;;26623,427132526685;;;;16801,0;0,0;Gaskessel;Mittel;9636,113862018228;26623,427132526685;55,0;0;;;18481,0;;;Wohngebäude;4;2;1-2;Einfamilienhaus;;Privatgebäude - Geringer Wärmebedarf;;False;0,0;False;;;;;False;False;;False;True;Privates Wohnen;4169,761157496329;0,0;12,128450138151043;E;greenventory
243687873;True;Offenburger Straße 8;Elgersweier;Offenburg;77656;Wohngebäude;Mehrfamilienhaus (2010 - 2015);2011 - 2019;Erdgasnetz;69;22441,01503810015;18154,781165823024;7410,0;5,911291766133699;;;;;;27367,091509878235;;;;11872,0;10652,492553678136;Gaskessel;Mittel;12807,052278927405;27367,091509878235;35,0;1;;;13059,0;;;Wohngebäude;6;5;2-8;Mehrfamilienhaus;;Privatgebäude - Geringer Wärmebedarf;;False;0,0;False;;;;;False;False;;False;True;Privates Wohnen;4286,233872277129;0,0;12,467230576722306;C;greenventory
243687874;True;;Elgersweier;Offenburg;77656;Wohngebäude;Ein-/Zweifamilienhaus (vor 1860);Vor 1919;Stromnetz;253;22230,557334366764;17984,52088350271;3440,0;5,779944906935358;;;;;;;;;22230,557334366764;8428,0;40449,51900288732;Elektroheizung;Hoch;15170,302240059784;22230,557334366764;90,0;3;;;9271,0;;;Wohngebäude;2;1;0-1;Einfamilienhaus;;Privatgebäude - Geringer Wärmebedarf;Nachtspeicherheizung;False;0,0;False;;;;;False;False;;False;False;Privates Wohnen;4246,036450864052;0,0;12,350309630203757;H;greenventory
243687875;True;Offenburger Straße 8a;Elgersweier;Offenburg;77656;Wohngebäude;Mehrfamilienhaus (1984 - 1994);1991 - 2000;Holzpellets;96;69916,86462238777;56562,743479511715;17290,0;1,4805924272976236;;;;82255,13484986797;;;;;;27483,0;0,0;Pelletheizung;Mittel;37848,06620710343;82255,13484986797;55,0;0;;;30231,0;;;Wohngebäude;14;10;8-20;Mehrfamilienhaus;;Privatgebäude - Geringer Wärmebedarf;;False;0,0;False;;;;;False;False;;False;True;Privates Wohnen;13354,121142876065;0,0;38,84270256799321;D;greenventory
243687876;False;;Elgersweier;Offenburg;77656;Lager;;;;0;0,0;0,0;979,0;0,0;;;;;;;;;;5223,0;254017,87464493496;;;0,0;0,0;;20;;;5746,0;;;Lager;;;Unbekannt;;;Privatgebäude - Geringer Wärmebedarf;;False;3752,2566173304535;False;;;;;False;False;;False;False;GHD, Verkehr & Sonstige;0,0;0,0;0,0;;greenventory
243687877;True;Marienstraße 10;Elgersweier;Offenburg;77656;Wohngebäude;Mehrfamilienhaus (1984 - 1994);1991 - 2000;Heizöl;96;32321,472845368884;26148,071531903428;7410,0;10,486522300941905;;;;;;;35912,74760596543;;;17787,0;0,0;Ölkessel;Mittel;17496,568971871606;35912,74760596543;55,0;0;;;19565,0;;;Wohngebäude;6;5;2-8;Mehrfamilienhaus;;Privatgebäude - Geringer Wärmebedarf;;False;0,0;False;;;;;False;False;;False;True;Privates Wohnen;6173,401313465457;0,0;17,956373802982714;D;greenventory
243687878;True;Marienstraße 12;Elgersweier;Offenburg;77656;Wohngebäude;Ein-/Zweifamilienhaus (1949 - 1957);1949 - 1978;Erdgasnetz;166;27013,14007441081;21853,630320198346;4050,0;7,1156564098448;;;;;;32942,85374928148;;;;9080,0;24953,6397225097;Gaskessel;Mittel;14237,389229518627;32942,85374928148;80,0;2;;;9988,0;;;Wohngebäude;3;1;0-1;Einfamilienhaus;;Privatgebäude - Geringer Wärmebedarf;;False;0,0;False;;;;;False;False;;False;True;Privates Wohnen;5159,509754212465;0,0;15,00730004133934;G;greenventory
243687879;True;Marienstraße 14;Elgersweier;Offenburg;77656;Wohngebäude;Ein-/Zweifamilienhaus (1995 - 2001);1991 - 2000;Erdgasnetz;98;15905,974707980062;12867,933538755871;4050,0;4,1898665084435285;;;;;;19397,530131683005;;;;8549,0;0,0;Gaskessel;Mittel;5835,066134941548;19397,530131683005;55,0;0;;;9403,0;;;Wohngebäude;3;1;0-1;Einfamilienhaus;;Privatgebäude - Geringer Wärmebedarf;;False;0,0;False;;;;;False;False;;False;True;Privates Wohnen;3038,041169224192;0,0;8,836652615544478;D;greenventory
243687880;True;Offenburger Straße 6;Elgersweier;Offenburg;77656;Wohngebäude;Mehrfamilienhaus (2010 - 2015);2011 - 2019;Heizöl;69;23101,6770082226;18689,256699652084;7410,0;7,495210762667777;;;;;;;25668,530009136222;;;12221,0;10605,124353271523;Ölkessel;Mittel;13184,091034781013;25668,530009136222;35,0;1;;;13444,0;;;Wohngebäude;6;5;2-8;Mehrfamilienhaus;;Privatgebäude - Geringer Wärmebedarf;;False;0,0;False;;;;;False;False;;False;True;Privates Wohnen;4412,420308570517;0,0;12,834265004568111;C;greenventory
243687881;True;Offenburger Straße 4a;Elgersweier;Offenburg;77656;Wohngebäude;Mehrfamilienhaus (1919 - 1948);1919 - 1948;Heizöl;132;37302,13686265509;30177,42872188797;6175,0;12,102471070994763;;;;;;;41446,818736283436;;;15861,0;0,0;Ölkessel;Mittel;21872,424665674193;41446,818736283436;65,0;0;;;17447,0;;;Wohngebäude;5;4;2-8;Mehrfamilienhaus;;Privatgebäude - Geringer Wärmebedarf;;False;0,0;False;;;;;False;False;;False;True;Privates Wohnen;7124,708140767122;0,0;20,723409368141716;E;greenventory
243687882;True;Zum Großen Deich 6;Elgersweier;Offenburg;77656;Wohngebäude;Ein-/Zweifamilienhaus (2010 - 2015);2011 - 2019;Heizöl;86;12100,53868945747;9789,335799771094;4050,0;3,9259525525795347;;;;;;;13445,042988286077;;;12037,0;0,0;Ölkessel;Mittel;6057,209690941682;13445,042988286077;35,0;0;;;13241,0;;;Wohngebäude;3;1;0-1;Einfamilienhaus;;Privatgebäude - Geringer Wärmebedarf;;False;0,0;False;;;;;False;False;;False;True;Privates Wohnen;2311,2028896863767;0,0;6,722521494143039;C;greenventory
243687883;True;Zum Großen Deich 5;Elgersweier;Offenburg;77656;Wohngebäude;Ein-/Zweifamilienhaus (1919 - 1948);1919 - 1948;Heizöl;179;36637,06463303293;29639,385288123645;4940,0;11,886692080939572;;;;;;;40707,84959225881;;;19208,0;0,0;Ölkessel;Mittel;22684,275307536707;40707,84959225881;80,0;0;;;21128,0;;;Wohngebäude;4;2;1-2;Einfamilienhaus;;Privatgebäude - Geringer Wärmebedarf;;False;0,0;False;;;;;False;False;;False;True;Privates Wohnen;6997,67934490929;0,0;20,35392479612941;F;greenventory
243687884;True;Zum Großen Deich 7;Elgersweier;Offenburg;77656;Wohngebäude;Ein-/Zweifamilienhaus (1860 - 1918);Vor 1919;Erdgasnetz;184;31992,451375705987;25881,893162946144;4050,0;8,427279874576211;;;;;;39015,1846045195;;;;9928,0;0,0;Gaskessel;Mittel;18619,568477899385;39015,1846045195;90,0;0;;;10921,0;;;Wohngebäude;3;1;0-1;Einfamilienhaus;;Privatgebäude - Geringer Wärmebedarf;;False;0,0;False;;;;;False;False;;False;True;Privates Wohnen;6110,558212759844;0,0;17,77358409761444;G;greenventory
243687885;True;Zum Großen Deich 9;Elgersweier;Offenburg;77656;Wohngebäude;Mehrfamilienhaus (1919 - 1948);1919 - 1948;Stromnetz;132;64872,69711400668;52482,01196523141;11115,0;5,4409358869812054;;;;;;;;;20926,67648838925;19702,0;0,0;Elektrische Luftwärmepumpe;Mittel;38038,65675871671;20926,67648838925;65,0;0;;;21673,0;;;Wohngebäude;9;7;2-8;Mehrfamilienhaus;;Privatgebäude - Geringer Wärmebedarf;Wärmepumpe;False;0,0;False;;;;;False;False;;False;True;Privates Wohnen;12390,685148775276;0,0;36,04038728555927;A;greenventory
243687886;True;Zum Großen Deich 9a;Elgersweier;Offenburg;77656;Wohngebäude;Mehrfamilienhaus (1995 - 2001);1991 - 2000;Heizöl;85;20284,80934969086;16410,410763899905;4940,0;6,581293700121924;;;;;;;22538,677055212065;;;12642,0;25401,7874644935;Ölkessel;Mittel;10141,215689572711;22538,677055212065;55,0;2;;;13906,0;;;Wohngebäude;4;3;2-8;Mehrfamilienhaus;;Privatgebäude - Geringer Wärmebedarf;;False;0,0;False;;;;;False;False;;False;True;Privates Wohnen;3874,3985857909543;0,0;11,269338527606033;C;greenventory
243687887;True;Zum Großen Deich 10;Elgersweier;Offenburg;77656;Wohngebäude;Ein-/Zweifamilienhaus (1995 - 2001);1991 - 2000;Erdgasnetz;98;23431,417307937165;18956,016602121166;4940,0;6,172178217700522;;;;;;28574,899156020936;;;;12593,0;0,0;Gaskessel;Mittel;8595,755503033255;28574,899156020936;55,0;0;;;13852,0;;;Wohngebäude;4;2;1-2;Einfamilienhaus;;Privatgebäude - Geringer Wärmebedarf;;False;0,0;False;;;;;False;False;;False;True;Privates Wohnen;4475,400705815999;0,0;13,017454059965091;D;greenventory
243687888;True;Zum Großen Deich 11;Elgersweier;Offenburg;77656;Wohngebäude;Mehrfamilienhaus (vor 1860);Vor 1919;Erdgasnetz;149;75183,50573112344;60823,45613647887;11115,0;19,804435656003253;;;;;;91687,20211112616;;;;28828,0;12929,742736924178;Gaskessel;Mittel;45537,539048288294;91687,20211112616;90,0;1;;;31711,0;;;Wohngebäude;9;7;2-8;Mehrfamilienhaus;;Privatgebäude - Geringer Wärmebedarf;;False;0,0;False;;;;;False;False;;False;True;Privates Wohnen;14360,049594644577;0,0;41,76861429506858;F;greenventory
243687889;True;Zum Großen Deich 13b;Elgersweier;Offenburg;77656;Wohngebäude;Ein-/Zweifamilienhaus (1860 - 1918);Vor 1919;Heizöl;184;27228,67131470421;22027,995093595706;4050,0;8,83419113765959;;;;;;;30254,079238560233;;;8450,0;0,0;Ölkessel;Mittel;15847,054173889852;30254,079238560233;90,0;0;;;9295,0;;;Wohngebäude;3;1;0-1;Einfamilienhaus;;Privatgebäude - Geringer Wärmebedarf;;False;0,0;False;;;;;False;False;;False;True;Privates Wohnen;5200,676221108504;0,0;15,127039619280117;G;greenventory
243687957;True;;Elgersweier;Offenburg;77656;Wohngebäude;Ein-/Zweifamilienhaus (1969 - 1978);1949 - 1978;Holzpellets;144;7512,015511379401;6077,2205487059355;2050,0;0,1590779755350932;;;;8837,665307505178;;;;;;0,0;12929,742736924178;Pelletheizung;Mittel;3817,2630192877596;8837,665307505178;80,0;1;;;0,0;;;Wohngebäude;1;1;0-1;Einfamilienhaus;;Privatgebäude - Geringer Wärmebedarf;;False;0,0;False;;;;;False;False;;False;False;Privates Wohnen;1434,7949626734655;0,0;4,173341950766334;F;greenventory
243687958;True;Schwarzwaldblick 10;Elgersweier;Offenburg;77656;Wohngebäude;Mehrfamilienhaus (1958 - 1968);1949 - 1978;Holzpellets;126;35633,285303362456;28827,32781042023;6175,0;0,7545872181888521;;;;41921,51212160289;;;;;;11205,0;0,0;Pelletheizung;Mittel;22784,916514921366;41921,51212160289;65,0;0;;;12325,0;;;Wohngebäude;5;4;2-8;Mehrfamilienhaus;;Privatgebäude - Geringer Wärmebedarf;;False;0,0;False;;;;;False;False;;False;True;Privates Wohnen;6805,957492942229;0,0;19,796269612979142;E;greenventory
243687959;True;Schwarzwaldblick 12;Elgersweier;Offenburg;77656;Wohngebäude;Mehrfamilienhaus (1949 - 1957);1949 - 1978;Holzpellets;134;34871,165952710355;28210,77325574268;6175,0;0,7384482201750427;;;;41024,90112083571;;;;;;14523,0;0,0;Pelletheizung;Mittel;20446,52084705014;41024,90112083571;65,0;0;;;15976,0;;;Wohngebäude;5;4;2-8;Mehrfamilienhaus;;Privatgebäude - Geringer Wärmebedarf;;False;0,0;False;;;;;False;False;;False;True;Privates Wohnen;6660,392696967678;0,0;19,372869973727976;E;greenventory
243687967;True;;Elgersweier;Offenburg;77656;Wohngebäude;Ein-/Zweifamilienhaus (1949 - 1957);1949 - 1978;Heizöl;165;12544,340886129216;10148,371776878535;2050,0;4,069941709721923;;;;;;;13938,156540143573;;;7028,0;95525,6215680473;Ölkessel;Mittel;6611,547688703187;13938,156540143573;80,0;7;;;7730,0;;;Wohngebäude;1;1;0-1;Einfamilienhaus;;Privatgebäude - Geringer Wärmebedarf;;False;0,0;False;;;;;False;False;;False;False;Privates Wohnen;2395,96910925068;0,0;6,969078270071787;F;greenventory
243687968;True;Schwarzwaldblick 4;Elgersweier;Offenburg;77656;Wohngebäude;Mehrfamilienhaus (1958 - 1968);1949 - 1978;Heizöl;126;38012,3978594057;30752,02986825921;7410,0;12,33291130549607;;;;;;;42235,99762156189;;;16734,0;12257,373211131973;Ölkessel;Mittel;24306,187442020844;42235,99762156189;65,0;1;;;18407,0;;;Wohngebäude;6;4;2-8;Mehrfamilienhaus;;Privatgebäude - Geringer Wärmebedarf;;False;0,0;False;;;;;False;False;;False;True;Privates Wohnen;7260,367991146488;0,0;21,117998810780943;E;greenventory
243687969;True;Schwarzwaldblick 8;Elgersweier;Offenburg;77656;Wohngebäude;Mehrfamilienhaus (1949 - 1957);1949 - 1978;Heizöl;133;42516,24893300424;34395,64538680043;7410,0;13,794160764930263;;;;;;;47240,27659222693;;;12648,0;85801,61247792382;Ölkessel;Mittel;24929,174187233548;47240,27659222693;65,0;7;;;13913,0;;;Wohngebäude;6;5;2-8;Mehrfamilienhaus;;Privatgebäude - Geringer Wärmebedarf;;False;0,0;False;;;;;False;False;;False;True;Privates Wohnen;8120,60354620381;0,0;23,620138296113463;E;greenventory
243687970;True;Schwarzwaldblick 3;Elgersweier;Offenburg;77656;Wohngebäude;Mehrfamilienhaus (1958 - 1968);1949 - 1978;Heizöl;126;47580,91857439857;38492,963126688446;8645,0;15,437364693027092;;;;;;;52867,6873048873;;;14961,0;36772,119633395916;Ölkessel;Mittel;30424,56647461135;52867,6873048873;65,0;3;;;16458,0;;;Wohngebäude;7;5;2-8;Mehrfamilienhaus;;Privatgebäude - Geringer Wärmebedarf;;False;0,0;False;;;;;False;False;;False;True;Privates Wohnen;9087,955447710128;0,0;26,433843652443652;E;greenventory
243687971;True;Schwarzwaldblick 7;Elgersweier;Offenburg;77656;Wohngebäude;Ein-/Zweifamilienhaus (1995 - 2001);1991 - 2000;Heizöl;98;20923,262057865482;16926,919004813175;4940,0;6,7884361343296895;;;;;;;23248,06895318387;;;11245,0;0,0;Ölkessel;Mittel;7675,645165279067;23248,06895318387;55,0;0;;;12370,0;;;Wohngebäude;4;2;1-2;Einfamilienhaus;;Privatgebäude - Geringer Wärmebedarf;;False;0,0;False;;;;;False;False;;False;True;Privates Wohnen;3996,3430530523074;0,0;11,624034476591934;D;greenventory
243687972;True;Schwarzwaldblick 5;Elgersweier;Offenburg;77656;Wohngebäude;Mehrfamilienhaus (1919 - 1948);1919 - 1948;Heizöl;133;58323,32496494101;47183,56989663728;9880,0;18,922678766403088;;;;;;;64803,694405490016;;;24799,0;12257,373211131973;Ölkessel;Mittel;34198,37679123532;64803,694405490016;65,0;1;;;27279,0;;;Wohngebäude;8;6;2-8;Mehrfamilienhaus;;Privatgebäude - Geringer Wärmebedarf;;False;0,0;False;;;;;False;False;;False;True;Privates Wohnen;11139,755068303733;0,0;32,40184720274501;E;greenventory
243687973;True;Schwarzwaldblick 25135498;Elgersweier;Offenburg;77656;Wohngebäude;Mehrfamilienhaus (1919 - 1948);1919 - 1948;Heizöl;133;48657,96359188392;39364,29254583409;8645,0;15,786805965366783;;;;;;;54064,40399098213;;;34482,0;12257,373211131973;Ölkessel;Mittel;28531,010085754275;54064,40399098213;65,0;1;;;37930,0;;;Wohngebäude;7;5;2-8;Mehrfamilienhaus;;Privatgebäude - Geringer Wärmebedarf;;False;0,0;False;;;;;False;False;;False;True;Privates Wohnen;9293,671046049829;0,0;27,032201995491068;E;greenventory
243687974;True;Schwarzwaldblick 7a;Elgersweier;Offenburg;77656;Büro und Verwaltung;;1991 - 2000;Erdgasnetz;64;9863,231812424607;9271,43790367913;7325,0;2,598119599370384;;;;;;12028,331478566593;;;;13500,0;22846,2117900003;Gaskessel;Mittel;3649,3957705971043;12028,331478566593;55,0;2;;;14850,0;;;Büro (Unternehmen);;;Unbekannt;;;Privatgebäude - Geringer Wärmebedarf;;False;5970,808759197816;False;;;;;False;False;;False;True;GHD, Verkehr & Sonstige;493,16159062123035;98,63231812424607;5,801901066132122;;greenventory
243687975;True;Gartenstraße 5a;Elgersweier;Offenburg;77656;Wohngebäude;Mehrfamilienhaus (1919 - 1948);1919 - 1948;Heizöl;133;83136,80568122752;67257,67579611306;14820,0;26,973274732131593;;;;;;;92374,22853469723;;;25249,0;0,0;Ölkessel;Mittel;48747,971889726556;92374,22853469723;65,0;0;;;27774,0;;;Wohngebäude;12;9;8-20;Mehrfamilienhaus;;Privatgebäude - Geringer Wärmebedarf;;False;0,0;False;;;;;False;False;;False;True;Privates Wohnen;15879,129885114457;0,0;46,18711426734862;E;greenventory
243687976;True;Kirchstraße 52;Elgersweier;Offenburg;77656;Wohngebäude;Mehrfamilienhaus (1919 - 1948);1919 - 1948;Heizöl;132;37712,527290202765;30509,43457777404;6175,0;12,235619965265787;;;;;;;41902,808100225295;;;16035,0;11831,799848856215;Ölkessel;Mittel;22113,060577313798;41902,808100225295;65,0;1;;;17639,0;;;Wohngebäude;5;4;2-8;Mehrfamilienhaus;;Privatgebäude - Geringer Wärmebedarf;;False;0,0;False;;;;;False;False;;False;True;Privates Wohnen;7203,092712428728;0,0;20,951404050112647;E;greenventory
243687977;True;;Elgersweier;Offenburg;77656;Wohngebäude;Ein-/Zweifamilienhaus (1995 - 2001);1991 - 2000;Heizöl;98;4586,433411330473;3710,424629766353;2050,0;1,4880428401205534;;;;;;;5096,037123700526;;;0,0;0,0;Ölkessel;Mittel;1682,521365081277;5096,037123700526;55,0;0;;;0,0;;;Wohngebäude;1;1;0-1;Einfamilienhaus;;Privatgebäude - Geringer Wärmebedarf;;False;0,0;False;;;;;False;False;;False;False;Privates Wohnen;876,0087815641203;0,0;2,5480185618502627;D;greenventory
243687978;True;Kirchstraße 50;Elgersweier;Offenburg;77656;Wohngebäude;Ein-/Zweifamilienhaus (1995 - 2001);1991 - 2000;Heizöl;98;13393,418971238556;10835,275947731992;4050,0;4,345420377335176;;;;;;;14881,576634709507;;;7198,0;11423,10589500015;Ölkessel;Mittel;4913,341489908757;14881,576634709507;55,0;1;;;7918,0;;;Wohngebäude;3;1;0-1;Einfamilienhaus;;Privatgebäude - Geringer Wärmebedarf;;False;0,0;False;;;;;False;False;;False;True;Privates Wohnen;2558,143023506564;0,0;7,4407883173547535;D;greenventory
243687979;True;Kirchstraße 48;Elgersweier;Offenburg;77656;Wohngebäude;Mehrfamilienhaus (1984 - 1994);1991 - 2000;Heizöl;96;24328,29798977887;19681,593073731106;6175,0;7,893181125572699;;;;;;;27031,442210865407;;;9563,0;35495,399546568646;Ölkessel;Mittel;13169,627070611708;27031,442210865407;55,0;3;;;10519,0;;;Wohngebäude;5;4;2-8;Mehrfamilienhaus;;Privatgebäude - Geringer Wärmebedarf;;False;0,0;False;;;;;False;False;;False;True;Privates Wohnen;4646,704916047764;0,0;13,515721105432705;D;greenventory
243687984;True;;Elgersweier;Offenburg;77656;Wohngebäude;Ein-/Zweifamilienhaus (1969 - 1978);1949 - 1978;Holzpellets;143;6004,485689246815;4857,628922600674;2050,0;0,1271538145958149;;;;7064,100810878606;;;;;;5781,0;0,0;Pelletheizung;Mittel;3051,20525066589;7064,100810878606;80,0;0;;;6359,0;;;Wohngebäude;1;1;0-1;Einfamilienhaus;;Privatgebäude - Geringer Wärmebedarf;;False;0,0;False;;;;;False;False;;False;False;Privates Wohnen;1146,8567666461418;0,0;3,3358253829148974;F;greenventory
243687985;True;Kirchstraße 60;Elgersweier;Offenburg;77656;Wohngebäude;Ein-/Zweifamilienhaus (1969 - 1978);1949 - 1978;Holzpellets;145;28056,171820684303;22697,443002933604;4940,0;0,5941306973791971;;;;33007,26096551095;;;;;;18008,0;13646,517366863898;Pelletheizung;Mittel;14256,86448485722;33007,26096551095;80,0;1;;;19808,0;;;Wohngebäude;4;2;1-2;Einfamilienhaus;;Privatgebäude - Geringer Wärmebedarf;;False;0,0;False;;;;;False;False;;False;True;Privates Wohnen;5358,728817750702;0,0;15,58676212260239;F;greenventory
243687986;True;Kirchstraße 55;Elgersweier;Offenburg;77656;Wohngebäude;Ein-/Zweifamilienhaus (1984 - 1994);1979 - 1990;Heizöl;114;19332,81600690263;15640,24814958423;4050,0;6,272424748906187;;;;;;;21480,906674336256;;;9168,0;24514,746422263946;Ölkessel;Mittel;8533,34351114573;21480,906674336256;65,0;2;;;10085,0;;;Wohngebäude;3;1;0-1;Einfamilienhaus;;Privatgebäude - Geringer Wärmebedarf;;False;0,0;False;;;;;False;False;;False;True;Privates Wohnen;3692,5678573184027;0,0;10,740453337168129;D;greenventory
243687987;True;Kirchstraße 53;Elgersweier;Offenburg;77656;Wohngebäude;Ein-/Zweifamilienhaus (1979 - 1983);1979 - 1990;Heizöl;142;32882,28190512952;26601,766061249786;4940,0;10,668473684775357;;;;;;;36535,86878347725;;;20884,0;27293,034733727796;Ölkessel;Mittel;20203,803561555917;36535,86878347725;80,0;2;;;22972,0;;;Wohngebäude;4;2;1-2;Einfamilienhaus;;Privatgebäude - Geringer Wärmebedarf;;False;0,0;False;;;;;False;False;;False;True;Privates Wohnen;6280,515843879739;0,0;18,267934391738624;E;greenventory
243687988;True;Kirchstraße 51;Elgersweier;Offenburg;77656;Wohngebäude;Mehrfamilienhaus (1984 - 1994);1979 - 1990;Heizöl;96;37524,85990767683;30357,611665310556;8645,0;12,174732325601816;;;;;;;41694,28878630759;;;15149,0;12257,373211131973;Ölkessel;Mittel;20313,31624878476;41694,28878630759;65,0;1;;;16664,0;;;Wohngebäude;7;6;2-8;Mehrfamilienhaus;;Privatgebäude - Geringer Wärmebedarf;;False;0,0;False;;;;;False;False;;False;True;Privates Wohnen;7167,248242366275;0,0;20,847144393153794;D;greenventory
243689014;True;Kirchstraße 61;Elgersweier;Offenburg;77656;Büro und Verwaltung;;1979 - 1990;Erdgasnetz;64;4368,213949796597;4106,121112808802;3244,0;1,1506514794586158;;;;;;5327,090182678778;;;;6140,0;196117,97137811157;Gaskessel;Mittel;1616,2391614247413;5327,090182678778;65,0;16;;;6754,0;;;Büro (Unternehmen);;;Unbekannt;;;Privatgebäude - Geringer Wärmebedarf;;False;2644,3432142232214;False;;;;;False;False;;False;True;GHD, Verkehr & Sonstige;218,4106974898299;43,68213949796597;2,56953761752741;;greenventory
243689090;False;;Elgersweier;Offenburg;77656;Lager;;;;0;0,0;0,0;304,0;0,0;;;;;;;;;;0,0;101607,149857974;;;0,0;0,0;;8;;;0,0;;;Lager;;;Unbekannt;;;Privatgebäude - Geringer Wärmebedarf;;False;1166,5711768112117;False;;;;;False;False;;False;False;GHD, Verkehr & Sonstige;0,0;0,0;0,0;;greenventory
243689091;True;Kirchstraße 28;Elgersweier;Offenburg;77656;Wohngebäude;Ein-/Zweifamilienhaus (1995 - 2001);1991 - 2000;Heizöl;98;18266,839320653427;14777,873010408624;4050,0;5,926574535145334;;;;;;;20296,488134059364;;;9817,0;0,0;Ölkessel;Mittel;6701,143279128184;20296,488134059364;55,0;0;;;10799,0;;;Wohngebäude;3;2;1-2;Einfamilienhaus;;Privatgebäude - Geringer Wärmebedarf;;False;0,0;False;;;;;False;False;;False;True;Privates Wohnen;3488,966310244805;0,0;10,148244067029681;D;greenventory
243689092;True;Kirchstraße 18;Elgersweier;Offenburg;77656;Wohngebäude;Ein-/Zweifamilienhaus (nach 2015);2020 - 2022;Heizöl;65;5564,146028293261;4501,394136889248;3440,0;1,805256266957369;;;;;;;6182,384475881401;;;7082,0;42420,497413086094;Ölkessel;Mittel;2249,2195569324526;6182,384475881401;35,0;4;;;7791,0;;;Wohngebäude;2;1;0-1;Einfamilienhaus;;Privatgebäude - Geringer Wärmebedarf;;False;0,0;False;;;;;False;False;;False;True;Privates Wohnen;1062,751891404013;0,0;3,372209714117128;B;greenventory
243689093;False;Kirchstraße 18;Elgersweier;Offenburg;77656;Lager;;;;0;0,0;0,0;3385,0;0,0;;;;;;;;;;18051,0;0,0;;;0,0;0,0;;0;;;19856,0;;;Lager;;;Unbekannt;;;Privatgebäude - Geringer Wärmebedarf;;False;12967,204718784125;False;;;;;False;False;;False;True;GHD, Verkehr & Sonstige;0,0;0,0;0,0;;greenventory
243689094;True;Kirchstraße 24;Elgersweier;Offenburg;77656;Wohngebäude;Mehrfamilienhaus (1984 - 1994);1991 - 2000;Holzpellets;96;30662,129100669263;24805,662442441437;7410,0;0,6493156750729961;;;;36073,093059610896;;;;;;12053,0;34269,31768500045;Pelletheizung;Mittel;16598,31713736894;36073,093059610896;55,0;3;;;13258,0;;;Wohngebäude;6;5;2-8;Mehrfamilienhaus;;Privatgebäude - Geringer Wärmebedarf;;False;0,0;False;;;;;False;False;;False;True;Privates Wohnen;5856,46665822783;0,0;17,03451616703848;D;greenventory
243689095;True;Kirchstraße 12;Elgersweier;Offenburg;77656;Wohngebäude;Mehrfamilienhaus (1984 - 1994);1979 - 1990;Heizöl;96;41467,94903716935;33547,57077107;9880,0;13,454045687614943;;;;;;;46075,498930188165;;;16741,0;0,0;Ölkessel;Mittel;22447,82698864073;46075,498930188165;65,0;0;;;18415,0;;;Wohngebäude;8;6;2-8;Mehrfamilienhaus;;Privatgebäude - Geringer Wärmebedarf;;False;0,0;False;;;;;False;False;;False;True;Privates Wohnen;7920,378266099346;0,0;23,03774946509408;D;greenventory
243689096;True;Kirchstraße 21;Elgersweier;Offenburg;77656;Wohngebäude;Mehrfamilienhaus (1984 - 1994);1979 - 1990;Stromnetz;96;33351,660898913586;26981,493667221093;8645,0;2,1149833740774473;;;;;;;;;8134,551438759412;13464,0;0,0;Elektrische Erdwärmepumpe;Mittel;18054,240227110386;8134,551438759412;65,0;0;;;14811,0;;;Wohngebäude;7;5;2-8;Mehrfamilienhaus;;Privatgebäude - Geringer Wärmebedarf;Wärmepumpe;False;0,0;False;;;;;False;False;;False;True;Privates Wohnen;6370,167231692495;0,0;18,528700499396436;A+;greenventory
243689097;True;;Elgersweier;Offenburg;77656;Wohngebäude;Ein-/Zweifamilienhaus (nach 2015);2020 - 2022;Heizöl;65;6260,007338677432;5064,345936990043;3440,0;2,0310246032153447;;;;;;;6955,563709641591;;;7968,0;0,0;Ölkessel;Mittel;2530,510676948009;6955,563709641591;35,0;0;;;8765,0;;;Wohngebäude;2;1;0-1;Einfamilienhaus;;Privatgebäude - Geringer Wärmebedarf;;False;0,0;False;;;;;False;False;;False;False;Privates Wohnen;1195,6614016873896;0,0;3,7939438416226863;B;greenventory
243689098;True;Kirchstraße 10;Elgersweier;Offenburg;77656;Wohngebäude;Ein-/Zweifamilienhaus (nach 2015);2020 - 2022;Stromnetz;65;5688,336072517365;4601,863882666548;3440,0;0,4770862512433919;;;;;;;;;1834,9471201668919;7240,0;0,0;Elektrische Luftwärmepumpe;Mittel;2299,4214522142775;1834,9471201668919;35,0;0;;;7964,0;;;Wohngebäude;2;1;0-1;Einfamilienhaus;;Privatgebäude - Geringer Wärmebedarf;Wärmepumpe;False;0,0;False;;;;;False;False;;False;True;Privates Wohnen;1086,4721898508167;0,0;3,447476407586282;A+;greenventory
243689099;True;Kirchstraße 17;Elgersweier;Offenburg;77656;Bildung;;1979 - 1990;Erdgasnetz;81;92714,15034492472;89005,58433112773;26657,0;24,42226399329725;;;;;;113066,03700600578;;;;103515,0;0,0;Gaskessel;Niedrig;30595,669613825172;113066,03700600578;65,0;0;;;113867,0;;;Vorschule;;;Unbekannt;;;Öffentliches Gebäude - Geringer Wärmebedarf;;False;44579,018231029695;False;;;;;False;False;;False;True;Öffentlicher Dienst;1854,2830068984945;1854,2830068984945;77,26179195410394;;greenventory
243689100;True;Kirchstraße 25;Elgersweier;Offenburg;77656;Wohngebäude;Ein-/Zweifamilienhaus (1958 - 1968);1949 - 1978;Stromnetz;161;24742,404088048515;20016,60490723125;4050,0;6,4330250628926136;;;;;;;;;24742,404088048515;8583,0;0,0;Elektroheizung;Mittel;11288,171896649697;24742,404088048515;80,0;0;;;9441,0;;;Wohngebäude;3;1;0-1;Einfamilienhaus;;Privatgebäude - Geringer Wärmebedarf;Nachtspeicherheizung;False;0,0;False;;;;;False;False;;False;True;Privates Wohnen;4725,7991808172665;0,0;13,745780048915842;F;greenventory
243689101;True;Kirchstraße 25b;Elgersweier;Offenburg;77656;Wohngebäude;Ein-/Zweifamilienhaus (1949 - 1957);1949 - 1978;Erdgasnetz;166;34275,108582374094;27728,562843140644;4940,0;9,0285651875522;;;;;;41798,91290533426;;;;11521,0;38558,75932806228;Gaskessel;Mittel;18064,840312050175;41798,91290533426;80,0;3;;;12673,0;;;Wohngebäude;4;2;1-2;Einfamilienhaus;;Privatgebäude - Geringer Wärmebedarf;;False;0,0;False;;;;;False;False;;False;True;Privates Wohnen;6546,545739233452;0,0;19,04172699020783;G;greenventory
243689102;True;Kirchstraße 23;Elgersweier;Offenburg;77656;Bildung;;Vor 1919;Erdgasnetz;81;99489,74786063412;95510,15794620875;28605,0;26,207055534020697;;;;;;121328,96080565137;;;;39142,0;12700,89373224675;Gaskessel;Niedrig;32831,61679400927;121328,96080565137;75,0;1;;;43057,0;;;Schule;;;Unbekannt;;;Öffentliches Gebäude - Geringer Wärmebedarf;;False;47836,87567841192;False;;;;;False;False;;False;True;Öffentlicher Dienst;1989,7949572126824;1989,7949572126824;82,9081232171951;;greenventory
243689103;True;Kirchstraße 23715719;Elgersweier;Offenburg;77656;Wohngebäude;Mehrfamilienhaus (1979 - 1983);1979 - 1990;Heizöl;109;42854,24116806019;34669,08110496069;8645,0;13,903820467859527;;;;;;;47615,82352006687;;;21281,0;11423,10589500015;Ölkessel;Mittel;25692,721907608626;47615,82352006687;65,0;1;;;23409,0;;;Wohngebäude;7;6;2-8;Mehrfamilienhaus;;Privatgebäude - Geringer Wärmebedarf;;False;0,0;False;;;;;False;False;;False;True;Privates Wohnen;8185,160063099496;0,0;23,807911760033438;D;greenventory
243689104;True;Kirchstraße 21a;Elgersweier;Offenburg;77656;Wohngebäude;Ein-/Zweifamilienhaus (1979 - 1983);1979 - 1990;Stromnetz;142;32093,014743284417;25963,248927317094;4940,0;2,691672204275467;;;;;;;;;10352,585401059489;20383,0;450335,07310650864;Elektrische Luftwärmepumpe;Mittel;19718,855505289248;10352,585401059489;80,0;33;;;22421,0;;;Wohngebäude;4;2;1-2;Einfamilienhaus;;Privatgebäude - Geringer Wärmebedarf;Wärmepumpe;False;0,0;False;;;;;False;False;;False;True;Privates Wohnen;6129,765815967324;0,0;17,82945263515801;A;greenventory
243689105;False;;Elgersweier;Offenburg;77656;Lager;;;;0;0,0;0,0;1321,0;0,0;;;;;;;;;;7046,0;27293,034733727796;;;0,0;0,0;;2;;;7751,0;;;Lager;;;Unbekannt;;;Privatgebäude - Geringer Wärmebedarf;;False;5061,680354820818;False;;;;;False;False;;False;False;GHD, Verkehr & Sonstige;0,0;0,0;0,0;;greenventory
243689106;True;Kinzigtalstraße 6;Elgersweier;Offenburg;77656;Wohngebäude;Mehrfamilienhaus (1969 - 1978);1949 - 1978;Heizöl;118;52005,02142909142;42072,062336134964;9880,0;16,872740285882994;;;;;;;57783,357143434914;;;17495,0;36772,119633395916;Ölkessel;Mittel;30433,095180081946;57783,357143434914;65,0;3;;;19244,0;;;Wohngebäude;8;6;2-8;Mehrfamilienhaus;;Privatgebäude - Geringer Wärmebedarf;;False;0,0;False;;;;;False;False;;False;True;Privates Wohnen;9932,959092956462;0,0;28,891678571717456;E;greenventory
243689107;True;Kinzigtalstraße 8;Elgersweier;Offenburg;77656;Wohngebäude;Ein-/Zweifamilienhaus (1949 - 1957);1949 - 1978;Holzpellets;165;14716,773171002302;11905,869495340863;3440,0;0,3116493142094605;;;;17313,85078941447;;;;;;8245,0;0,0;Pelletheizung;Mittel;7756,537272635712;17313,85078941447;80,0;0;;;9069,0;;;Wohngebäude;2;1;0-1;Einfamilienhaus;;Privatgebäude - Geringer Wärmebedarf;;False;0,0;False;;;;;False;False;;False;True;Privates Wohnen;2810,9036756614396;0,0;8,175985095001279;F;greenventory
243689108;True;Kinzigtalstraße 11;Elgersweier;Offenburg;77656;Wohngebäude;Ein-/Zweifamilienhaus (1969 - 1978);1949 - 1978;Holzpellets;144;29982,24103836036;24255,633000033533;4940,0;0,6349180455182194;;;;35273,22475101219;;;;;;11546,0;0,0;Pelletheizung;Mittel;15235,60484902258;35273,22475101219;80,0;0;;;12701,0;;;Wohngebäude;4;2;1-2;Einfamilienhaus;;Privatgebäude - Geringer Wärmebedarf;;False;0,0;False;;;;;False;False;;False;True;Privates Wohnen;5726,608038326829;0,0;16,656800576866868;F;greenventory
243689109;True;Kinzigtalstraße 15;Elgersweier;Offenburg;77656;Wohngebäude;Ein-/Zweifamilienhaus (1958 - 1968);1949 - 1978;Heizöl;160;35690,2994461846;28873,452251963346;4940,0;11,579519375873227;;;;;;;39655,88827353845;;;12380,0;0,0;Ölkessel;Mittel;16282,905806474893;39655,88827353845;80,0;0;;;13618,0;;;Wohngebäude;4;2;1-2;Einfamilienhaus;;Privatgebäude - Geringer Wärmebedarf;;False;0,0;False;;;;;False;False;;False;True;Privates Wohnen;6816,847194221259;0,0;19,827944136769222;F;greenventory
243689110;True;Kirchstraße 15;Elgersweier;Offenburg;77656;Religiöse Einrichtung;;Vor 1919;Erdgasnetz;110;208197,9562622405;149902,52850881315;40173,0;54,84238847883409;;;;;;253899,9466612689;;;;0,0;0,0;Gaskessel;Niedrig;68705,3255665394;253899,9466612689;75,0;0;;;0,0;;;Kirche;;;Unbekannt;;;Öffentliches Gebäude - Mittlerer                                                Wärmebedarf;;False;72601,10180109624;False;;;;;False;False;;False;True;Öffentlicher Dienst;29147,713876713675;29147,713876713675;115,66553125680028;;greenventory
243689111;True;Kirchstraße 11;Elgersweier;Offenburg;77656;Wohngebäude;Mehrfamilienhaus (1958 - 1968);1949 - 1978;Stromnetz;126;43366,69535569798;35083,656542759665;7410,0;3,6372067072520884;;;;;;;;;13989,256566354186;19091,0;25401,7874644935;Elektrische Luftwärmepumpe;Mittel;27729,874604471737;13989,256566354186;65,0;2;;;21000,0;;;Wohngebäude;6;5;2-8;Mehrfamilienhaus;;Privatgebäude - Geringer Wärmebedarf;Wärmepumpe;False;0,0;False;;;;;False;False;;False;True;Privates Wohnen;8283,038812938314;0,0;24,092608530943323;A;greenventory
243689112;True;;Elgersweier;Offenburg;77656;Wohngebäude;Ein-/Zweifamilienhaus (1984 - 1994);1991 - 2000;Heizöl;114;9137,265538720381;7392,047820824789;3440,0;2,964535041451501;;;;;;;10152,517265244867;;;7032,0;125654,16484500167;Ölkessel;Mittel;4033,112691219736;10152,517265244867;55,0;11;;;7735,0;;;Wohngebäude;2;1;0-1;Einfamilienhaus;;Privatgebäude - Geringer Wärmebedarf;;False;0,0;False;;;;;False;False;;False;False;Privates Wohnen;1745,2177178955928;0,0;5,076258632622434;D;greenventory
243689113;True;;Elgersweier;Offenburg;77656;Wohngebäude;Ein-/Zweifamilienhaus (1958 - 1968);1949 - 1978;Stromnetz;161;29053,930109056946;23504,62945822707;4050,0;2,436781234953163;;;;;;;;;9372,235519050628;16797,0;13646,517366863898;Elektrische Luftwärmepumpe;Mittel;13255,209808116446;9372,235519050628;80,0;1;;;18477,0;;;Wohngebäude;3;2;1-2;Einfamilienhaus;;Privatgebäude - Geringer Wärmebedarf;Wärmepumpe;False;0,0;False;;;;;False;False;;False;False;Privates Wohnen;5549,300650829877;0,0;16,141072282809414;B;greenventory
243689114;True;;Elgersweier;Offenburg;77656;Verarbeitendes Gewerbe;;;Erdgasnetz;50;4239,043998166841;2882,5499187534524;1240,0;1,1166262239073634;;;;;;5169,565851422978;;;;11246,0;38102,68119674025;Gaskessel;Niedrig;1229,322759468384;5169,565851422978;60,0;3;;;12370,0;;;Maschinenherstellung;;;Unbekannt;;;Privatgebäude - Geringer Wärmebedarf;;False;305,15792123146247;False;;;;;False;False;;False;False;Industrie & Produktion;339,1235198533473;1017,3705595600419;2,3550244434260232;;greenventory
243689115;True;;Elgersweier;Offenburg;77656;Wohngebäude;Ein-/Zweifamilienhaus (1958 - 1968);1949 - 1978;Stromnetz;161;8684,619584064227;7025,8572435079595;2050,0;0,7283874489860319;;;;;;;;;2801,490188407815;7531,0;0,0;Elektrische Luftwärmepumpe;Mittel;3962,1646454833044;2801,490188407815;80,0;0;;;8284,0;;;Wohngebäude;1;1;0-1;Einfamilienhaus;;Privatgebäude - Geringer Wärmebedarf;Wärmepumpe;False;0,0;False;;;;;False;False;;False;False;Privates Wohnen;1658,7623405562674;0,0;4,82478865781346;B;greenventory
243689116;True;Kinzigtalstraße 2;Elgersweier;Offenburg;77656;Wohngebäude;Ein-/Zweifamilienhaus (nach 2015);2020 - 2022;Heizöl;65;15638,904009699705;12651,873343847063;4940,0;5,073955523147015;;;;;;;17376,560010777448;;;11944,0;0,0;Ölkessel;Mittel;6321,783894373375;17376,560010777448;35,0;0;;;13138,0;;;Wohngebäude;4;2;1-2;Einfamilienhaus;;Privatgebäude - Geringer Wärmebedarf;;False;0,0;False;;;;;False;False;;False;True;Privates Wohnen;2987,030665852644;0,0;9,478123642242245;B;greenventory
243689117;True;Kinzigtalstraße 4;Elgersweier;Offenburg;77656;Wohngebäude;Mehrfamilienhaus (1949 - 1957);1949 - 1978;Heizöl;133;32766,767960318255;26508,31527989747;6175,0;10,630995827125478;;;;;;;36407,51995590917;;;13647,0;22060,613303844788;Ölkessel;Mittel;19212,618387915667;36407,51995590917;65,0;2;;;15012,0;;;Wohngebäude;5;4;2-8;Mehrfamilienhaus;;Privatgebäude - Geringer Wärmebedarf;;False;0,0;False;;;;;False;False;;False;True;Privates Wohnen;6258,452680420787;0,0;18,203759977954586;E;greenventory
243689118;True;Kinzigtalstraße 22995905;Elgersweier;Offenburg;77656;Wohngebäude;Ein-/Zweifamilienhaus (nach 2015);2011 - 2019;Heizöl;65;3911,153661385734;3164,1233120610586;2050,0;1,268952076805149;;;;;;;4345,726290428593;;;5106,0;0,0;Ölkessel;Mittel;1581,0230825403323;4345,726290428593;35,0;0;;;5617,0;;;Wohngebäude;1;1;0-1;Einfamilienhaus;;Privatgebäude - Geringer Wärmebedarf;;False;0,0;False;;;;;False;False;;False;True;Privates Wohnen;747,0303493246752;0,0;2,370396158415596;B;greenventory
243689119;True;Kinzigtalstraße 7;Elgersweier;Offenburg;77656;Wohngebäude;Mehrfamilienhaus (nach 2015);2020 - 2022;Heizöl;68;24870,990208948417;20120,63107903927;8645,0;8,069254601125484;;;;;;;27634,43356549824;;;12982,0;0,0;Ölkessel;Mittel;14122,803858231773;27634,43356549824;35,0;0;;;14281,0;;;Wohngebäude;7;5;2-8;Mehrfamilienhaus;;Privatgebäude - Geringer Wärmebedarf;;False;0,0;False;;;;;False;False;;False;True;Privates Wohnen;4750,359129909148;0,0;15,073327399362677;C;greenventory
243689120;True;Kirchstraße 37;Elgersweier;Offenburg;77656;Wohngebäude;Mehrfamilienhaus (1969 - 1978);1949 - 1978;Stromnetz;118;57091,00743446802;46186,62501448463;11115,0;4,788278042890866;;;;;;;;;18416,454011118716;19206,0;23663,59969771243;Elektrische Luftwärmepumpe;Mittel;33409,39039029036;18416,454011118716;65,0;2;;;21126,0;;;Wohngebäude;9;7;2-8;Mehrfamilienhaus;;Privatgebäude - Geringer Wärmebedarf;Wärmepumpe;False;0,0;False;;;;;False;False;;False;True;Privates Wohnen;10904,38241998339;0,0;31,717226352482232;A;greenventory
243689121;True;;Elgersweier;Offenburg;77656;Wohngebäude;Mehrfamilienhaus (1919 - 1948);1919 - 1948;Heizöl;132;50994,77663254725;41254,77429573073;8645,0;16,544971974115327;;;;;;;56660,8629250525;;;15488,0;0,0;Ölkessel;Mittel;29901,22025301266;56660,8629250525;65,0;0;;;17036,0;;;Wohngebäude;7;5;2-8;Mehrfamilienhaus;;Privatgebäude - Geringer Wärmebedarf;;False;0,0;False;;;;;False;False;;False;False;Privates Wohnen;9740,002336816524;0,0;28,33043146252625;E;greenventory
243689122;True;Kirchstraße 35;Elgersweier;Offenburg;77656;Wohngebäude;Mehrfamilienhaus (1995 - 2001);1991 - 2000;Erdgasnetz;84;34032,95980056237;27532,66447865496;9880,0;8,964779654782282;;;;;;41503,60951288094;;;;15150,0;0,0;Gaskessel;Mittel;17014,485073152555;41503,60951288094;55,0;0;;;16665,0;;;Wohngebäude;8;6;2-8;Mehrfamilienhaus;;Privatgebäude - Geringer Wärmebedarf;;False;0,0;False;;;;;False;False;;False;True;Privates Wohnen;6500,2953219074125;0,0;18,907199889201316;D;greenventory
243689123;True;;Elgersweier;Offenburg;77656;Wohngebäude;Mehrfamilienhaus (1919 - 1948);1919 - 1948;Heizöl;132;43129,189402952645;34891,51422698869;7410,0;13,993025895180192;;;;;;;47921,32155883627;;;13099,0;0,0;Ölkessel;Mittel;25289,166397652065;47921,32155883627;65,0;0;;;14409,0;;;Wohngebäude;6;5;2-8;Mehrfamilienhaus;;Privatgebäude - Geringer Wärmebedarf;;False;0,0;False;;;;;False;False;;False;False;Privates Wohnen;8237,675175963956;0,0;23,960660779418134;E;greenventory
243689124;True;Kirchstraße 33;Elgersweier;Offenburg;77656;Wohngebäude;Ein-/Zweifamilienhaus (vor 1860);Vor 1919;Erdgasnetz;252;44056,66803647912;35641,84444151161;4050,0;11,605171092535963;;;;;;53727,64394692575;;;;10022,0;73396,22387370521;Gaskessel;Hoch;30064,60700695732;53727,64394692575;90,0;5;;;11024,0;;;Wohngebäude;3;1;0-1;Einfamilienhaus;;Privatgebäude - Geringer Wärmebedarf;;False;0,0;False;;;;;False;False;;False;True;Privates Wohnen;8414,82359496751;0,0;24,475926686932844;H;greenventory
243689125;True;Kirchstraße 25a;Elgersweier;Offenburg;77656;Wohngebäude;Ein-/Zweifamilienhaus (vor 1860);Vor 1919;Stromnetz;251;37172,290259381516;30072,382819839648;4050,0;9,664795467439193;;;;;;;;;37172,290259381516;8456,0;0,0;Elektroheizung;Hoch;25366,65499241794;37172,290259381516;90,0;0;;;9302,0;;;Wohngebäude;3;1;0-1;Einfamilienhaus;;Privatgebäude - Geringer Wärmebedarf;Nachtspeicherheizung;False;0,0;False;;;;;False;False;;False;True;Privates Wohnen;7099,907439541869;0,0;20,651272366323063;H;greenventory
243689126;True;;Elgersweier;Offenburg;77656;Bildung;;1949 - 1978;Erdgasnetz;81;104227,4149131813;100058,31831665404;29967,0;27,45502636737459;;;;;;127106,60355266013;;;;51258,0;0,0;Gaskessel;Niedrig;34395,04692134984;127106,60355266013;65,0;0;;;56384,0;;;Schule;;;Unbekannt;;;Öffentliches Gebäude - Mittlerer                                                Wärmebedarf;;False;50114,85099417893;False;;;;;False;False;;False;False;Öffentlicher Dienst;2084,5482982636263;2084,5482982636263;86,85617909431775;;greenventory
243689127;True;;Elgersweier;Offenburg;77656;Bildung;;Vor 1919;Erdgasnetz;81;3169,4172755171276;3042,6405844964424;911,0;0,8348708920874385;;;;;;3865,1430189233265;;;;5611,0;39490,56348060612;Gaskessel;Niedrig;1045,9077009206521;3865,1430189233265;75,0;3;;;6172,0;;;Schule;;;Unbekannt;;;Öffentliches Gebäude - Geringer Wärmebedarf;;False;1523,9260671793754;False;;;;;False;False;;False;False;Öffentlicher Dienst;63,38834551034255;63,38834551034255;2,6411810629309396;;greenventory
243689128;True;Sandackerweg 6;Elgersweier;Offenburg;77656;Sonstige Dienstleistungen;;;Erdgasnetz;74;19873,47053273592;18681,062300771762;22877,0;5,2349629695987305;;;;;;24235,939674068195;;;;36012,0;0,0;Gaskessel;Niedrig;6558,245275802854;24235,939674068195;60,0;0;;;39614,0;;;Öffentliche Dienstleistung;;;Unbekannt;;;Öffentliches Gebäude - Geringer Wärmebedarf;;False;10348,080674295763;False;;;;;False;False;;False;True;Öffentlicher Dienst;993,6735266367959;198,7347053273592;11,690276783962306;;greenventory
243689130;True;;Elgersweier;Offenburg;77656;Wohngebäude;Ein-/Zweifamilienhaus (1969 - 1978);1949 - 1978;Heizöl;144;15964,078371274874;12914,939402361375;3440,0;5,179456538235848;;;;;;;17737,864856972083;;;15370,0;54586,06946745559;Ölkessel;Mittel;8112,215145371704;17737,864856972083;80,0;4;;;16907,0;;;Wohngebäude;2;1;0-1;Einfamilienhaus;;Privatgebäude - Geringer Wärmebedarf;;False;0,0;False;;;;;False;False;;False;False;Privates Wohnen;3049,1389689135012;0,0;8,86893242848604;F;greenventory
243689131;True;Kinzigtalstraße 13;Elgersweier;Offenburg;77656;Wohngebäude;Mehrfamilienhaus (1949 - 1957);1949 - 1978;Heizöl;134;47406,65126565632;38351,98087391596;8645,0;15,380824632857383;;;;;;;52674,05696184035;;;19744,0;0,0;Ölkessel;Mittel;27796,635326348733;52674,05696184035;65,0;0;;;21719,0;;;Wohngebäude;7;5;2-8;Mehrfamilienhaus;;Privatgebäude - Geringer Wärmebedarf;;False;0,0;False;;;;;False;False;;False;True;Privates Wohnen;9054,670391740357;0,0;26,33702848092018;E;greenventory
243689140;True;Kinzigtalstraße 5;Elgersweier;Offenburg;77656;Wohngebäude;Mehrfamilienhaus (nach 2015);2020 - 2022;Heizöl;69;17750,405859752784;14360,078340540003;6175,0;5,759020567830904;;;;;;;19722,673177503093;;;12972,0;10605,124353271523;Ölkessel;Mittel;10079,43384059962;19722,673177503093;35,0;1;;;14269,0;;;Wohngebäude;5;4;2-8;Mehrfamilienhaus;;Privatgebäude - Geringer Wärmebedarf;;False;0,0;False;;;;;False;False;;False;True;Privates Wohnen;3390,3275192127817;0,0;10,757821733183505;C;greenventory
243689141;True;;Elgersweier;Offenburg;77656;Wohngebäude;Ein-/Zweifamilienhaus (1958 - 1968);1949 - 1978;Heizöl;160;5754,347434623038;4655,2670746100375;2050,0;1,8669660565665855;;;;;;;6393,719371803375;;;0,0;0,0;Ölkessel;Mittel;2625,2931107226646;6393,719371803375;80,0;0;;;0,0;;;Wohngebäude;1;1;0-1;Einfamilienhaus;;Privatgebäude - Geringer Wärmebedarf;;False;0,0;False;;;;;False;False;;False;False;Privates Wohnen;1099,0803600130002;0,0;3,196859685901688;F;greenventory
243689142;True;;Elgersweier;Offenburg;77656;Wohngebäude;Ein-/Zweifamilienhaus (1958 - 1968);1949 - 1978;Heizöl;159;13868,129287603704;11219,316593671398;3440,0;4,499437502200313;;;;;;;15409,032541781893;;;8018,0;150111,69103550288;Ölkessel;Mittel;6327,02572985016;15409,032541781893;80,0;11;;;8819,0;;;Wohngebäude;2;1;0-1;Einfamilienhaus;;Privatgebäude - Geringer Wärmebedarf;;False;0,0;False;;;;;False;False;;False;False;Privates Wohnen;2648,8126939323074;0,0;7,704516270890947;F;greenventory
243689143;True;;Elgersweier;Offenburg;77656;Wohngebäude;Ein-/Zweifamilienhaus (1995 - 2001);1991 - 2000;Erdgasnetz;98;18750,871940482444;15169,455399850298;4940,0;4,939254072127082;;;;;;22866,917000588346;;;;7198,0;11423,10589500015;Gaskessel;Mittel;6878,709407581437;22866,917000588346;55,0;1;;;7918,0;;;Wohngebäude;4;2;1-2;Einfamilienhaus;;Privatgebäude - Geringer Wärmebedarf;;False;0,0;False;;;;;False;False;;False;False;Privates Wohnen;3581,4165406321467;0,0;10,417151078045803;D;greenventory
243689190;True;Schwarzwaldblick 14;Elgersweier;Offenburg;77656;Wohngebäude;Ein-/Zweifamilienhaus (1958 - 1968);1949 - 1978;Holzpellets;160;33723,613122816896;27282,403016358872;4940,0;0,7141471014243579;;;;39674,83896801988;;;;;;11698,0;12929,742736924178;Pelletheizung;Mittel;15385,648886494018;39674,83896801988;80,0;1;;;12868,0;;;Wohngebäude;4;2;1-2;Einfamilienhaus;;Privatgebäude - Geringer Wärmebedarf;;False;0,0;False;;;;;False;False;;False;True;Privates Wohnen;6441,210106458027;0,0;18,735340623787163;F;greenventory
243689191;True;Schwarzwaldblick 9;Elgersweier;Offenburg;77656;Wohngebäude;Mehrfamilienhaus (1958 - 1968);1949 - 1978;Heizöl;126;39558,051285707625;32002,46349013747;7410,0;12,834389972696252;;;;;;;43953,39031745292;;;12439,0;11831,799848856215;Ölkessel;Mittel;25294,521354526194;43953,39031745292;65,0;1;;;13683,0;;;Wohngebäude;6;4;2-8;Mehrfamilienhaus;;Privatgebäude - Geringer Wärmebedarf;;False;0,0;False;;;;;False;False;;False;True;Privates Wohnen;7555,587795570156;0,0;21,976695158726457;E;greenventory
243689192;True;Schwarzwaldblick 11;Elgersweier;Offenburg;77656;Wohngebäude;Mehrfamilienhaus (1969 - 1978);1949 - 1978;Heizöl;118;42961,53047355888;34755,87815310914;8645,0;13,93862988697688;;;;;;;47735,033859509866;;;14453,0;0,0;Ölkessel;Mittel;25140,886592394025;47735,033859509866;65,0;0;;;15898,0;;;Wohngebäude;7;5;2-8;Mehrfamilienhaus;;Privatgebäude - Geringer Wärmebedarf;;False;0,0;False;;;;;False;False;;False;True;Privates Wohnen;8205,652320449746;0,0;23,867516929754935;E;greenventory
243689193;True;Schwarzwaldblick 13;Elgersweier;Offenburg;77656;Wohngebäude;Mehrfamilienhaus (1984 - 1994);1979 - 1990;Heizöl;96;26437,531361116035;21387,962871142874;6175,0;8,577510174939869;;;;;;;29375,03484568448;;;14942,0;0,0;Ölkessel;Mittel;14311,417462897676;29375,03484568448;65,0;0;;;16436,0;;;Wohngebäude;5;4;2-8;Mehrfamilienhaus;;Privatgebäude - Geringer Wärmebedarf;;False;0,0;False;;;;;False;False;;False;True;Privates Wohnen;5049,568489973162;0,0;14,687517422842241;D;greenventory
243689194;True;Kirchstraße 56;Elgersweier;Offenburg;77656;Wohngebäude;Mehrfamilienhaus (1984 - 1994);1979 - 1990;Heizöl;96;30375,47370395421;24573,758226498958;7410,0;9,855153690616255;;;;;;;33750,5263377269;;;17168,0;12257,373211131973;Ölkessel;Mittel;16443,142094951196;33750,5263377269;65,0;1;;;18884,0;;;Wohngebäude;6;5;2-8;Mehrfamilienhaus;;Privatgebäude - Geringer Wärmebedarf;;False;0,0;False;;;;;False;False;;False;True;Privates Wohnen;5801,715477455254;0,0;16,875263168863448;D;greenventory
243689195;True;Kirchstraße 54;Elgersweier;Offenburg;77656;Wohngebäude;Mehrfamilienhaus (1958 - 1968);1949 - 1978;Heizöl;126;30765,369165395165;24889,18365480469;6175,0;9,981653106994875;;;;;;;34183,74351710574;;;13543,0;12257,373211131973;Ölkessel;Mittel;19672,235159246397;34183,74351710574;65,0;1;;;14898,0;;;Wohngebäude;5;3;2-8;Mehrfamilienhaus;;Privatgebäude - Geringer Wärmebedarf;;False;0,0;False;;;;;False;False;;False;True;Privates Wohnen;5876,185510590477;0,0;17,09187175855287;E;greenventory
243689196;True;Kirchstraße 49;Elgersweier;Offenburg;77656;Wohngebäude;Mehrfamilienhaus (1979 - 1983);1979 - 1990;Heizöl;109;48602,336260237;39319,29003453174;9880,0;15,768757986654672;;;;;;;54002,59584470778;;;17240,0;36772,119633395916;Ölkessel;Mittel;29138,920105883102;54002,59584470778;65,0;3;;;18964,0;;;Wohngebäude;8;6;2-8;Mehrfamilienhaus;;Privatgebäude - Geringer Wärmebedarf;;False;0,0;False;;;;;False;False;;False;True;Privates Wohnen;9283,046225705268;0,0;27,001297922353892;D;greenventory
243689197;True;Kirchstraße 47;Elgersweier;Offenburg;77656;Wohngebäude;Mehrfamilienhaus (1949 - 1957);1949 - 1978;Heizöl;133;35637,99411595713;28831,137239809323;6175,0;11,562549202066092;;;;;;;39597,771239952366;;;10602,0;73544,23926679183;Ölkessel;Mittel;20896,146421577618;39597,771239952366;65,0;6;;;11662,0;;;Wohngebäude;5;4;2-8;Mehrfamilienhaus;;Privatgebäude - Geringer Wärmebedarf;;False;0,0;False;;;;;False;False;;False;True;Privates Wohnen;6806,856876147812;0,0;19,798885619976183;E;greenventory
243689198;True;Kirchstraße 45;Elgersweier;Offenburg;77656;Wohngebäude;Mehrfamilienhaus (1969 - 1978);1949 - 1978;Heizöl;118;38254,301307505186;30947,729757771696;7410,0;12,411395535323905;;;;;;;42504,77923056132;;;12869,0;12257,373211131973;Ölkessel;Mittel;22386,2381121449;42504,77923056132;65,0;1;;;14156,0;;;Wohngebäude;6;5;2-8;Mehrfamilienhaus;;Privatgebäude - Geringer Wärmebedarf;;False;0,0;False;;;;;False;False;;False;True;Privates Wohnen;7306,57154973349;0,0;21,25238961528066;E;greenventory
243689200;True;Kirchstraße 43;Elgersweier;Offenburg;77656;Wohngebäude;Mehrfamilienhaus (1995 - 2001);1991 - 2000;Heizöl;85;30265,8821414528;24485,098652435317;8645,0;9,819597317004686;;;;;;;33628,757934947556;;;13473,0;11423,10589500015;Ölkessel;Mittel;15131,167049215444;33628,757934947556;55,0;1;;;14821,0;;;Wohngebäude;7;5;2-8;Mehrfamilienhaus;;Privatgebäude - Geringer Wärmebedarf;;False;0,0;False;;;;;False;False;;False;True;Privates Wohnen;5780,7834890174845;0,0;16,81437896747378;C;greenventory
243689201;True;Sandackerweg 12;Elgersweier;Offenburg;77656;Sportstätte;;Vor 1919;Erdgasnetz;115;257571,15509377638;185451,231667519;236357,0;67,84801158567768;;;;;;314111,1647485078;;;;320354,0;130149,79833741838;Gaskessel;Mittel;95301,32738469727;314111,1647485078;60,0;11;;;352390,0;;;Sporthalle;;;Unbekannt;;;Privatgebäude - Mittlerer Wärmebedarf;;False;85916,04717284754;False;;;;;False;False;;False;True;GHD, Verkehr & Sonstige;36059,961713128694;36059,961713128694;143,0950861632091;;greenventory
243689202;True;Kinzigtalstraße 21;Elgersweier;Offenburg;77656;Wohngebäude;Ein-/Zweifamilienhaus (1949 - 1957);1949 - 1978;Heizöl;165;39293,22756080546;31788,22109669162;4940,0;12,748469386394659;;;;;;;43659,14173422829;;;13208,0;0,0;Ölkessel;Mittel;20709,661051111183;43659,14173422829;80,0;0;;;14528,0;;;Wohngebäude;4;2;1-2;Einfamilienhaus;;Privatgebäude - Geringer Wärmebedarf;;False;0,0;False;;;;;False;False;;False;True;Privates Wohnen;7505,006464113843;0,0;21,829570867114146;F;greenventory
243694481;True;;Elgersweier;Offenburg;77656;Verarbeitendes Gewerbe;;;Erdgasnetz;50;29154,234943343276;8163,185784136118;8527,0;7,679652131417254;;;;;;35553,945052857656;;;;51562,0;0,0;Gaskessel;Niedrig;8454,728133569552;35553,945052857656;60,0;0;;;56718,0;;;Verarbeitendes Gewerbe (allgemein);;;Unbekannt;;;Privatgebäude - Geringer Wärmebedarf;;False;2098,7387095419667;False;;;;;False;False;;False;False;Industrie & Produktion;874,6270483002983;20116,42211090686;16,196797190746263;;greenventory
243694482;True;Kreuzwegstraße 41;Elgersweier;Offenburg;77656;Büro und Verwaltung;;1949 - 1978;Erdgasnetz;64;8848870,982448213;8317938,72350132;6572106,0;2330,9221124497735;;;;;;10791306,076156357;;;;4261403,0;845994,4816996662;Gaskessel;Mittel;3274082,2635058397;10791306,076156357;65,0;73;7850308,0;;4687543,0;;;Büro (Unternehmen);;;Unbekannt;;;Privatgebäude - Hoher Wärmebedarf;;False;5356755,004425385;False;;True;plattform_fuer_abwaerme;;False;False;;False;True;GHD, Verkehr & Sonstige;442443,54912241065;88488,70982448212;5205,218224969537;;greenventory
243694483;True;Kreuzwegstraße 60;Elgersweier;Offenburg;77656;Büro und Verwaltung;;1949 - 1978;Erdgasnetz;64;8081553,09515452;7596659,909445249;6002215,0;2128,7993518943613;;;;;;9855552,555066489;;;;2060408,0;69533,79301641093;Gaskessel;Mittel;2990174,6452071723;9855552,555066489;65,0;6;;;2266448,0;;;Büro (Unternehmen);;;Unbekannt;;;Privatgebäude - Hoher Wärmebedarf;;False;4892251,234294882;False;;;;;False;False;;False;True;GHD, Verkehr & Sonstige;404077,654757726;80815,53095154521;4753,8547618556;;greenventory
243694484;False;;Elgersweier;Offenburg;77656;Lager;;;;0;0,0;0,0;427,0;0,0;;;;;;;;;;5695,0;1176813,436663346;;;0,0;0,0;;98;;;6264,0;;;Lager;;;Unbekannt;;;Privatgebäude - Geringer Wärmebedarf;;False;1636,3596064392884;False;;;;;False;False;;False;False;GHD, Verkehr & Sonstige;0,0;0,0;0,0;;greenventory
243694485;True;Robert-Bosch-Straße 17;Elgersweier;Offenburg;77656;Büro und Verwaltung;;2011 - 2019;Erdgasnetz;64;3913031,5141994413;3678249,6233474747;2906230,0;1030,7497647159505;;;;;;4771989,651462734;;;;3131039,0;40107,26218914895;Gaskessel;Mittel;1447821,660253794;4771989,651462734;35,0;4;;;3444143,0;;;Büro (Unternehmen);;;Unbekannt;;;Privatgebäude - Hoher Wärmebedarf;;False;2368793,848134826;False;;;;;False;False;;False;True;GHD, Verkehr & Sonstige;195651,57570997206;39130,31514199441;2301,78324364673;;greenventory
243694486;True;;Elgersweier;Offenburg;77656;Büro und Verwaltung;;1979 - 1990;Erdgasnetz;63;1897,4291849396343;1783,5834338432562;1409,0;0,49981061456946463;;;;;;2313,9380304141882;;;;0,0;69533,79301641093;Gaskessel;Mittel;702,0487984276647;2313,9380304141882;65,0;6;;;0,0;;;Büro (Unternehmen);;;Unbekannt;;;Privatgebäude - Geringer Wärmebedarf;;False;1148,6282602750841;False;;;;;False;False;;False;False;GHD, Verkehr & Sonstige;94,87145924698171;18,974291849396344;1,1161348146703731;;greenventory
243694487;True;;Elgersweier;Offenburg;77656;Büro und Verwaltung;;2001 - 2010;Erdgasnetz;64;40463,15290954285;38035,36373497028;30052,0;10,658586620074702;;;;;;49345,30842627177;;;;54662,0;108001,91678182721;Gaskessel;Mittel;14971,366576530854;49345,30842627177;55,0;10;;;60128,0;;;Büro (Unternehmen);;;Unbekannt;;;Privatgebäude - Geringer Wärmebedarf;;False;24494,785523819985;False;;;;;False;False;;False;False;GHD, Verkehr & Sonstige;2023,1576454771425;404,6315290954285;23,801854652672265;;greenventory
243694488;True;;Elgersweier;Offenburg;77656;Büro und Verwaltung;;1949 - 1978;Erdgasnetz;64;41340,19765731334;38859,78579787454;30704,0;10,889613041438638;;;;;;50414,875191845545;;;;59725,0;115889,65502735156;Gaskessel;Mittel;15295,873133205936;50414,875191845545;65,0;10;;;65698,0;;;Büro (Unternehmen);;;Unbekannt;;;Privatgebäude - Geringer Wärmebedarf;;False;25025,71357679345;False;;;;;False;False;;False;False;GHD, Verkehr & Sonstige;2067,0098828656674;413,4019765731334;24,31776332783138;;greenventory
243694489;True;;Elgersweier;Offenburg;77656;Verarbeitendes Gewerbe;;;Erdgasnetz;50;15234,896125874506;4265,770915244862;4456,0;4,013094589254748;;;;;;18579,14161692013;;;;26944,0;178985,5857979526;Gaskessel;Niedrig;4418,119876503608;18579,14161692013;60,0;16;;;29639,0;;;Verarbeitendes Gewerbe (allgemein);;;Unbekannt;;;Privatgebäude - Geringer Wärmebedarf;;False;1096,721155515156;False;;;;;False;False;;False;False;Industrie & Produktion;457,0468837762352;10512,078326853409;8,463831181041392;;greenventory
243694491;True;Kreuzwegstraße 37;Elgersweier;Offenburg;77656;Kunst, Unterhaltung, Erholung;;1979 - 1990;Erdgasnetz;140;57880,26203346747;41673,78866409658;17159,0;15,246508047840212;;;;;;70585,68540666765;;;;22297,0;0,0;Gaskessel;Mittel;21415,69695238296;70585,68540666765;65,0;0;;;24526,0;;;Freizeiteinrichtung (gelegentliche Nutzung);;;Unbekannt;;;Privatgebäude - Geringer Wärmebedarf;;False;15803,627576932564;False;;;;;False;False;;False;True;GHD, Verkehr & Sonstige;8103,236684685447;8103,236684685447;32,15570112970415;;greenventory
243694492;True;;Elgersweier;Offenburg;77656;Büro und Verwaltung;;Vor 1919;Erdgasnetz;64;229977,56860947862;216178,91449290988;170806,0;60,579457097130955;;;;;;280460,4495237544;;;;205049,0;1224207,4678987896;Gaskessel;Mittel;85091,70038550708;280460,4495237544;75,0;93;;;225554,0;;;Büro (Unternehmen);;;Unbekannt;;;Privatgebäude - Mittlerer Wärmebedarf;;False;139219,28503624408;False;;;;;False;False;;False;False;GHD, Verkehr & Sonstige;11498,878430473931;2299,775686094786;135,280922711458;;greenventory
243694493;True;;Elgersweier;Offenburg;77656;Büro und Verwaltung;;1991 - 2000;Erdgasnetz;64;509689,4040445783;479108,0398019036;378549,0;134,25964789466943;;;;;;621572,4439568028;;;;418564,0;79961,74126500107;Gaskessel;Mittel;188585,07949649397;621572,4439568028;55,0;7;;;460420,0;;;Büro (Unternehmen);;;Unbekannt;;;Privatgebäude - Hoher Wärmebedarf;;False;308545,7197007297;False;;;;;False;False;;False;False;GHD, Verkehr & Sonstige;25484,470202228917;5096,8940404457835;299,8172964968108;;greenventory
243694494;True;Werner-von-Siemens-Straße 3;Elgersweier;Offenburg;77656;Büro und Verwaltung;;1991 - 2000;Erdgasnetz;64;1221871,3863226383;1148559,10314328;907491,0;321,85880420206087;;;;;;1490087,0564910225;;;;716727,0;125654,16484500167;Gaskessel;Mittel;452092,4129393763;1490087,0564910225;55,0;11;;;788399,0;;;Büro (Unternehmen);;;Unbekannt;;;Privatgebäude - Hoher Wärmebedarf;;False;739672,4030026597;False;;;;;False;False;;False;True;GHD, Verkehr & Sonstige;61093,569316131914;12218,713863226383;718,7478743074342;;greenventory
243694495;True;Robert-Bosch-Straße 10855906;Elgersweier;Offenburg;77656;Verarbeitendes Gewerbe;;;Erdgasnetz;50;32764,41662173553;9174,036654085949;9583,0;8,630626817432773;;;;;;39956,605636262844;;;;34768,0;33559,79733711611;Gaskessel;Niedrig;9501,680820303307;39956,605636262844;60,0;3;;;38245,0;;;Verarbeitendes Gewerbe (allgemein);;;Unbekannt;;;Privatgebäude - Geringer Wärmebedarf;;False;2358,626442889983;False;;;;;False;False;;False;True;Industrie & Produktion;982,9324986520659;22607,447468997514;18,20245367874196;;greenventory
243694496;False;;Elgersweier;Offenburg;77656;Lager;;;;0;0,0;0,0;13160,0;0,0;;;;;;;;;;70184,0;204141,10635996814;;;0,0;0,0;;17;;;77203,0;;;Lager;;;Unbekannt;;;Privatgebäude - Geringer Wärmebedarf;;False;50418,27169782786;False;;;;;False;False;;False;False;GHD, Verkehr & Sonstige;0,0;0,0;0,0;;greenventory
243694497;True;Robert-Bosch-Straße 18;Elgersweier;Offenburg;77656;Wohngebäude;Ein-/Zweifamilienhaus (1949 - 1957);1949 - 1978;Erdgasnetz;165;34156,3985401954;27632,52641901808;4940,0;8,997295225222201;;;;;;41654,1445612139;;;;19135,0;38707,07441299899;Gaskessel;Mittel;18002,27368442765;41654,1445612139;80,0;3;;;21048,0;;;Wohngebäude;4;2;1-2;Einfamilienhaus;;Privatgebäude - Geringer Wärmebedarf;;False;0,0;False;;;;;False;False;;False;True;Privates Wohnen;6523,872121177321;0,0;18,97577696677522;G;greenventory
243694498;True;Robert-Bosch-Straße 16;Elgersweier;Offenburg;77656;Büro und Verwaltung;;1919 - 1948;Erdgasnetz;64;19209,164234314147;18056,614380255298;14267,0;5,059974969038849;;;;;;23425,810041846522;;;;16886,0;46355,86201094062;Gaskessel;Mittel;7107,390766696237;23425,810041846522;65,0;4;;;18574,0;;;Büro (allgemein);;;Unbekannt;;;Privatgebäude - Geringer Wärmebedarf;;False;11628,46501515185;False;;;;;False;False;;False;True;GHD, Verkehr & Sonstige;960,4582117157074;192,09164234314147;11,299508373125969;;greenventory
243694499;False;;Elgersweier;Offenburg;77656;Lager;;;;0;0,0;0,0;112242,0;0,0;;;;;;;;;;332569,0;12008,300374115774;;;0,0;0,0;;1;;;365826,0;;;Lager;;;Unbekannt;;;Privatgebäude - Geringer Wärmebedarf;;False;430032,59680358245;False;;;;;False;False;;False;False;GHD, Verkehr & Sonstige;0,0;0,0;0,0;;greenventory
243694500;True;;Elgersweier;Offenburg;77656;Büro und Verwaltung;;1949 - 1978;Erdgasnetz;64;68642,74223126625;64524,177697390274;50981,0;18,081502831650624;;;;;;83710,66125764178;;;;99170,0;104300,6895246164;Gaskessel;Mittel;25397,814625568513;83710,66125764178;65,0;9;;;109087,0;;;Büro (Unternehmen);;;Unbekannt;;;Privatgebäude - Geringer Wärmebedarf;;False;41553,58957025783;False;;;;;False;False;;False;False;GHD, Verkehr & Sonstige;3432,137111563313;686,4274223126625;40,37808366545074;;greenventory
243694501;False;Robert-Bosch-Straße 14;Elgersweier;Offenburg;77656;Lager;;;;0;0,0;0,0;18486,0;0,0;;;;;;;;;;164317,0;48033,201496463094;;;0,0;0,0;;4;;;180748,0;;;Lager;;;Unbekannt;;;Privatgebäude - Geringer Wärmebedarf;;False;70823,91054481617;False;;;;;False;False;;False;True;GHD, Verkehr & Sonstige;0,0;0,0;0,0;;greenventory
243694502;False;;Elgersweier;Offenburg;77656;Lager;;;;0;0,0;0,0;9116,0;0,0;;;;;;;;;;81029,0;12445,700232212926;;;0,0;0,0;;1;;;89132,0;;;Lager;;;Unbekannt;;;Privatgebäude - Geringer Wärmebedarf;;False;34925,35954094358;False;;;;;False;False;;False;False;GHD, Verkehr & Sonstige;0,0;0,0;0,0;;greenventory
243694503;True;;Elgersweier;Offenburg;77656;Büro und Verwaltung;;1919 - 1948;Erdgasnetz;64;4169,977396237533;3919,778752463281;3097,0;1,0984330702284235;;;;;;5085,338288094553;;;;9164,0;11588,965502735155;Gaskessel;Mittel;1542,891636607887;5085,338288094553;65,0;1;;;10080,0;;;Büro (Unternehmen);;;Unbekannt;;;Privatgebäude - Geringer Wärmebedarf;;False;2524,3386789052292;False;;;;;False;False;;False;False;GHD, Verkehr & Sonstige;208,49886981187666;41,69977396237533;2,4529278801397254;;greenventory
243694504;True;Industriestraße 15;Elgersweier;Offenburg;77656;Büro und Verwaltung;;Vor 1919;Erdgasnetz;64;15532,680958478351;14600,72010096965;11536,0;4,0915354719894195;;;;;;18942,293851802868;;;;23082,0;0,0;Gaskessel;Mittel;5747,09195463699;18942,293851802868;75,0;0;;;25390,0;;;Büro (allgemein);;;Unbekannt;;;Privatgebäude - Geringer Wärmebedarf;;False;9402,868074527127;False;;;;;False;False;;False;True;GHD, Verkehr & Sonstige;776,6340479239176;155,32680958478352;9,136871152046089;;greenventory
243694505;True;Robert-Bosch-Straße 12;Elgersweier;Offenburg;77656;Handel, Instandhaltung, Reparatur;;Vor 1919;Erdgasnetz;20;11769,567232669653;11063,393198709473;50348,0;3,1002762466544453;;;;;;14353,130771548358;;;;33967,0;50134,07773643619;Gaskessel;Mittel;4354,739876087771;14353,130771548358;35,0;5;;;37364,0;;;Einzelhandel (allgemein);;;Unbekannt;;;Privatgebäude - Geringer Wärmebedarf;;False;22774,097624902046;False;;;;;False;False;;False;True;GHD, Verkehr & Sonstige;588,4783616334827;117,69567232669654;6,538648462594252;;greenventory
243694506;True;;Elgersweier;Offenburg;77656;Büro und Verwaltung;;1991 - 2000;Erdgasnetz;64;9514,01937284853;8943,178210477618;7066,0;2,5061319323601006;;;;;;11602,462649815281;;;;19533,0;0,0;Gaskessel;Mittel;3520,187167953957;11602,462649815281;55,0;0;;;21486,0;;;Büro (Unternehmen);;;Unbekannt;;;Privatgebäude - Geringer Wärmebedarf;;False;5759,409419438293;False;;;;;False;False;;False;False;GHD, Verkehr & Sonstige;475,7009686424265;95,1401937284853;5,596481984028547;;greenventory
243694507;True;Robert-Bosch-Straße 12a;Elgersweier;Offenburg;77656;Handel, Instandhaltung, Reparatur;;1991 - 2000;Erdgasnetz;20;5889,488497553382;5536,119187700179;25194,0;1,5513774578921107;;;;;;7182,303045796808;;;;39138,0;10071,600708918795;Gaskessel;Mittel;2179,110744094751;7182,303045796808;35,0;1;;;43052,0;;;Einzelhandel (allgemein);;;Unbekannt;;;Privatgebäude - Geringer Wärmebedarf;;False;11396,15275162455;False;;;;;False;False;;False;True;GHD, Verkehr & Sonstige;294,47442487766915;58,89488497553383;3,2719380541963234;;greenventory
243694508;True;Industriestraße 11;Elgersweier;Offenburg;77656;Mehrfachnutzung;;1991 - 2000;Erdgasnetz;145;115027,8985926261;93057,56996143452;0,0;30,30003182439907;;;;;;140277,92511295865;;;;41813,0;89492,7928989763;Gaskessel;Niedrig;33358,09059186156;140277,92511295865;60,0;8;;;45994,0;;;Wohn- und Industriegebäude;;;Unbekannt;;;Privatgebäude - Mittlerer Wärmebedarf;;False;0,0;False;;;;;False;False;;False;True;Industrie & Produktion;21970,328631191584;0,0;63,9043881070145;;greenventory
243694509;True;Industriestraße 11a;Elgersweier;Offenburg;77656;Büro und Verwaltung;;1991 - 2000;Erdgasnetz;64;7663,972053450038;7204,133730243036;5692,0;2,0188023945673272;;;;;;9346,307382256146;;;;15734,0;0,0;Gaskessel;Mittel;2835,669659776514;9346,307382256146;55,0;0;;;17308,0;;;Büro (allgemein);;;Unbekannt;;;Privatgebäude - Geringer Wärmebedarf;;False;4639,464258494182;False;;;;;False;False;;False;True;GHD, Verkehr & Sonstige;383,1986026725019;76,63972053450038;4,508218854970611;;greenventory
243694510;True;Industriestraße 9a;Elgersweier;Offenburg;77656;Wohngebäude;Ein-/Zweifamilienhaus (vor 1860);Vor 1919;Heizöl;251;40855,85691690852;33052,388245778995;4050,0;13,255455799708097;;;;;;;45395,3965743428;;;15490,0;27757,539624587942;Ölkessel;Hoch;27880,349034163977;45395,3965743428;90,0;2;;;17039,0;;;Wohngebäude;3;1;0-1;Einfamilienhaus;;Privatgebäude - Geringer Wärmebedarf;;False;0,0;False;;;;;False;False;;False;True;Privates Wohnen;7803,468671129527;0,0;22,6976982871714;H;greenventory
243694511;True;Robert-Bosch-Straße 15;Elgersweier;Offenburg;77656;Büro und Verwaltung;;1949 - 1978;Erdgasnetz;64;22847,634445288255;21476,776378570958;16969,0;6,018401268514955;;;;;;27862,968835717387;;;;19805,0;0,0;Gaskessel;Mittel;8453,624744756655;27862,968835717387;65,0;0;;;21786,0;;;Büro (allgemein);;;Unbekannt;;;Privatgebäude - Geringer Wärmebedarf;;False;13831,050356236328;False;;;;;False;False;;False;True;GHD, Verkehr & Sonstige;1142,3817222644127;228,47634445288256;13,439784967816621;;greenventory
243694512;True;An der Eich 13;Elgersweier;Offenburg;77656;Büro und Verwaltung;;1949 - 1978;Erdgasnetz;64;60862,13599084098;57210,40783139052;45203,0;16,03197728539226;;;;;;74222,1170620012;;;;52758,0;81122,75851914608;Gaskessel;Mittel;22518,99031661116;74222,1170620012;65,0;7;;;58033,0;;;Büro (Unternehmen);;;Unbekannt;;;Privatgebäude - Geringer Wärmebedarf;;False;36843,51960782628;False;;;;;False;False;;False;True;GHD, Verkehr & Sonstige;3043,106799542049;608,6213599084098;35,801256465200574;;greenventory
243694513;True;Robert-Bosch-Straße 12416088;Elgersweier;Offenburg;77656;Verarbeitendes Gewerbe;;;Erdgasnetz;50;209218,2729596613;58581,116428705165;61192,0;55,11115482839859;;;;;;255144,23531666014;;;;370019,0;111865,99112372038;Gaskessel;Niedrig;60673,29915830179;255144,23531666014;60,0;10;;;407021,0;;;Verarbeitendes Gewerbe (allgemein);;;Unbekannt;;;Privatgebäude - Geringer Wärmebedarf;;False;15061,087662127662;False;;;;;False;False;;False;True;Industrie & Produktion;6276,548188789839;144360,6083421663;116,2323738664785;;greenventory
243694514;True;An der Eich 11;Elgersweier;Offenburg;77656;Wohngebäude;Mehrfamilienhaus (1949 - 1957);1949 - 1978;Heizöl;133;52597,836582285534;42551,649795069;8645,0;17,065075868919305;;;;;;;58442,04064698392;;;21906,0;23177,93100547031;Ölkessel;Mittel;30840,458952472996;58442,04064698392;65,0;2;;;24097,0;;;Wohngebäude;7;6;2-8;Mehrfamilienhaus;;Privatgebäude - Geringer Wärmebedarf;;False;0,0;False;;;;;False;False;;False;True;Privates Wohnen;10046,186787216537;0,0;29,221020323491963;E;greenventory
243694515;True;Robert-Bosch-Straße 13;Elgersweier;Offenburg;77656;Büro und Verwaltung;;1949 - 1978;Erdgasnetz;64;32823,02696310365;30853,64534531743;24378,0;8,646065639061451;;;;;;40028,08166232153;;;;28452,0;92711,72402188124;Gaskessel;Mittel;12144,51997634835;40028,08166232153;65,0;8;;;31297,0;;;Büro (allgemein);;;Unbekannt;;;Privatgebäude - Geringer Wärmebedarf;;False;19869,756751312634;False;;;;;False;False;;False;True;GHD, Verkehr & Sonstige;1641,1513481551826;328,2302696310365;19,307662919472737;;greenventory
243694516;True;Am Teichmeistersgraben 13676123;Elgersweier;Offenburg;77656;Büro und Verwaltung;;1949 - 1978;Erdgasnetz;64;109189,64848022991;102638,26957141611;81096,0;28,76215130698739;;;;;;133158,1079027194;;;;94650,0;718515,8611695797;Gaskessel;Mittel;40400,16993768506;133158,1079027194;65,0;62;;;104115,0;;;Büro (Unternehmen);;;Unbekannt;;;Privatgebäude - Mittlerer Wärmebedarf;;False;66099,07603897458;False;;;;;False;False;;False;True;GHD, Verkehr & Sonstige;5459,482424011496;1091,896484802299;64,22920498837054;;greenventory
243694517;True;;Elgersweier;Offenburg;77656;Büro und Verwaltung;;2001 - 2010;Erdgasnetz;64;73115,09874782007;68728,19282295086;54303,0;19,259586987230655;;;;;;89164,75457051229;;;;98772,0;32400,575034548157;Gaskessel;Mittel;27052,586536693423;89164,75457051229;55,0;3;;;108649,0;;;Büro (Unternehmen);;;Unbekannt;;;Privatgebäude - Geringer Wärmebedarf;;False;44260,976557721384;False;;;;;False;False;;False;False;GHD, Verkehr & Sonstige;3655,7549373910038;731,1509874782007;43,00888161636475;;greenventory
243694518;True;Robert-Bosch-Straße 11;Elgersweier;Offenburg;77656;Büro und Verwaltung;;1949 - 1978;Erdgasnetz;64;6140,44469774952;5772,018015884549;4561,0;1,6174829935535322;;;;;;7488,347192377464;;;;8871,0;208601,3790492328;Gaskessel;Mittel;2271,964538167322;7488,347192377464;65,0;18;;;9758,0;;;Büro (Unternehmen);;;Unbekannt;;;Privatgebäude - Geringer Wärmebedarf;;False;3717,181313786836;False;;;;;False;False;;False;True;GHD, Verkehr & Sonstige;307,02223488747603;61,4044469774952;3,612026292793835;;greenventory
243694519;True;An der Eich 6;Elgersweier;Offenburg;77656;Büro und Verwaltung;;1919 - 1948;Erdgasnetz;64;17013,944612583524;15993,107935828511;12636,0;4,481721995509806;;;;;;20748,71294217503;;;;24927,0;34766,896508205464;Gaskessel;Mittel;6295,159506655904;20748,71294217503;65,0;3;;;27419,0;;;Büro (Unternehmen);;;Unbekannt;;;Privatgebäude - Geringer Wärmebedarf;;False;10299,566253056339;False;;;;;False;False;;False;True;GHD, Verkehr & Sonstige;850,6972306291763;170,13944612583524;10,008202713284426;;greenventory
243694520;True;;Elgersweier;Offenburg;77656;Büro und Verwaltung;;1949 - 1978;Erdgasnetz;64;13286,296914348171;12489,11909948728;9868,0;3,499805040852689;;;;;;16202,801115058746;;;;19195,0;46355,86201094062;Gaskessel;Mittel;4915,929858308824;16202,801115058746;65,0;4;;;21115,0;;;Büro (Unternehmen);;;Unbekannt;;;Privatgebäude - Geringer Wärmebedarf;;False;8042,996403426502;False;;;;;False;False;;False;False;GHD, Verkehr & Sonstige;664,3148457174086;132,8629691434817;7,815468773145983;;greenventory
243694521;True;An der Eich 4;Elgersweier;Offenburg;77656;Büro und Verwaltung;;Vor 1919;Erdgasnetz;64;32549,077784551464;30596,133117478374;24174,0;8,573903416418435;;;;;;39693,997298233495;;;;48368,0;49782,800928851706;Gaskessel;Mittel;12043,158780284044;39693,997298233495;75,0;4;;;53205,0;;;Büro (Unternehmen);;;Unbekannt;;;Privatgebäude - Geringer Wärmebedarf;;False;19703,918800225038;False;;;;;False;False;;False;True;GHD, Verkehr & Sonstige;1627,4538892275732;325,49077784551463;19,1465163438538;;greenventory
243694522;False;;Elgersweier;Offenburg;77656;Lager;;;;0;0,0;0,0;3728,0;0,0;;;;;;;;;;33135,0;0,0;;;0,0;0,0;;0;;;36449,0;;;Lager;;;Unbekannt;;;Privatgebäude - Geringer Wärmebedarf;;False;14281,929297859298;False;;;;;False;False;;False;False;GHD, Verkehr & Sonstige;0,0;0,0;0,0;;greenventory
243694523;True;Robert-Bosch-Straße 9;Elgersweier;Offenburg;77656;Büro und Verwaltung;;Vor 1919;Erdgasnetz;64;10136,136486220665;9527,968297047424;7528,0;2,6700066841752;;;;;;12361,142056366665;;;;15062,0;37337,10069663878;Gaskessel;Mittel;3750,3704999016472;12361,142056366665;75,0;3;;;16569,0;;;Büro (allgemein);;;Unbekannt;;;Privatgebäude - Geringer Wärmebedarf;;False;6136,014408595096;False;;;;;False;False;;False;True;GHD, Verkehr & Sonstige;506,80682431103327;101,36136486220664;5,962433227188626;;greenventory
243694526;True;An der Eich 9;Elgersweier;Offenburg;77656;Büro und Verwaltung;;1949 - 1978;Erdgasnetz;64;37220,75676365327;34987,51135783407;27644,0;9,80449202554769;;;;;;45391,166784943016;;;;53774,0;11588,965502735155;Gaskessel;Mittel;13771,680002551711;45391,166784943016;65,0;1;;;59151,0;;;Büro (Unternehmen);;;Unbekannt;;;Privatgebäude - Geringer Wärmebedarf;;False;22531,967689174802;False;;;;;False;False;;False;True;GHD, Verkehr & Sonstige;1861,0378381826636;372,2075676365327;21,894562802148982;;greenventory
243694527;True;Robert-Bosch-Straße 7;Elgersweier;Offenburg;77656;Büro und Verwaltung;;1949 - 1978;Erdgasnetz;64;25406,54357083683;23882,15095658662;18870,0;6,692455379635069;;;;;;30983,589720532724;;;;36706,0;34766,896508205464;Gaskessel;Mittel;9400,421121209627;30983,589720532724;65,0;3;;;40376,0;;;Büro (allgemein);;;Unbekannt;;;Privatgebäude - Geringer Wärmebedarf;;False;15380,112297736086;False;;;;;False;False;;False;True;GHD, Verkehr & Sonstige;1270,3271785418417;254,0654357083683;14,945025629904018;;greenventory
243694528;True;Robert-Bosch-Straße 10a;Elgersweier;Offenburg;77656;Büro und Verwaltung;;1919 - 1948;Erdgasnetz;64;27419,20083900291;25774,048788662734;20364,0;7,222618757591012;;;;;;33438,04980366209;;;;40171,0;46355,86201094062;Gaskessel;Mittel;10145,104310431081;33438,04980366209;65,0;4;;;44188,0;;;Büro (Unternehmen);;;Unbekannt;;;Privatgebäude - Geringer Wärmebedarf;;False;16598,49506259124;False;;;;;False;False;;False;True;GHD, Verkehr & Sonstige;1370,9600419501458;274,1920083900291;16,128941670001712;;greenventory
243694529;True;Robert-Bosch-Straße 8;Elgersweier;Offenburg;77656;Mehrfachnutzung;;2001 - 2010;Erdgasnetz;145;77541,78497825151;62731,30404740548;0,0;20,4256409211004;;;;;;94563,15241250185;;;;27821,0;11385,726277172906;Gaskessel;Mittel;28690,46044195306;94563,15241250185;60,0;1;;;30603,0;;;Wohn- und Bürogebäude;;;Unbekannt;;;Privatgebäude - Geringer Wärmebedarf;;False;0,0;False;;;;;False;False;;False;True;GHD, Verkehr & Sonstige;14810,480930846039;0,0;43,07876943236195;;greenventory
243694530;True;;Elgersweier;Offenburg;77656;Kunst, Unterhaltung, Erholung;;2001 - 2010;Erdgasnetz;140;28850,51191382176;20772,368577951667;8553,0;7,599647040714025;;;;;;35183,55111441678;;;;26702,0;20857,62439828877;Gaskessel;Mittel;10674,689408114053;35183,55111441678;50,0;2;;;29372,0;;;Freizeiteinrichtung (andere);;;Unbekannt;;;Privatgebäude - Geringer Wärmebedarf;;False;7877,344187320028;False;;;;;False;False;;False;False;GHD, Verkehr & Sonstige;4039,0716679350467;4039,0716679350467;16,028062174345422;;greenventory
243694531;True;An der Eich 7;Elgersweier;Offenburg;77656;Land-, Forstwirtschaft, Fischerei;;;Erdgasnetz;64;20346,83713538444;14242,785994769109;4418,0;5,359654660052487;;;;;;24813,216018761515;;;;28455,0;11831,799848856215;Gaskessel;Mittel;7528,329740092246;24813,216018761515;60,0;1;;;31301,0;;;Landwirtschaft;;;Unbekannt;;;Privatgebäude - Geringer Wärmebedarf;;False;1158,2231151100457;False;;;;;False;False;;False;True;GHD, Verkehr & Sonstige;3052,025570307666;3052,025570307666;11,303798408546912;;greenventory
243694532;True;;Elgersweier;Offenburg;77656;Büro und Verwaltung;;1949 - 1978;Erdgasnetz;64;43378,585360895726;40775,87023924198;32218,0;11,426554192626192;;;;;;52900,71385475089;;;;62670,0;0,0;Gaskessel;Mittel;16050,07658353142;52900,71385475089;65,0;0;;;68937,0;;;Büro (Unternehmen);;;Unbekannt;;;Privatgebäude - Geringer Wärmebedarf;;False;26259,672525204187;False;;;;;False;False;;False;False;GHD, Verkehr & Sonstige;2168,9292680447866;433,78585360895727;25,516814918173957;;greenventory
243694533;False;;Elgersweier;Offenburg;77656;Lager;;;;0;0,0;0,0;8144,0;0,0;;;;;;;;;;72390,0;21600,38335636544;;;0,0;0,0;;2;;;79629,0;;;Lager;;;Unbekannt;;;Privatgebäude - Geringer Wärmebedarf;;False;31201,737086000932;False;;;;;False;False;;False;False;GHD, Verkehr & Sonstige;0,0;0,0;0,0;;greenventory
243694534;True;Robert-Bosch-Straße 10;Elgersweier;Offenburg;77656;Wohngebäude;Mehrfamilienhaus (vor 1860);Vor 1919;Heizöl;149;49120,85729605196;39738,773552506034;7410,0;15,936989256052414;;;;;;;54578,73032894662;;;31391,0;0,0;Ölkessel;Mittel;29751,77780621083;54578,73032894662;90,0;0;;;34530,0;;;Wohngebäude;6;5;2-8;Mehrfamilienhaus;;Privatgebäude - Geringer Wärmebedarf;;False;0,0;False;;;;;False;False;;False;True;Privates Wohnen;9382,083743545925;0,0;27,28936516447331;F;greenventory
243694535;False;;Elgersweier;Offenburg;77656;Lager;;;;0;0,0;0,0;4778,0;0,0;;;;;;;;;;42473,0;0,0;;;0,0;0,0;;0;;;46720,0;;;Lager;;;Unbekannt;;;Privatgebäude - Geringer Wärmebedarf;;False;18306,585418665934;False;;;;;False;False;;False;False;GHD, Verkehr & Sonstige;0,0;0,0;0,0;;greenventory
243694536;True;Industriestraße 9;Elgersweier;Offenburg;77656;Mehrfachnutzung;;2001 - 2010;Erdgasnetz;145;405402,09579102247;327970,2954949372;0,0;106,78884474495226;;;;;;494392,7997451494;;;;242418,0;335597,9733711611;Gaskessel;Niedrig;117566,60777939652;494392,7997451494;60,0;30;;;266660,0;;;Wohn- und Industriegebäude;;;Unbekannt;;;Privatgebäude - Hoher Wärmebedarf;;False;0,0;False;;;;;False;False;;False;True;Industrie & Produktion;77431,80029608529;0,0;225,22338655056805;;greenventory
243694537;False;;Elgersweier;Offenburg;77656;Kunst, Unterhaltung, Erholung;;;;0;0,0;0,0;2500,0;0,0;;;;;;;;;;5342,0;0,0;;;0,0;0,0;;0;;;5877,0;;;Freizeiteinrichtung (gelegentliche Nutzung);;;Unbekannt;;;Privatgebäude - Geringer Wärmebedarf;;False;2302,718593336759;False;;;;;False;False;;False;False;GHD, Verkehr & Sonstige;0,0;0,0;0,0;;greenventory
243694538;True;;Elgersweier;Offenburg;77656;Büro und Verwaltung;;1949 - 1978;Erdgasnetz;64;20648,481719537966;19409,572816365686;15336,0;5,439112257829513;;;;;;25181,07526772923;;;;8136,0;0,0;Gaskessel;Mittel;7639,938236229047;25181,07526772923;65,0;0;;;8949,0;;;Büro (Unternehmen);;;Unbekannt;;;Privatgebäude - Geringer Wärmebedarf;;False;12499,77064919518;False;;;;;False;False;;False;False;GHD, Verkehr & Sonstige;1032,4240859768984;206,48481719537966;12,146165717375274;;greenventory
243694539;False;;Elgersweier;Offenburg;77656;Lager;;;;0;0,0;0,0;1734,0;0,0;;;;;;;;;;15413,0;0,0;;;0,0;0,0;;0;;;16955,0;;;Lager;;;Unbekannt;;;Privatgebäude - Geringer Wärmebedarf;;False;6643,511497931167;False;;;;;False;False;;False;False;GHD, Verkehr & Sonstige;0,0;0,0;0,0;;greenventory
243694540;True;;Elgersweier;Offenburg;77656;Büro und Verwaltung;;Vor 1919;Erdgasnetz;64;10838,481330366294;10188,172450544316;8050,0;2,8550145943403895;;;;;;13217,660158983286;;;;24159,0;0,0;Gaskessel;Mittel;4010,2380922355296;13217,660158983286;75,0;0;;;26575,0;;;Büro (Unternehmen);;;Unbekannt;;;Privatgebäude - Geringer Wärmebedarf;;False;6561,186079215223;False;;;;;False;False;;False;False;GHD, Verkehr & Sonstige;541,9240665183147;108,38481330366294;6,375577253156644;;greenventory
243694541;True;;Elgersweier;Offenburg;77656;Büro und Verwaltung;;1991 - 2000;Erdgasnetz;64;32348,34559601366;30407,44486025284;24025,0;8,521027620413356;;;;;;39449,201946358124;;;;44275,0;11588,965502735155;Gaskessel;Mittel;11968,887870525057;39449,201946358124;55,0;1;;;48702,0;;;Büro (Unternehmen);;;Unbekannt;;;Privatgebäude - Geringer Wärmebedarf;;False;19582,4035066207;False;;;;;False;False;;False;False;GHD, Verkehr & Sonstige;1617,417279800683;323,4834559601366;19,028438585890388;;greenventory
243694542;True;;Elgersweier;Offenburg;77656;Büro und Verwaltung;;2001 - 2010;Erdgasnetz;64;8304,917204679357;7806,6221723985955;6168,0;2,1876367270862698;;;;;;10127,947810584583;;;;11219,0;10800,19167818272;Gaskessel;Mittel;3072,8193657313623;10127,947810584583;55,0;1;;;12341,0;;;Büro (Unternehmen);;;Unbekannt;;;Privatgebäude - Geringer Wärmebedarf;;False;5027,466993896244;False;;;;;False;False;;False;False;GHD, Verkehr & Sonstige;415,2458602339679;83,04917204679357;4,885245414517269;;greenventory
243694543;True;;Elgersweier;Offenburg;77656;Büro und Verwaltung;;1979 - 1990;Erdgasnetz;64;14029,040826495488;13187,298376905757;10419,0;3,695454656735397;;;;;;17108,586373774986;;;;19720,0;11588,965502735155;Gaskessel;Mittel;5190,745105803333;17108,586373774986;65,0;1;;;21692,0;;;Büro (Unternehmen);;;Unbekannt;;;Privatgebäude - Geringer Wärmebedarf;;False;8492,624065112766;False;;;;;False;False;;False;False;GHD, Verkehr & Sonstige;701,4520413247744;140,2904082649549;8,25237695676205;;greenventory
243694544;True;Industriestraße 7;Elgersweier;Offenburg;77656;Mehrfachnutzung;;1949 - 1978;Erdgasnetz;145;212355,7203827481;171795,77778964324;0,0;55,93760439350438;;;;;;258970,39071066843;;;;135801,0;11186,599112372038;Gaskessel;Niedrig;61583,15891099695;258970,39071066843;60,0;1;;;149381,0;;;Wohn- und Industriegebäude;;;Unbekannt;;;Privatgebäude - Mittlerer Wärmebedarf;;False;0,0;False;;;;;False;False;;False;True;Industrie & Produktion;40559,94259310489;0,0;117,97540021263784;;greenventory
243694545;False;An der Eich 1;Elgersweier;Offenburg;77656;Lager;;;;0;0,0;0,0;104239,0;0,0;;;;;;;;;;397102,0;76205,3623934805;;;0,0;0,0;;6;;;436812,0;;;Lager;;;Unbekannt;;;Privatgebäude - Geringer Wärmebedarf;;False;399371,57623259677;False;;;;;False;False;;False;True;GHD, Verkehr & Sonstige;0,0;0,0;0,0;;greenventory
243694546;True;;Elgersweier;Offenburg;77656;Büro und Verwaltung;;1949 - 1978;Erdgasnetz;64;42630,66583018694;40072,82588037572;31662,0;11,229541243073633;;;;;;51988,61686608163;;;;61590,0;49029,49284452789;Gaskessel;Mittel;15773,346357169168;51988,61686608163;65,0;4;;;67749,0;;;Büro (Unternehmen);;;Unbekannt;;;Privatgebäude - Geringer Wärmebedarf;;False;25806,911749622926;False;;;;;False;False;;False;False;GHD, Verkehr & Sonstige;2131,5332915093472;426,3066583018694;25,07686225305114;;greenventory
243694547;True;Robert-Bosch-Straße 3;Elgersweier;Offenburg;77656;Büro und Verwaltung;;1949 - 1978;Erdgasnetz;64;53832,671344755625;50602,71106407028;39982,0;14,180313427399042;;;;;;65649,5992009215;;;;33332,0;36772,119633395916;Gaskessel;Mittel;19918,08839755958;65649,5992009215;65,0;3;;;36665,0;;;Büro (allgemein);;;Unbekannt;;;Privatgebäude - Geringer Wärmebedarf;;False;32588,160930313843;False;;;;;False;False;;False;True;GHD, Verkehr & Sonstige;2691,6335672377813;538,3267134475562;31,666277261620955;;greenventory
243694548;True;Robert-Bosch-Straße 4;Elgersweier;Offenburg;77656;Büro und Verwaltung;;1949 - 1978;Erdgasnetz;64;51791,59108916528;48684,09562381536;38466,0;13,642663018609392;;;;;;63160,476938006446;;;;44895,0;36772,119633395916;Gaskessel;Mittel;19162,888702991157;63160,476938006446;65,0;3;;;49384,0;;;Büro (allgemein);;;Unbekannt;;;Privatgebäude - Geringer Wärmebedarf;;False;31352,572017869054;False;;;;;False;False;;False;True;GHD, Verkehr & Sonstige;2589,5795544582643;517,9159108916529;30,465641817156047;;greenventory
243694549;True;;Elgersweier;Offenburg;77656;Büro und Verwaltung;;2001 - 2010;Erdgasnetz;64;200521,72625132496;188490,42267624545;148929,0;52,82035715888561;;;;;;244538,6905503963;;;;162533,0;0,0;Gaskessel;Mittel;74193,03871299025;244538,6905503963;55,0;0;;;178786,0;;;Büro (Unternehmen);;;Unbekannt;;;Privatgebäude - Mittlerer Wärmebedarf;;False;121387,88809593633;False;;;;;False;False;;False;False;GHD, Verkehr & Sonstige;10026,086312566249;2005,2172625132496;117,95395661842645;;greenventory
243694550;True;Carl-Zeiss-Straße 1, 3;Elgersweier;Offenburg;77656;Büro und Verwaltung;;1949 - 1978;Erdgasnetz;64;5679170,6343628885;5338420,396301115;4217952,0;1495,9766549053463;;;;;;6925817,8467840105;;;;1893428,0;34766,896508205464;Gaskessel;Mittel;2101293,134714269;6925817,8467840105;65,0;3;;;2082771,0;;;Büro (Unternehmen);;;Unbekannt;;;Privatgebäude - Hoher Wärmebedarf;;False;3437944,318201854;False;;;;;False;False;;False;True;GHD, Verkehr & Sonstige;283958,5317181444;56791,70634362889;3340,688608448758;;greenventory
243694551;True;Robert-Bosch-Straße 22;Elgersweier;Offenburg;77656;Büro und Verwaltung;;Vor 1919;Erdgasnetz;64;168889,8713870086;158756,4791037881;125435,0;44,48806368243154;;;;;;205963,2577890349;;;;250971,0;72049,80224469464;Gaskessel;Mittel;62489,252413193186;205963,2577890349;75,0;6;;;276068,0;;;Büro (Unternehmen);;;Unbekannt;;;Privatgebäude - Mittlerer Wärmebedarf;;False;102239,21961836702;False;;;;;False;False;;False;True;GHD, Verkehr & Sonstige;8444,49356935043;1688,898713870086;99,34698316882859;;greenventory
243694552;True;Robert-Bosch-Straße 20;Elgersweier;Offenburg;77656;Büro und Verwaltung;;1949 - 1978;Erdgasnetz;64;55477,25701729087;52148,62159625341;41203,0;14,613521360652229;;;;;;67655,19148450106;;;;80150,0;57944,82751367578;Gaskessel;Mittel;20526,58509639762;67655,19148450106;65,0;5;;;88164,0;;;Büro (Unternehmen);;;Unbekannt;;;Privatgebäude - Geringer Wärmebedarf;;False;33583,72777144345;False;;;;;False;False;;False;True;GHD, Verkehr & Sonstige;2773,8628508645434;554,7725701729087;32,63368059840639;;greenventory
243694553;True;Werner-von-Siemens-Straße 8b;Elgersweier;Offenburg;77656;Wohngebäude;Ein-/Zweifamilienhaus (1958 - 1968);1949 - 1978;Erdgasnetz;161;13357,201779299163;10805,976239453023;3440,0;3,5184824199129507;;;;;;16289,270462559956;;;;7722,0;13646,517366863898;Gaskessel;Mittel;6093,926410966493;16289,270462559956;80,0;1;;;8494,0;;;Wohngebäude;2;1;0-1;Einfamilienhaus;;Privatgebäude - Geringer Wärmebedarf;;False;0,0;False;;;;;False;False;;False;True;Privates Wohnen;2551,2255398461402;0,0;7,420667655166201;F;greenventory
243694554;True;Werner-von-Siemens-Straße 5;Elgersweier;Offenburg;77656;Büro und Verwaltung;;1949 - 1978;Erdgasnetz;64;119577,36439470772;112402,72253102525;88811,0;31,498427694215696;;;;;;145826,05413988748;;;;172757,0;85801,61247792382;Gaskessel;Mittel;44243,62482604185;145826,05413988748;65,0;7;;;190032,0;;;Büro (Unternehmen);;;Unbekannt;;;Privatgebäude - Mittlerer Wärmebedarf;;False;72387,38664038344;False;;;;;False;False;;False;True;GHD, Verkehr & Sonstige;5978,868219735386;1195,7736439470773;70,33962611453396;;greenventory
243694555;True;;Elgersweier;Offenburg;77656;Büro und Verwaltung;;1949 - 1978;Erdgasnetz;64;131274,82663061612;123398,33703277915;97499,0;34,579710429528156;;;;;;160091,25198855627;;;;81281,0;49029,49284452789;Gaskessel;Mittel;48571,685853327974;160091,25198855627;65,0;4;;;89409,0;;;Büro (allgemein);;;Unbekannt;;;Privatgebäude - Mittlerer Wärmebedarf;;False;79468,56564000572;False;;;;;False;False;;False;False;GHD, Verkehr & Sonstige;6563,741331530807;1312,7482663061612;77,2204862533036;;greenventory
243694556;True;Robert-Bosch-Straße 2;Elgersweier;Offenburg;77656;Handel, Instandhaltung, Reparatur;;Vor 1919;Erdgasnetz;20;79393,86724476032;74630,2352100747;339629,0;20,913506493741743;;;;;;96821,78932287844;;;;229131,0;95446,1191794437;Gaskessel;Mittel;29375,730880561314;96821,78932287844;35,0;9;;;252044,0;;;Einzelhandel (allgemein);;;Unbekannt;;;Privatgebäude - Geringer Wärmebedarf;;False;153627,03213349616;False;;;;;False;False;;False;True;GHD, Verkehr & Sonstige;3969,693362238016;793,9386724476032;44,10770402486684;;greenventory
243694557;True;Werner-von-Siemens-Straße 6a;Elgersweier;Offenburg;77656;Wohngebäude;Mehrfamilienhaus (2010 - 2015);2011 - 2019;Erdgasnetz;69;39691,97460854472;32110,80745831268;13585,0;10,455446970055682;;;;;;48404,84708359112;;;;20998,0;0,0;Gaskessel;Mittel;22652,14799787091;48404,84708359112;35,0;0;;;23098,0;;;Wohngebäude;11;8;2-8;Mehrfamilienhaus;;Privatgebäude - Geringer Wärmebedarf;;False;0,0;False;;;;;False;False;;False;True;Privates Wohnen;7581,167150232041;0,0;22,051097004747067;C;greenventory
243694558;True;;Elgersweier;Offenburg;77656;Gastgewerbe und Gastronomie;;1949 - 1978;Erdgasnetz;133;56265,49632104681;39385,84742473277;48285,0;14,821155128470869;;;;;;68616,45892810587;;;;39286,0;81122,75851914608;Gaskessel;Mittel;20818,23363878733;68616,45892810587;65,0;7;;;43215,0;;;Restaurant;;;Unbekannt;;;Privatgebäude - Geringer Wärmebedarf;;False;31113,79037642642;False;;;;;False;False;;False;False;GHD, Verkehr & Sonstige;15754,33896989311;1125,3099264209363;31,25860906724823;;greenventory
243694559;True;Industriestraße 4;Elgersweier;Offenburg;77656;Büro und Verwaltung;;1919 - 1948;Erdgasnetz;64;7738,786841283399;7274,459630806395;5748,0;2,038509704533188;;;;;;9437,544928394389;;;;17007,0;49029,49284452789;Gaskessel;Mittel;2863,3511312748587;9437,544928394389;65,0;4;;;18708,0;;;Büro (Unternehmen);;;Unbekannt;;;Privatgebäude - Geringer Wärmebedarf;;False;4684,75415931049;False;;;;;False;False;;False;True;GHD, Verkehr & Sonstige;386,93934206417;77,38786841283398;4,552227553696117;;greenventory
243694560;True;;Elgersweier;Offenburg;77656;Büro und Verwaltung;;1949 - 1978;Erdgasnetz;63;2538,1255069090835;2385,8379764945385;1885,0;0,6685794018199537;;;;;;3095,275008425712;;;;5500,0;162245,51703829216;Gaskessel;Mittel;939,106437556361;3095,275008425712;65,0;14;;;6050,0;;;Büro (Unternehmen);;;Unbekannt;;;Privatgebäude - Geringer Wärmebedarf;;False;1536,4803643270338;False;;;;;False;False;;False;False;GHD, Verkehr & Sonstige;126,90627534545418;25,381255069090834;1,4930150040641668;;greenventory
243694561;True;;Elgersweier;Offenburg;77656;Büro und Verwaltung;;1919 - 1948;Erdgasnetz;64;9178,42899144484;8627,723251958148;6817,0;2,4177325148196163;;;;;;11193,206087127854;;;;13447,0;34766,896508205464;Gaskessel;Mittel;3396,018726834591;11193,206087127854;65,0;3;;;14792,0;;;Büro (Unternehmen);;;Unbekannt;;;Privatgebäude - Geringer Wärmebedarf;;False;5556,256332610953;False;;;;;False;False;;False;False;GHD, Verkehr & Sonstige;458,921449572242;91,78428991444841;5,399075877320494;;greenventory
243694562;True;;Elgersweier;Offenburg;77656;Büro und Verwaltung;;Vor 1919;Erdgasnetz;64;5291,330644545238;4973,850805872524;3930,0;1,3938139258802091;;;;;;6452,842249445413;;;;11794,0;87119,90162549047;Gaskessel;Mittel;1957,7923384817382;6452,842249445413;75,0;7;;;12974,0;;;Büro (Unternehmen);;;Unbekannt;;;Privatgebäude - Geringer Wärmebedarf;;False;3203,1613938612404;False;;;;;False;False;;False;False;GHD, Verkehr & Sonstige;264,5665322272619;52,913306445452385;3,112547437967787;;greenventory
243694563;True;Werner-von-Siemens-Straße 7;Elgersweier;Offenburg;77656;Mehrfachnutzung;;1949 - 1978;Erdgasnetz;145;75663,33077000742;61211,63459293601;0,0;19,930828593075127;;;;;;92272,35459757003;;;;20737,0;11831,799848856215;Gaskessel;Mittel;27995,432384902742;92272,35459757003;60,0;1;;;22811,0;;;Wohn- und Bürogebäude;;;Unbekannt;;;Privatgebäude - Geringer Wärmebedarf;;False;0,0;False;;;;;False;False;;False;True;GHD, Verkehr & Sonstige;14451,696177071417;0,0;42,035183761115235;;greenventory
243694565;True;Industriestraße 5;Elgersweier;Offenburg;77656;Büro und Verwaltung;;1949 - 1978;Erdgasnetz;64;7118,319920285365;6691,220725068242;5287,0;1,875069637538584;;;;;;8680,877951567518;;;;15426,0;23177,93100547031;Gaskessel;Mittel;2633,7783705055854;8680,877951567518;65,0;2;;;16969,0;;;Büro (allgemein);;;Unbekannt;;;Privatgebäude - Geringer Wärmebedarf;;False;4309,148131069239;False;;;;;False;False;;False;True;GHD, Verkehr & Sonstige;355,9159960142683;71,18319920285364;4,187247011932567;;greenventory
243694566;True;Industriestraße 4a;Elgersweier;Offenburg;77656;Büro und Verwaltung;;1949 - 1978;Erdgasnetz;64;38017,64400050102;35736,58536047096;28236,0;10,014403785497832;;;;;;46362,98048841589;;;;54925,0;150656,55153555702;Gaskessel;Mittel;14066,52828018538;46362,98048841589;65,0;13;;;60418,0;;;Büro (Unternehmen);;;Unbekannt;;;Privatgebäude - Geringer Wärmebedarf;;False;23014,37156899337;False;;;;;False;False;;False;True;GHD, Verkehr & Sonstige;1900,8822000250511;380,17644000501025;22,36332000029472;;greenventory
243694567;True;Industriestraße 3;Elgersweier;Offenburg;77656;Mehrfachnutzung;;1949 - 1978;Erdgasnetz;145;124894,66237614828;101039,78186230396;0,0;32,89908179664394;;;;;;152310,56387335158;;;;47922,0;98923,14415407214;Gaskessel;Mittel;46211,025079174855;152310,56387335158;60,0;9;;;52714,0;;;Wohn- und Bürogebäude;;;Unbekannt;;;Privatgebäude - Mittlerer Wärmebedarf;;False;0,0;False;;;;;False;False;;False;True;GHD, Verkehr & Sonstige;23854,88051384432;0,0;69,3859235423046;;greenventory
243694568;True;Industriestraße 4c;Elgersweier;Offenburg;77656;Büro und Verwaltung;;1949 - 1978;Erdgasnetz;64;62830,44243535813;59060,61588923664;46665,0;16,55045800736263;;;;;;76622,49077482699;;;;54464,0;150656,55153555702;Gaskessel;Mittel;23247,263701082506;76622,49077482699;65,0;13;;;59910,0;;;Büro (Unternehmen);;;Unbekannt;;;Privatgebäude - Geringer Wärmebedarf;;False;38035,054145715185;False;;;;;False;False;;False;True;GHD, Verkehr & Sonstige;3141,5221217679064;628,3044243535813;36,95908378550478;;greenventory
243694637;True;Töpferweg 2;Elgersweier;Offenburg;77656;Wohngebäude;Mehrfamilienhaus (1984 - 1994);1979 - 1990;Stromnetz;96;23921,388334308314;19352,403162455426;6175,0;6,219560966920161;;;;;;;;;23921,388334308314;13520,0;23177,93100547031;Elektroheizung;Mittel;12949,35484210523;23921,388334308314;65,0;2;;;14872,0;;;Wohngebäude;5;4;2-8;Mehrfamilienhaus;;Privatgebäude - Geringer Wärmebedarf;Nachtspeicherheizung;False;0,0;False;;;;;False;False;;False;True;Privates Wohnen;4568,985171852888;0,0;13,289660185726841;C;greenventory
243694638;True;Töpferweg 1;Elgersweier;Offenburg;77656;Wohngebäude;Ein-/Zweifamilienhaus (1984 - 1994);1979 - 1990;Erdgasnetz;114;23932,2861132612;19361,219465628314;4940,0;6,304114390810268;;;;;;29185,71477226976;;;;11350,0;24449,339994211812;Gaskessel;Mittel;10563,51119974268;29185,71477226976;65,0;2;;;12485,0;;;Wohngebäude;4;2;1-2;Einfamilienhaus;;Privatgebäude - Geringer Wärmebedarf;;False;0,0;False;;;;;False;False;;False;True;Privates Wohnen;4571,06664763289;0,0;13,295714507367334;E;greenventory
243694639;True;Töpferweg 1a;Elgersweier;Offenburg;77656;Wohngebäude;Ein-/Zweifamilienhaus (1979 - 1983);1979 - 1990;Erdgasnetz;142;28491,840643047217;23049,8990802252;4940,0;7,505167779144146;;;;;;34746,14712566734;;;;10857,0;0,0;Gaskessel;Mittel;17506,192335437725;34746,14712566734;80,0;0;;;11943,0;;;Wohngebäude;4;2;1-2;Einfamilienhaus;;Privatgebäude - Geringer Wärmebedarf;;False;0,0;False;;;;;False;False;;False;True;Privates Wohnen;5441,941562822019;0,0;15,828800357248454;F;greenventory
243694640;True;Im Leimenbosch 6;Elgersweier;Offenburg;77656;Wohngebäude;Mehrfamilienhaus (2010 - 2015);2001 - 2010;Stromnetz;69;26959,674920648657;21810,377010804765;8645,0;7,00951547936865;;;;;;;;;26959,674920648657;20227,0;108001,91678182721;Elektroheizung;Mittel;15385,844425728177;26959,674920648657;55,0;10;;;22249,0;;;Wohngebäude;7;6;2-8;Mehrfamilienhaus;;Privatgebäude - Geringer Wärmebedarf;Nachtspeicherheizung;False;0,0;False;;;;;False;False;;False;True;Privates Wohnen;5149,297909843894;0,0;14,977597178138142;B;greenventory
243694641;True;Im Leimenbosch 1;Elgersweier;Offenburg;77656;Wohngebäude;Ein-/Zweifamilienhaus (2010 - 2015);2001 - 2010;Erdgasnetz;86;17997,284566346272;14559,803214174135;4940,0;4,740748129671701;;;;;;21947,90800773936;;;;10881,0;0,0;Gaskessel;Mittel;9008,964748064076;21947,90800773936;55,0;0;;;11969,0;;;Wohngebäude;4;2;1-2;Einfamilienhaus;;Privatgebäude - Geringer Wärmebedarf;;False;0,0;False;;;;;False;False;;False;True;Privates Wohnen;3437,481352172138;0,0;9,998491425747929;D;greenventory
243694642;True;Sattlerweg 2;Elgersweier;Offenburg;77656;Wohngebäude;Ein-/Zweifamilienhaus (2002 - 2009);2001 - 2010;Erdgasnetz;86;17871,291623336132;14457,874923278932;4940,0;4,707559744683664;;;;;;21794,25807723919;;;;10835,0;10800,19167818272;Gaskessel;Mittel;6218,892440531765;21794,25807723919;55,0;1;;;11919,0;;;Wohngebäude;4;2;1-2;Einfamilienhaus;;Privatgebäude - Geringer Wärmebedarf;;False;0,0;False;;;;;False;False;;False;True;Privates Wohnen;3413,416700057201;0,0;9,92849534629785;D;greenventory
243694644;True;;Elgersweier;Offenburg;77656;Sportstätte;;1979 - 1990;Erdgasnetz;115;14143,668698443727;10183,441462879484;12979,0;3,7256493156876163;;;;;;17248,376461516742;;;;16640,0;4966850,005893184;Gaskessel;Mittel;5233,15741842418;17248,376461516742;60,0;444;;;18304,0;;;Sporthalle;;;Unbekannt;;;Privatgebäude - Geringer Wärmebedarf;;False;4717,795774337388;False;;;;;False;False;;False;False;GHD, Verkehr & Sonstige;1980,113617782122;1980,113617782122;7,857593721357627;;greenventory
243694645;True;;Elgersweier;Offenburg;77656;Wohngebäude;Mehrfamilienhaus (1979 - 1983);1979 - 1990;Erdgasnetz;109;27059,686426184133;21891,286318782964;6175,0;7,127917400068016;;;;;;32999,61759290748;;;;22396,0;0,0;Gaskessel;Mittel;16223,295041640122;32999,61759290748;65,0;0;;;24636,0;;;Wohngebäude;5;4;2-8;Mehrfamilienhaus;;Privatgebäude - Geringer Wärmebedarf;;False;0,0;False;;;;;False;False;;False;False;Privates Wohnen;5168,400107401169;0,0;15,033159125657852;E;greenventory
243694646;True;Im Leimenbosch 8;Elgersweier;Offenburg;77656;Wohngebäude;Mehrfamilienhaus (1979 - 1983);1979 - 1990;Erdgasnetz;109;81535,14114770875;65961,92918849639;17290,0;21,477549375494014;;;;;;99433,09896062044;;;;40490,0;0,0;Gaskessel;Mittel;48883,36953605945;99433,09896062044;65,0;0;;;44539,0;;;Wohngebäude;14;11;8-20;Mehrfamilienhaus;;Privatgebäude - Geringer Wärmebedarf;;False;0,0;False;;;;;False;False;;False;True;Privates Wohnen;15573,211959212373;0,0;45,297300637615976;E;greenventory
243694647;True;Im Leimenbosch 4;Elgersweier;Offenburg;77656;Wohngebäude;Mehrfamilienhaus (1984 - 1994);1979 - 1990;Heizöl;96;29398,98187570521;23783,776337445517;7410,0;9,53833634189547;;;;;;;32665,53541745023;;;16616,0;97797,35997684725;Ölkessel;Mittel;15914,538194220364;32665,53541745023;65,0;8;;;18277,0;;;Wohngebäude;6;4;2-8;Mehrfamilienhaus;;Privatgebäude - Geringer Wärmebedarf;;False;0,0;False;;;;;False;False;;False;True;Privates Wohnen;5615,205538259695;0,0;16,332767708725115;D;greenventory
243694648;True;;Elgersweier;Offenburg;77656;Wohngebäude;Ein-/Zweifamilienhaus (1979 - 1983);1979 - 1990;Heizöl;142;5979,043110460852;4837,04587636283;2050,0;1,9398673202828545;;;;;;;6643,381233845392;;;5696,0;0,0;Ölkessel;Mittel;3673,6931104219093;6643,381233845392;80,0;0;;;6266,0;;;Wohngebäude;1;1;0-1;Einfamilienhaus;;Privatgebäude - Geringer Wärmebedarf;;False;0,0;False;;;;;False;False;;False;False;Privates Wohnen;1141,9972340980228;0,0;3,321690616922696;E;greenventory
243694649;True;Im Leimenbosch 2;Elgersweier;Offenburg;77656;Wohngebäude;Mehrfamilienhaus (1979 - 1983);1979 - 1990;Heizöl;109;43723,776650627406;35372,535310357576;9880,0;14,185936424425782;;;;;;;48581,97405625267;;;21713,0;23177,93100547031;Ölkessel;Mittel;26214,040982068138;48581,97405625267;65,0;2;;;23884,0;;;Wohngebäude;8;6;2-8;Mehrfamilienhaus;;Privatgebäude - Geringer Wärmebedarf;;False;0,0;False;;;;;False;False;;False;True;Privates Wohnen;8351,241340269835;0,0;24,290987028126338;D;greenventory
243694650;True;;Elgersweier;Offenburg;77656;Wohngebäude;Ein-/Zweifamilienhaus (1984 - 1994);1979 - 1990;Heizöl;113;6012,058776709579;4863,75555035805;2050,0;1,9505790697768857;;;;;;;6680,065307455088;;;7128,0;0,0;Ölkessel;Mittel;2653,672529265478;6680,065307455088;65,0;0;;;7841,0;;;Wohngebäude;1;1;0-1;Einfamilienhaus;;Privatgebäude - Geringer Wärmebedarf;;False;0,0;False;;;;;False;False;;False;False;Privates Wohnen;1148,3032263515297;0,0;3,340032653727544;D;greenventory
243694651;True;Kreuzwegstraße 35;Elgersweier;Offenburg;77656;Wohngebäude;Mehrfamilienhaus (1984 - 1994);1979 - 1990;Heizöl;96;35915,01578083094;29055,24776669223;8645,0;11,652427342225149;;;;;;;39905,573089812155;;;14499,0;69533,79301641093;Ölkessel;Mittel;19441,86002109131;39905,573089812155;65,0;6;;;15949,0;;;Wohngebäude;7;5;2-8;Mehrfamilienhaus;;Privatgebäude - Geringer Wärmebedarf;;False;0,0;False;;;;;False;False;;False;True;Privates Wohnen;6859,768014138709;0,0;19,952786544906076;D;greenventory
243694652;True;Kreuzwegstraße 33;Elgersweier;Offenburg;77656;Wohngebäude;Mehrfamilienhaus (1984 - 1994);1979 - 1990;Erdgasnetz;96;46890,23470936216;37934,19987987399;11115,0;12,351574021002715;;;;;;57183,213060197755;;;;18930,0;57944,82751367578;Gaskessel;Mittel;25383,07055574526;57183,213060197755;65,0;5;;;20823,0;;;Wohngebäude;9;7;2-8;Mehrfamilienhaus;;Privatgebäude - Geringer Wärmebedarf;;False;0,0;False;;;;;False;False;;False;True;Privates Wohnen;8956,034829488171;0,0;26,050130394090086;D;greenventory
243694658;True;Im Leimenbosch 12;Elgersweier;Offenburg;77656;Wohngebäude;Ein-/Zweifamilienhaus (2002 - 2009);2001 - 2010;Stromnetz;86;17378,71622914684;14059,381429379795;4940,0;1,4575697482510253;;;;;;;;;5606,037493273175;10537,0;10800,19167818272;Elektrische Luftwärmepumpe;Mittel;6047,484941852948;5606,037493273175;55,0;1;;;11590,0;;;Wohngebäude;4;2;1-2;Einfamilienhaus;;Privatgebäude - Geringer Wärmebedarf;Wärmepumpe;False;0,0;False;;;;;False;False;;False;True;Privates Wohnen;3319,3347997670467;0,0;9,654842349526023;A+;greenventory
243694659;True;Im Leimenbosch 10;Elgersweier;Offenburg;77656;Wohngebäude;Ein-/Zweifamilienhaus (2002 - 2009);2001 - 2010;Stromnetz;86;12830,760142492147;10380,084955276147;4050,0;1,0761282700154702;;;;;;;;;4138,954884674886;7779,0;10800,19167818272;Elektrische Luftwärmepumpe;Mittel;4464,876906391462;4138,954884674886;55,0;1;;;8557,0;;;Wohngebäude;3;1;0-1;Einfamilienhaus;;Privatgebäude - Geringer Wärmebedarf;Wärmepumpe;False;0,0;False;;;;;False;False;;False;True;Privates Wohnen;2450,6751872160003;0,0;7,128200079162304;A+;greenventory
243694660;True;Im Leimenbosch 14;Elgersweier;Offenburg;77656;Wohngebäude;Ein-/Zweifamilienhaus (2002 - 2009);2001 - 2010;Stromnetz;86;14116,379437535114;11420,150964965907;4050,0;1,183954404438429;;;;;;;;;4553,670786301649;8559,0;32400,575034548157;Elektrische Luftwärmepumpe;Mittel;4912,249613627941;4553,670786301649;55,0;3;;;9415,0;;;Wohngebäude;3;1;0-1;Einfamilienhaus;;Privatgebäude - Geringer Wärmebedarf;Wärmepumpe;False;0,0;False;;;;;False;False;;False;True;Privates Wohnen;2696,2284725692066;0,0;7,842433020852841;A+;greenventory
243694661;True;Im Leimenbosch 18;Elgersweier;Offenburg;77656;Wohngebäude;Ein-/Zweifamilienhaus (2002 - 2009);2001 - 2010;Heizöl;86;14078,279685287262;11389,328265397395;4050,0;4,567619631226534;;;;;;;15642,532983652512;;;8536,0;32400,575034548157;Ölkessel;Mittel;4898,991575751657;15642,532983652512;55,0;3;;;9389,0;;;Wohngebäude;3;1;0-1;Einfamilienhaus;;Privatgebäude - Geringer Wärmebedarf;;False;0,0;False;;;;;False;False;;False;True;Privates Wohnen;2688,951419889867;0,0;7,821266491826257;C;greenventory
243694663;True;Im Leimenbosch 3;Elgersweier;Offenburg;77656;Wohngebäude;Ein-/Zweifamilienhaus (1984 - 1994);1979 - 1990;Erdgasnetz;114;23786,4323400891;19243,223763132082;4940,0;6,265694372511276;;;;;;29007,844317181833;;;;11281,0;0,0;Gaskessel;Mittel;10499,132562485187;29007,844317181833;65,0;0;;;12409,0;;;Wohngebäude;4;2;1-2;Einfamilienhaus;;Privatgebäude - Geringer Wärmebedarf;;False;0,0;False;;;;;False;False;;False;True;Privates Wohnen;4543,2085769570185;0,0;13,214684633382834;E;greenventory
243694678;True;Sportplatzstraße 23;Elgersweier;Offenburg;77656;Wohngebäude;Ein-/Zweifamilienhaus (1958 - 1968);1949 - 1978;Stromnetz;160;27064,909868245817;21895,512083410867;4050,0;2,2699601824980364;;;;;;;;;8730,616086530908;9388,0;25804,716275332663;Elektrische Luftwärmepumpe;Mittel;12347,763534735237;8730,616086530908;80,0;2;;;10327,0;;;Wohngebäude;3;1;0-1;Einfamilienhaus;;Privatgebäude - Geringer Wärmebedarf;Wärmepumpe;False;0,0;False;;;;;False;False;;False;True;Privates Wohnen;5169,397784834951;0,0;15,036061037914342;B;greenventory
243694679;True;Felix-Kempf-Straße 1;Elgersweier;Offenburg;77656;Wohngebäude;Ein-/Zweifamilienhaus (1958 - 1968);1949 - 1978;Heizöl;160;27419,532940661327;22182,402148995014;4050,0;8,896115131859009;;;;;;;30466,14771184592;;;9511,0;12902,358137666331;Ölkessel;Mittel;12509,552429043933;30466,14771184592;80,0;1;;;10462,0;;;Wohngebäude;3;1;0-1;Einfamilienhaus;;Privatgebäude - Geringer Wärmebedarf;;False;0,0;False;;;;;False;False;;False;True;Privates Wohnen;5237,130791666314;0,0;15,23307385592296;F;greenventory
243694681;True;Felix-Kempf-Straße 12;Elgersweier;Offenburg;77656;Wohngebäude;Ein-/Zweifamilienhaus (2010 - 2015);2011 - 2019;Erdgasnetz;86;10344,045929206291;8368,333156727891;3440,0;2,7247730740348284;;;;;;12614,69015756865;;;;10290,0;20053,631094574474;Gaskessel;Mittel;5177,955862454533;12614,69015756865;35,0;2;;;11319,0;;;Wohngebäude;2;1;0-1;Einfamilienhaus;;Privatgebäude - Geringer Wärmebedarf;;False;0,0;False;;;;;False;False;;False;True;Privates Wohnen;1975,7127724784018;0,0;5,746692182892384;D;greenventory
243694688;True;Felix-Kempf-Straße 4;Elgersweier;Offenburg;77656;Wohngebäude;Ein-/Zweifamilienhaus (vor 1860);Vor 1919;Stromnetz;251;48014,650600377085;38843,852335705065;4940,0;4,02703521164453;;;;;;;;;15488,596967863576;10922,0;41636,309436881915;Elektrische Luftwärmepumpe;Hoch;32765,564560657323;15488,596967863576;90,0;3;;;12015,0;;;Wohngebäude;4;2;1-2;Einfamilienhaus;;Privatgebäude - Geringer Wärmebedarf;Wärmepumpe;False;0,0;False;;;;;False;False;;False;True;Privates Wohnen;9170,798264672023;0,0;26,67480588909838;C;greenventory
243694689;True;Felix-Kempf-Straße 6;Elgersweier;Offenburg;77656;Wohngebäude;Mehrfamilienhaus (1860 - 1918);Vor 1919;Heizöl;150;39590,64905398882;32028,835084676957;6175,0;12,84496613751637;;;;;;;43989,61005998757;;;15104,0;13878,769812293971;Ölkessel;Mittel;26345,84032796204;43989,61005998757;90,0;1;;;16615,0;;;Wohngebäude;5;4;2-8;Mehrfamilienhaus;;Privatgebäude - Geringer Wärmebedarf;;False;0,0;False;;;;;False;False;;False;True;Privates Wohnen;7561,813969311865;0,0;21,99480502999379;F;greenventory
243694690;True;Felix-Kempf-Straße 13;Elgersweier;Offenburg;77656;Wohngebäude;Ein-/Zweifamilienhaus (2010 - 2015);2011 - 2019;Erdgasnetz;86;15246,336453632945;12334,286190989053;4050,0;4,016108139005751;;;;;;18593,093236137738;;;;9100,0;20053,631094574474;Gaskessel;Mittel;7631,912866719114;18593,093236137738;35,0;2;;;10010,0;;;Wohngebäude;3;1;0-1;Einfamilienhaus;;Privatgebäude - Geringer Wärmebedarf;;False;0,0;False;;;;;False;False;;False;True;Privates Wohnen;2912,0502626438924;0,0;8,47018691868497;D;greenventory
243694691;True;Felix-Kempf-Straße 9;Elgersweier;Offenburg;77656;Wohngebäude;Mehrfamilienhaus (1919 - 1948);1919 - 1948;Erdgasnetz;133;41638,69945042424;33685,707855393215;7410,0;10,96824278206297;;;;;;50778,90176881005;;;;12646,0;93859,30979229948;Gaskessel;Mittel;24415,20495888366;50778,90176881005;65,0;9;;;13911,0;;;Wohngebäude;6;4;2-8;Mehrfamilienhaus;;Privatgebäude - Geringer Wärmebedarf;;False;0,0;False;;;;;False;False;;False;True;Privates Wohnen;7952,99159503103;0,0;23,132610805791245;F;greenventory
243694692;True;Waldhornstraße 9;Elgersweier;Offenburg;77656;Wohngebäude;Mehrfamilienhaus (vor 1860);Vor 1919;Stromnetz;149;43079,78727219595;34851,54790320653;6175,0;3,6131434486357894;;;;;;;;;13896,705571676113;16518,0;0,0;Elektrische Luftwärmepumpe;Mittel;26092,790912348726;13896,705571676113;90,0;0;;;18170,0;;;Wohngebäude;5;4;2-8;Mehrfamilienhaus;;Privatgebäude - Geringer Wärmebedarf;Wärmepumpe;False;0,0;False;;;;;False;False;;False;True;Privates Wohnen;8228,239368989427;0,0;23,933215151219972;A;greenventory
243694693;True;Felix-Kempf-Straße 11;Elgersweier;Offenburg;77656;Wohngebäude;Mehrfamilienhaus (1958 - 1968);1949 - 1978;Stromnetz;126;41440,8964781728;33525,685250841794;7410,0;3,4756880917177186;;;;;;;;;13368,031121991226;13031,0;11588,965502735155;Elektrische Luftwärmepumpe;Mittel;26498,46508734815;13368,031121991226;65,0;1;;;14334,0;;;Wohngebäude;6;5;2-8;Mehrfamilienhaus;;Privatgebäude - Geringer Wärmebedarf;Wärmepumpe;False;0,0;False;;;;;False;False;;False;True;Privates Wohnen;7915,211227331005;0,0;23,022720265651554;A;greenventory
243694694;True;Sportplatzstraße 21;Elgersweier;Offenburg;77656;Wohngebäude;Mehrfamilienhaus (1919 - 1948);1919 - 1948;Stromnetz;133;33801,77074798818;27345,63253512244;6175,0;2,8349872240248146;;;;;;;;;10903,797015480057;14372,0;57944,82751367578;Elektrische Luftwärmepumpe;Mittel;19819,955274249598;10903,797015480057;65,0;5;;;15809,0;;;Wohngebäude;5;4;2-8;Mehrfamilienhaus;;Privatgebäude - Geringer Wärmebedarf;Wärmepumpe;False;0,0;False;;;;;False;False;;False;True;Privates Wohnen;6456,138212865742;0,0;18,778761526660098;A;greenventory
243694695;True;Felix-Kempf-Straße 7;Elgersweier;Offenburg;77656;Wohngebäude;Mehrfamilienhaus (1919 - 1948);1919 - 1948;Stromnetz;132;38385,77503416621;31054,092002640467;6175,0;3,2194520996397467;;;;;;;;;12382,508075537487;16321,0;23177,93100547031;Elektrische Luftwärmepumpe;Mittel;22507,825108241195;12382,508075537487;65,0;2;;;17953,0;;;Wohngebäude;5;4;2-8;Mehrfamilienhaus;;Privatgebäude - Geringer Wärmebedarf;Wärmepumpe;False;0,0;False;;;;;False;False;;False;True;Privates Wohnen;7331,683031525747;0,0;21,325430574536785;A;greenventory
243694696;True;;Elgersweier;Offenburg;77656;Wohngebäude;Ein-/Zweifamilienhaus (1979 - 1983);1979 - 1990;Stromnetz;142;8255,2106064415;6678,465380611174;2050,0;0,6923725024757388;;;;;;;;;2662,971163368226;5243,0;66897,87286602298;Elektrische Luftwärmepumpe;Mittel;5072,234765610924;2662,971163368226;80,0;5;;;5767,0;;;Wohngebäude;1;1;0-1;Einfamilienhaus;;Privatgebäude - Geringer Wärmebedarf;Wärmepumpe;False;0,0;False;;;;;False;False;;False;False;Privates Wohnen;1576,7452258303265;0,0;4,586228114689722;A;greenventory
243694697;False;;Elgersweier;Offenburg;77656;Lager;;;;0;0,0;0,0;680,0;0,0;;;;;;;;;;6048,0;0,0;;;0,0;0,0;;0;;;6653,0;;;Lager;;;Unbekannt;;;Privatgebäude - Geringer Wärmebedarf;;False;2606,8471324486322;False;;;;;False;False;;False;False;GHD, Verkehr & Sonstige;0,0;0,0;0,0;;greenventory
243694698;True;Waldhornstraße 7;Elgersweier;Offenburg;77656;Wohngebäude;Ein-/Zweifamilienhaus (1984 - 1994);1979 - 1990;Erdgasnetz;114;12161,017453896513;9838,26312020228;3440,0;3,203389963465423;;;;;;14830,509090117699;;;;5767,0;22373,198224744076;Gaskessel;Mittel;5367,7715311668;14830,509090117699;65,0;2;;;6344,0;;;Wohngebäude;2;1;0-1;Einfamilienhaus;;Privatgebäude - Geringer Wärmebedarf;;False;0,0;False;;;;;False;False;;False;True;Privates Wohnen;2322,754333694234;0,0;6,756120807720285;E;greenventory
243694699;True;Maischeweg 5;Elgersweier;Offenburg;77656;Wohngebäude;Ein-/Zweifamilienhaus (1984 - 1994);1979 - 1990;Erdgasnetz;114;16349,389222194584;13226,65588075542;4050,0;4,3066683804805255;;;;;;19938,27953926169;;;;7754,0;0,0;Gaskessel;Mittel;7216,483846977975;19938,27953926169;65,0;0;;;8529,0;;;Wohngebäude;3;1;0-1;Einfamilienhaus;;Privatgebäude - Geringer Wärmebedarf;;False;0,0;False;;;;;False;False;;False;True;Privates Wohnen;3122,7333414391655;0,0;9,082994012330325;E;greenventory
243694700;True;Sportplatzstraße 26;Elgersweier;Offenburg;77656;Wohngebäude;Ein-/Zweifamilienhaus (vor 1860);Vor 1919;Stromnetz;251;24640,07674537126;19933,822087005352;3440,0;2,0665870818698475;;;;;;;;;7948,411853345568;9342,0;41636,309436881915;Elektrische Luftwärmepumpe;Hoch;16814,576702838127;7948,411853345568;90,0;3;;;10276,0;;;Wohngebäude;2;1;0-1;Einfamilienhaus;;Privatgebäude - Geringer Wärmebedarf;Wärmepumpe;False;0,0;False;;;;;False;False;;False;True;Privates Wohnen;4706,254658365911;0,0;13,688931525206256;C;greenventory
243694701;True;Sportplatzstraße 24;Elgersweier;Offenburg;77656;Wohngebäude;Ein-/Zweifamilienhaus (1984 - 1994);1991 - 2000;Stromnetz;114;13402,229562482833;10842,403716048613;3440,0;0,8498974844501309;;;;;;;;;3268,83647865435;10314,0;43200,76671273088;Elektrische Erdwärmepumpe;Mittel;5915,632188868136;3268,83647865435;55,0;4;;;11346,0;;;Wohngebäude;2;1;0-1;Einfamilienhaus;;Privatgebäude - Geringer Wärmebedarf;Wärmepumpe;False;0,0;False;;;;;False;False;;False;True;Privates Wohnen;2559,825846434221;0,0;7,445683090268241;A+;greenventory
243694702;True;Im Leimenbosch 20;Elgersweier;Offenburg;77656;Wohngebäude;Ein-/Zweifamilienhaus (2002 - 2009);2001 - 2010;Erdgasnetz;86;16857,3845981521;13637,62413990505;4940,0;4,440481796586408;;;;;;20557,78609530744;;;;10221,0;10800,19167818272;Gaskessel;Mittel;5866,070782913826;20557,78609530744;55,0;1;;;11243,0;;;Wohngebäude;4;2;1-2;Einfamilienhaus;;Privatgebäude - Geringer Wärmebedarf;;False;0,0;False;;;;;False;False;;False;True;Privates Wohnen;3219,7604582470512;0,0;9,365213665640056;D;greenventory
243694703;True;Sportplatzstraße 22;Elgersweier;Offenburg;77656;Wohngebäude;Ein-/Zweifamilienhaus (1969 - 1978);1949 - 1978;Stromnetz;145;24593,79245966726;19896,378099870813;4050,0;2,062705174036609;;;;;;;;;7933,481438602342;9471,0;12902,358137666331;Elektrische Luftwärmepumpe;Mittel;12497,441507956499;7933,481438602342;80,0;1;;;10418,0;;;Wohngebäude;3;1;0-1;Einfamilienhaus;;Privatgebäude - Geringer Wärmebedarf;Wärmepumpe;False;0,0;False;;;;;False;False;;False;True;Privates Wohnen;4697,414359796447;0,0;13,663218033148478;A;greenventory
243694704;True;Sportplatzstraße 20;Elgersweier;Offenburg;77656;Wohngebäude;Ein-/Zweifamilienhaus (nach 2015);2011 - 2019;Erdgasnetz;65;15104,938547256424;12219,895284730448;4940,0;3,978861861228522;;;;;;18420,65676494686;;;;11832,0;30080,446641861712;Gaskessel;Mittel;6105,936654788562;18420,65676494686;35,0;3;;;13015,0;;;Wohngebäude;4;2;1-2;Einfamilienhaus;;Privatgebäude - Geringer Wärmebedarf;;False;0,0;False;;;;;False;False;;False;True;Privates Wohnen;2885,0432625259773;0,0;9,15450821045844;C;greenventory
243694705;True;Sportplatzstraße 18;Elgersweier;Offenburg;77656;Wohngebäude;Ein-/Zweifamilienhaus (1995 - 2001);1991 - 2000;Erdgasnetz;98;14947,031905742913;12092,148811746018;4050,0;3,937266941024963;;;;;;18228,087689930384;;;;8033,0;21600,38335636544;Gaskessel;Mittel;5483,280420868165;18228,087689930384;55,0;2;;;8836,0;;;Wohngebäude;3;1;0-1;Einfamilienhaus;;Privatgebäude - Geringer Wärmebedarf;;False;0,0;False;;;;;False;False;;False;True;Privates Wohnen;2854,8830939968966;0,0;8,303906614301619;D;greenventory
243694706;True;Sportplatzstraße 16;Elgersweier;Offenburg;77656;Wohngebäude;Ein-/Zweifamilienhaus (1984 - 1994);1991 - 2000;Erdgasnetz;114;18381,13287502337;14870,336495893907;4050,0;4,841859391469571;;;;;;22416,015701248012;;;;8488,0;21600,38335636544;Gaskessel;Mittel;8113,278525517708;22416,015701248012;55,0;2;;;9336,0;;;Wohngebäude;3;1;0-1;Einfamilienhaus;;Privatgebäude - Geringer Wärmebedarf;;False;0,0;False;;;;;False;False;;False;True;Privates Wohnen;3510,7963791294637;0,0;10,211740486124095;E;greenventory
243694707;True;Sportplatzstraße 21a;Elgersweier;Offenburg;77656;Wohngebäude;Ein-/Zweifamilienhaus (1949 - 1957);1949 - 1978;Heizöl;165;26629,19628649522;21543,01979577463;4050,0;8,639694795174005;;;;;;;29587,995873883574;;;8951,0;38707,07441299899;Ölkessel;Mittel;14035,030039296671;29587,995873883574;80,0;3;;;9846,0;;;Wohngebäude;3;1;0-1;Einfamilienhaus;;Privatgebäude - Geringer Wärmebedarf;;False;0,0;False;;;;;False;False;;False;True;Privates Wohnen;5086,176490720587;0,0;14,793997936941787;F;greenventory
243694708;True;Waldhornstraße 17;Elgersweier;Offenburg;77656;Wohngebäude;Ein-/Zweifamilienhaus (nach 2015);2011 - 2019;Heizöl;65;9889,896075871418;8000,925925379978;4050,0;3,2087218379493936;;;;;;;10988,77341763491;;;7747,0;0,0;Ölkessel;Mittel;3997,8367851540324;10988,77341763491;35,0;0;;;8521,0;;;Wohngebäude;3;1;0-1;Einfamilienhaus;;Privatgebäude - Geringer Wärmebedarf;;False;0,0;False;;;;;False;False;;False;True;Privates Wohnen;1888,970150491441;0,0;5,993876409619041;B;greenventory
243694709;True;Waldhornstraße 15;Elgersweier;Offenburg;77656;Wohngebäude;Ein-/Zweifamilienhaus (1995 - 2001);1991 - 2000;Stromnetz;98;22402,829627954907;18123,88916901552;4940,0;1,8789470010542826;;;;;;;;;7226,719234824163;12040,0;0,0;Elektrische Luftwärmepumpe;Mittel;8218,420743707164;7226,719234824163;55,0;0;;;13244,0;;;Wohngebäude;4;2;1-2;Einfamilienhaus;;Privatgebäude - Geringer Wärmebedarf;Wärmepumpe;False;0,0;False;;;;;False;False;;False;True;Privates Wohnen;4278,940458939387;0,0;12,446016459974949;A;greenventory
243694710;True;Waldhornstraße 13;Elgersweier;Offenburg;77656;Büro und Verwaltung;;2011 - 2019;Erdgasnetz;64;14355,235820160082;13493,921670950476;10662,0;3,781379191651924;;;;;;17506,385146536686;;;;11486,0;0,0;Gaskessel;Mittel;5311,437253459229;17506,385146536686;35,0;0;;;12635,0;;;Büro (Unternehmen);;;Unbekannt;;;Privatgebäude - Geringer Wärmebedarf;;False;8690,089557399546;False;;;;;False;False;;False;True;GHD, Verkehr & Sonstige;717,7617910080041;143,5523582016008;8,444256364800047;;greenventory
243694711;True;Sportplatzstraße 14;Elgersweier;Offenburg;77656;Wohngebäude;Mehrfamilienhaus (1995 - 2001);1991 - 2000;Erdgasnetz;84;22213,598793247194;17970,801423736983;6175,0;5,851386999196822;;;;;;27089,754625911213;;;;13844,0;32400,575034548157;Gaskessel;Mittel;11105,497356196995;27089,754625911213;55,0;3;;;15229,0;;;Wohngebäude;5;4;2-8;Mehrfamilienhaus;;Privatgebäude - Geringer Wärmebedarf;;False;0,0;False;;;;;False;False;;False;True;Privates Wohnen;4242,797369510215;0,0;12,340888218470663;D;greenventory
243694712;True;Waldhornstraße 16/a/b/c/d/e;Elgersweier;Offenburg;77656;Wohngebäude;Apartmentblock (1958 - 1968);1949 - 1978;Erdgasnetz;96;171291,61509177383;138574,91660924503;40755,0;45,12071812173555;;;;;;208892,21352655347;;;;54922,0;10550,990055702989;Gaskessel;Mittel;107790,11564220069;208892,21352655347;65,0;1;;;60414,0;;;Wohngebäude;33;27;20-40;Appartementblock;;Privatgebäude - Mittlerer Wärmebedarf;;False;0,0;False;;;;;False;False;;False;True;Privates Wohnen;32716,698482528802;0,0;95,1620083843188;D;greenventory
243694713;True;Sportplatzstraße 12;Elgersweier;Offenburg;77656;Wohngebäude;Mehrfamilienhaus (1969 - 1978);1949 - 1978;Heizöl;118;47554,79854304798;38471,83202132582;9880,0;15,42889019396668;;;;;;;52838,66504783109;;;15998,0;36674,009991317726;Ölkessel;Mittel;27828,84557222047;52838,66504783109;65,0;3;;;17598,0;;;Wohngebäude;8;6;2-8;Mehrfamilienhaus;;Privatgebäude - Geringer Wärmebedarf;;False;0,0;False;;;;;False;False;;False;True;Privates Wohnen;9082,966521722165;0,0;26,419332523915546;E;greenventory
243694714;True;Felix-Kempf-Straße 3;Elgersweier;Offenburg;77656;Wohngebäude;Ein-/Zweifamilienhaus (2010 - 2015);2011 - 2019;Erdgasnetz;86;14587,73774467758;11801,479835444165;4050,0;3,8426236010370216;;;;;;17789,9240788751;;;;8707,0;0,0;Gaskessel;Mittel;7302,235768475402;17789,9240788751;35,0;0;;;9577,0;;;Wohngebäude;3;1;0-1;Einfamilienhaus;;Privatgebäude - Geringer Wärmebedarf;;False;0,0;False;;;;;False;False;;False;True;Privates Wohnen;2786,257909233418;0,0;8,104298747043101;D;greenventory
243694715;True;Felix-Kempf-Straße 5;Elgersweier;Offenburg;77656;Wohngebäude;Ein-/Zweifamilienhaus (1995 - 2001);1991 - 2000;Stromnetz;98;19339,77606820169;15645,878839175168;4940,0;1,6220457347523995;;;;;;;;;6238,637441355383;10394,0;10071,600708918795;Elektrische Luftwärmepumpe;Mittel;7094,747380448187;6238,637441355383;55,0;1;;;11433,0;;;Wohngebäude;4;2;1-2;Einfamilienhaus;;Privatgebäude - Geringer Wärmebedarf;Wärmepumpe;False;0,0;False;;;;;False;False;;False;True;Privates Wohnen;3693,897229026523;0,0;10,744320037889826;A;greenventory
243694716;True;Hebelstraße 18c;Elgersweier;Offenburg;77656;Wohngebäude;Ein-/Zweifamilienhaus (vor 1860);Vor 1919;Erdgasnetz;251;33920,964701969606;27442,060443893413;4050,0;8,935278506860286;;;;;;41367,03012435318;;;;7716,0;0,0;Gaskessel;Hoch;23147,925581144074;41367,03012435318;90,0;0;;;8488,0;;;Wohngebäude;3;1;0-1;Einfamilienhaus;;Privatgebäude - Geringer Wärmebedarf;;False;0,0;False;;;;;False;False;;False;True;Privates Wohnen;6478,904258076195;0,0;18,844980389983114;H;greenventory
243694717;True;Hebelstraße 18b;Elgersweier;Offenburg;77656;Wohngebäude;Ein-/Zweifamilienhaus (vor 1860);Vor 1919;Erdgasnetz;251;41491,47015390305;33566,59935450757;4050,0;10,929460430784218;;;;;;50599,35384622323;;;;9438,0;0,0;Gaskessel;Hoch;28314,096365279394;50599,35384622323;90,0;0;;;10382,0;;;Wohngebäude;3;1;0-1;Einfamilienhaus;;Privatgebäude - Geringer Wärmebedarf;;False;0,0;False;;;;;False;False;;False;True;Privates Wohnen;7924,870799395483;0,0;23,050816752168362;H;greenventory
243694718;True;Maischeweg 2;Elgersweier;Offenburg;77656;Wohngebäude;Ein-/Zweifamilienhaus (1984 - 1994);1979 - 1990;Heizöl;114;19039,52665923203;15402,977067318712;4050,0;6,177268649439725;;;;;;;21155,02962136892;;;9029,0;11901,817468252772;Ölkessel;Mittel;8403,888042737013;21155,02962136892;65,0;1;;;9932,0;;;Wohngebäude;3;1;0-1;Einfamilienhaus;;Privatgebäude - Geringer Wärmebedarf;;False;0,0;False;;;;;False;False;;False;True;Privates Wohnen;3636,5495919133177;0,0;10,57751481068446;D;greenventory
243694719;True;Hebelstraße 18a;Elgersweier;Offenburg;77656;Wohngebäude;Ein-/Zweifamilienhaus (vor 1860);Vor 1919;Heizöl;251;35609,51225960989;28808,0954180244;4050,0;11,553308422006763;;;;;;;39566,12473289987;;;8100,0;0,0;Ölkessel;Hoch;24300,203340573786;39566,12473289987;90,0;0;;;8910,0;;;Wohngebäude;3;1;0-1;Einfamilienhaus;;Privatgebäude - Geringer Wärmebedarf;;False;0,0;False;;;;;False;False;;False;True;Privates Wohnen;6801,416841585488;0,0;19,783062366449936;H;greenventory
243694720;True;Hebelstraße 18;Elgersweier;Offenburg;77656;Wohngebäude;Ein-/Zweifamilienhaus (vor 1860);Vor 1919;Erdgasnetz;252;35543,967898248695;28755,070029683196;4050,0;9,362801300026486;;;;;;43346,302314937435;;;;8086,0;0,0;Gaskessel;Hoch;24255,475367404895;43346,302314937435;90,0;0;;;8894,0;;;Wohngebäude;3;1;0-1;Einfamilienhaus;;Privatgebäude - Geringer Wärmebedarf;;False;0,0;False;;;;;False;False;;False;True;Privates Wohnen;6788,897868565501;0,0;19,746648832360385;H;greenventory
243694721;True;Hebelstraße 16;Elgersweier;Offenburg;77656;Wohngebäude;Ein-/Zweifamilienhaus (1949 - 1957);1949 - 1978;Heizöl;165;28080,212540578537;22716,89194532804;4050,0;9,110468957609925;;;;;;;31200,236156198374;;;9439,0;0,0;Ölkessel;Mittel;14799,794266292703;31200,236156198374;80,0;0;;;10382,0;;;Wohngebäude;3;1;0-1;Einfamilienhaus;;Privatgebäude - Geringer Wärmebedarf;;False;0,0;False;;;;;False;False;;False;True;Privates Wohnen;5363,3205952505;0,0;15,600118078099188;F;greenventory
243694722;True;Waldhornstraße 11;Elgersweier;Offenburg;77656;Wohngebäude;Ein-/Zweifamilienhaus (1995 - 2001);1991 - 2000;Erdgasnetz;98;18543,827960248556;15001,956819841083;4940,0;4,884715657821571;;;;;;22614,424341766535;;;;9966,0;10800,19167818272;Gaskessel;Mittel;6802,7558530406895;22614,424341766535;55,0;1;;;10963,0;;;Wohngebäude;4;2;1-2;Einfamilienhaus;;Privatgebäude - Geringer Wärmebedarf;;False;0,0;False;;;;;False;False;;False;True;Privates Wohnen;3541,8711404074743;0,0;10,30212664458253;D;greenventory
243694723;True;Maischeweg 9;Elgersweier;Offenburg;77656;Wohngebäude;Ein-/Zweifamilienhaus (1984 - 1994);1979 - 1990;Erdgasnetz;114;17174,13767395413;13893,877378228892;4050,0;4,523919192163527;;;;;;20944,070334090404;;;;8145,0;34766,896508205464;Gaskessel;Mittel;7580,52092500308;20944,070334090404;65,0;3;;;8959,0;;;Wohngebäude;3;1;0-1;Einfamilienhaus;;Privatgebäude - Geringer Wärmebedarf;;False;0,0;False;;;;;False;False;;False;True;Privates Wohnen;3280,260295725239;0,0;9,541187596641183;E;greenventory
243694724;True;Maischeweg 1;Elgersweier;Offenburg;77656;Wohngebäude;Ein-/Zweifamilienhaus (2002 - 2009);2001 - 2010;Erdgasnetz;86;11734,724231761198;9493,39190349481;4050,0;3,091098090317584;;;;;;14310,639307025853;;;;7115,0;0,0;Gaskessel;Mittel;4083,475853604901;14310,639307025853;55,0;0;;;7826,0;;;Wohngebäude;3;1;0-1;Einfamilienhaus;;Privatgebäude - Geringer Wärmebedarf;;False;0,0;False;;;;;False;False;;False;True;Privates Wohnen;2241,3323282663887;0,0;6,519291239867332;D;greenventory
243694725;True;Maischeweg 3;Elgersweier;Offenburg;77656;Wohngebäude;Ein-/Zweifamilienhaus (2002 - 2009);2001 - 2010;Erdgasnetz;85;11781,96957641878;9531,613387322794;4050,0;3,103543205495679;;;;;;14368,255580998513;;;;7143,0;0,0;Gaskessel;Mittel;4099,916395393033;14368,255580998513;55,0;0;;;7858,0;;;Wohngebäude;3;1;0-1;Einfamilienhaus;;Privatgebäude - Geringer Wärmebedarf;;False;0,0;False;;;;;False;False;;False;True;Privates Wohnen;2250,356189095987;0,0;6,5455386535659885;D;greenventory
243694726;True;;Elgersweier;Offenburg;77656;Wohngebäude;Ein-/Zweifamilienhaus (vor 1860);Vor 1919;Erdgasnetz;250;12491,002405166817;10105,220945779956;2050,0;3,290312828678089;;;;;;15232,929762398559;;;;7104,0;0,0;Gaskessel;Hoch;8523,955513915684;15232,929762398559;90,0;0;;;7814,0;;;Wohngebäude;1;1;0-1;Einfamilienhaus;;Privatgebäude - Geringer Wärmebedarf;;False;0,0;False;;;;;False;False;;False;False;Privates Wohnen;2385,781459386862;0,0;6,9394457806482315;H;greenventory
243694727;True;Hebelstraße 14;Elgersweier;Offenburg;77656;Wohngebäude;Ein-/Zweifamilienhaus (1919 - 1948);1919 - 1948;Heizöl;179;37378,58121452928;30239,272202554188;4940,0;12,1272730162695;;;;;;;41531,75690503253;;;11758,0;26436,266174770324;Ölkessel;Mittel;23143,394138377775;41531,75690503253;80,0;2;;;12934,0;;;Wohngebäude;4;2;1-2;Einfamilienhaus;;Privatgebäude - Geringer Wärmebedarf;;False;0,0;False;;;;;False;False;;False;True;Privates Wohnen;7139,309011975092;0,0;20,765878452516265;F;greenventory
243694728;True;Sportplatzstraße 10;Elgersweier;Offenburg;77656;Wohngebäude;Mehrfamilienhaus (1958 - 1968);1949 - 1978;Heizöl;126;35252,57422986992;28519,332551964766;6175,0;11,437501861246684;;;;;;;39169,52692207769;;;15519,0;23177,93100547031;Ölkessel;Mittel;22541,47923564768;39169,52692207769;65,0;2;;;17071,0;;;Wohngebäude;5;4;2-8;Mehrfamilienhaus;;Privatgebäude - Geringer Wärmebedarf;;False;0,0;False;;;;;False;False;;False;True;Privates Wohnen;6733,241677905155;0,0;19,584763461038843;E;greenventory
243694729;True;Sportplatzstraße 17;Elgersweier;Offenburg;77656;Wohngebäude;Mehrfamilienhaus (1969 - 1978);1949 - 1978;Stromnetz;118;49480,63684649277;40029,835208812656;9880,0;4,149988896802619;;;;;;;;;15961,495756933153;16646,0;11588,965502735155;Elektrische Luftwärmepumpe;Mittel;28955,837135335125;15961,495756933153;65,0;1;;;18310,0;;;Wohngebäude;8;6;2-8;Mehrfamilienhaus;;Privatgebäude - Geringer Wärmebedarf;Wärmepumpe;False;0,0;False;;;;;False;False;;False;True;Privates Wohnen;9450,80163768012;0,0;27,489242692495985;A;greenventory
243694730;True;Sportplatzstraße 8;Elgersweier;Offenburg;77656;Wohngebäude;Ein-/Zweifamilienhaus (1984 - 1994);1979 - 1990;Heizöl;114;25242,28321145008;20421,007118063117;4940,0;8,18971855304825;;;;;;;28046,981346055647;;;11971,0;34766,896508205464;Ölkessel;Mittel;11141,732977338794;28046,981346055647;65,0;3;;;13168,0;;;Wohngebäude;4;2;1-2;Einfamilienhaus;;Privatgebäude - Geringer Wärmebedarf;;False;0,0;False;;;;;False;False;;False;True;Privates Wohnen;4821,276093386966;0,0;14,023490673027823;D;greenventory
243694731;True;Sportplatzstraße 13;Elgersweier;Offenburg;77656;Wohngebäude;Mehrfamilienhaus (1995 - 2001);1991 - 2000;Erdgasnetz;85;22671,197196450903;18340,99853192878;6175,0;5,971925115162677;;;;;;27647,80145908647;;;;10092,0;10800,19167818272;Gaskessel;Mittel;11334,26973586758;27647,80145908647;55,0;1;;;11102,0;;;Wohngebäude;5;4;2-8;Mehrfamilienhaus;;Privatgebäude - Geringer Wärmebedarf;;False;0,0;False;;;;;False;False;;False;True;Privates Wohnen;4330,198664522122;0,0;12,595109553583836;D;greenventory
243694732;True;Sportplatzstraße 6;Elgersweier;Offenburg;77656;Wohngebäude;Mehrfamilienhaus (1958 - 1968);1949 - 1978;Erdgasnetz;126;37593,980493284165;30413,53021906689;7410,0;9,902804617743147;;;;;;45846,31767473679;;;;16550,0;46355,86201094062;Gaskessel;Mittel;24038,63970752742;45846,31767473679;65,0;4;;;18205,0;;;Wohngebäude;6;4;2-8;Mehrfamilienhaus;;Privatgebäude - Geringer Wärmebedarf;;False;0,0;False;;;;;False;False;;False;True;Privates Wohnen;7180,450274217275;0,0;20,885544718491204;E;greenventory
243694733;True;Sportplatzstraße 11;Elgersweier;Offenburg;77656;Wohngebäude;Ein-/Zweifamilienhaus (1979 - 1983);1979 - 1990;Erdgasnetz;141;22771,200711461486;18421,901375572343;4050,0;5,998267504482539;;;;;;27769,756965196935;;;;8677,0;38707,07441299899;Gaskessel;Mittel;13991,2694429933;27769,756965196935;80,0;3;;;9545,0;;;Wohngebäude;3;1;0-1;Einfamilienhaus;;Privatgebäude - Geringer Wärmebedarf;;False;0,0;False;;;;;False;False;;False;True;Privates Wohnen;4349,299335889144;0,0;12,650667061923048;F;greenventory
243694734;True;Sportplatzstraße 7;Elgersweier;Offenburg;77656;Wohngebäude;Mehrfamilienhaus (1919 - 1948);1919 - 1948;Heizöl;133;38057,59439353589;30788,593864370534;6175,0;12,347575069902755;;;;;;;42286,215992817655;;;16182,0;34766,896508205464;Ölkessel;Mittel;22315,393603168202;42286,215992817655;65,0;3;;;17800,0;;;Wohngebäude;5;4;2-8;Mehrfamilienhaus;;Privatgebäude - Geringer Wärmebedarf;;False;0,0;False;;;;;False;False;;False;True;Privates Wohnen;7269,000529165355;0,0;21,143107996408826;E;greenventory
243694735;True;Maischeweg 10, 12;Elgersweier;Offenburg;77656;Wohngebäude;Mehrfamilienhaus (1969 - 1978);1949 - 1978;Erdgasnetz;118;30354,31533202398;24556,641103607402;6175,0;7,99577086794778;;;;;;37017,45772198046;;;;14296,0;11588,965502735155;Gaskessel;Mittel;17763,203287691555;37017,45772198046;65,0;1;;;15726,0;;;Wohngebäude;5;4;2-8;Mehrfamilienhaus;;Privatgebäude - Geringer Wärmebedarf;;False;0,0;False;;;;;False;False;;False;True;Privates Wohnen;5797,67422841658;0,0;16,8635085177911;E;greenventory
243694736;True;Maischeweg 6, 8;Elgersweier;Offenburg;77656;Wohngebäude;Mehrfamilienhaus (1995 - 2001);1991 - 2000;Heizöl;84;22895,532543259942;18522,485827497294;6175,0;7,42832833625767;;;;;;;25439,480603622156;;;14269,0;10800,19167818272;Ölkessel;Mittel;11446,424259953368;25439,480603622156;55,0;1;;;15696,0;;;Wohngebäude;5;4;2-8;Mehrfamilienhaus;;Privatgebäude - Geringer Wärmebedarf;;False;0,0;False;;;;;False;False;;False;True;Privates Wohnen;4373,046715762649;0,0;12,719740301811079;C;greenventory
243694737;True;Sportplatzstraße 5;Elgersweier;Offenburg;77656;Wohngebäude;Ein-/Zweifamilienhaus (2002 - 2009);2001 - 2010;Holzpellets;86;20376,004086107063;16484,187305660616;4940,0;0,43149185123520845;;;;23971,769513067135;;;;;;12354,0;0,0;Pelletheizung;Mittel;7090,487942901171;23971,769513067135;55,0;0;;;13589,0;;;Wohngebäude;4;2;1-2;Einfamilienhaus;;Privatgebäude - Geringer Wärmebedarf;;False;0,0;False;;;;;False;False;;False;True;Privates Wohnen;3891,8167804464492;0,0;11,32000227005948;D;greenventory
243694738;True;Grabenweg 8;Elgersweier;Offenburg;77656;Wohngebäude;Ein-/Zweifamilienhaus (1958 - 1968);1949 - 1978;Erdgasnetz;161;33713,27799867113;27274,04190092495;4940,0;8,88057078989386;;;;;;41113,753656916015;;;;11694,0;0,0;Gaskessel;Mittel;15380,933715829298;41113,753656916015;80,0;0;;;12864,0;;;Wohngebäude;4;2;1-2;Einfamilienhaus;;Privatgebäude - Geringer Wärmebedarf;;False;0,0;False;;;;;False;False;;False;True;Privates Wohnen;6439,236097746187;0,0;18,72959888815063;F;greenventory
243694739;True;Sportplatzstraße 3;Elgersweier;Offenburg;77656;Wohngebäude;Ein-/Zweifamilienhaus (1969 - 1978);1949 - 1978;Holzpellets;145;21971,249533573067;17774,74087266061;4050,0;0,4652735195344885;;;;25848,52886302714;;;;;;8461,0;12902,358137666331;Pelletheizung;Mittel;11164,785030728883;25848,52886302714;80,0;1;;;9307,0;;;Wohngebäude;3;1;0-1;Einfamilienhaus;;Privatgebäude - Geringer Wärmebedarf;;False;0,0;False;;;;;False;False;;False;True;Privates Wohnen;4196,5086609124555;0,0;12,206249740873925;F;greenventory
243694740;True;Waldhornstraße 10;Elgersweier;Offenburg;77656;Wohngebäude;Ein-/Zweifamilienhaus (1995 - 2001);1991 - 2000;Erdgasnetz;98;16591,588174260614;13422,594832976838;4050,0;4,370467128829626;;;;;;20233,64411495197;;;;8917,0;0,0;Gaskessel;Mittel;6086,581681281907;20233,64411495197;55,0;0;;;9809,0;;;Wohngebäude;3;1;0-1;Einfamilienhaus;;Privatgebäude - Geringer Wärmebedarf;;False;0,0;False;;;;;False;False;;False;True;Privates Wohnen;3168,993341283777;0,0;9,217548985700342;D;greenventory
243694741;True;Sportplatzstraße 15;Elgersweier;Offenburg;77656;Wohngebäude;Ein-/Zweifamilienhaus (1995 - 2001);1991 - 2000;Erdgasnetz;98;10565,165222448883;8547,218664961147;3440,0;2,783019131767023;;;;;;12884,347832254736;;;;9464,0;10800,19167818272;Gaskessel;Mittel;3875,8038366956853;12884,347832254736;55,0;1;;;10410,0;;;Wohngebäude;2;1;0-1;Einfamilienhaus;;Privatgebäude - Geringer Wärmebedarf;;False;0,0;False;;;;;False;False;;False;True;Privates Wohnen;2017,9465574877365;0,0;5,869536234693824;D;greenventory
243694742;True;Hebelstraße 12;Elgersweier;Offenburg;77656;Kunst, Unterhaltung, Erholung;;1949 - 1978;Erdgasnetz;140;249765,48581348508;179831,14978570925;74047,0;65,7918840679424;;;;;;304592,05587010377;;;;98887,0;34766,896508205464;Gaskessel;Mittel;92413,22975098947;304592,05587010377;65,0;3;;;108776,0;;;Freizeiteinrichtung (gelegentliche Nutzung);;;Unbekannt;;;Privatgebäude - Mittlerer Wärmebedarf;;False;68195,97183381108;False;;;;;False;False;;False;True;GHD, Verkehr & Sonstige;34967,16801388792;34967,16801388792;138,75860322971394;;greenventory
243694743;True;Grabenweg 6;Elgersweier;Offenburg;77656;Wohngebäude;Ein-/Zweifamilienhaus (1949 - 1957);1949 - 1978;Erdgasnetz;165;28360,060170005552;22943,288677534492;4050,0;7,470454874050243;;;;;;34585,43923171409;;;;9533,0;12902,358137666331;Gaskessel;Mittel;14947,289137830601;34585,43923171409;80,0;1;;;10486,0;;;Wohngebäude;3;1;0-1;Einfamilienhaus;;Privatgebäude - Geringer Wärmebedarf;;False;0,0;False;;;;;False;False;;False;True;Privates Wohnen;5416,771492471061;0,0;15,755588983336418;G;greenventory
243694744;True;Grabenweg 4;Elgersweier;Offenburg;77656;Wohngebäude;Mehrfamilienhaus (1995 - 2001);1991 - 2000;Heizöl;84;22889,83638799496;18517,877637887927;6175,0;7,426480250327254;;;;;;;25433,151542216623;;;14266,0;0,0;Ölkessel;Mittel;11443,57651619854;25433,151542216623;55,0;0;;;15692,0;;;Wohngebäude;5;4;2-8;Mehrfamilienhaus;;Privatgebäude - Geringer Wärmebedarf;;False;0,0;False;;;;;False;False;;False;True;Privates Wohnen;4371,958750107037;0,0;12,716575771108312;C;greenventory
243694745;True;Grabenweg 2;Elgersweier;Offenburg;77656;Wohngebäude;Ein-/Zweifamilienhaus (1969 - 1978);1949 - 1978;Erdgasnetz;144;19592,599769039618;15850,413213153051;4050,0;5,160977500137266;;;;;;23893,41435248734;;;;7545,0;11796,445491649512;Gaskessel;Mittel;9956,063913441978;23893,41435248734;80,0;1;;;8300,0;;;Wohngebäude;3;1;0-1;Einfamilienhaus;;Privatgebäude - Geringer Wärmebedarf;;False;0,0;False;;;;;False;False;;False;True;Privates Wohnen;3742,186555886567;0,0;10,884777649466454;F;greenventory
243694746;True;Am Steingrüble 7;Elgersweier;Offenburg;77656;Wohngebäude;Mehrfamilienhaus (1995 - 2001);1991 - 2000;Heizöl;84;22178,5313515835;17942,431863431055;6175,0;7,195701282958202;;;;;;;24642,812612870555;;;13822,0;10800,19167818272;Ölkessel;Mittel;11087,965690827981;24642,812612870555;55,0;1;;;15205,0;;;Wohngebäude;5;4;2-8;Mehrfamilienhaus;;Privatgebäude - Geringer Wärmebedarf;;False;0,0;False;;;;;False;False;;False;True;Privates Wohnen;4236,099488152448;0,0;12,321406306435279;C;greenventory
243694747;True;Hebelstraße 5;Elgersweier;Offenburg;77656;Wohngebäude;Ein-/Zweifamilienhaus (1860 - 1918);Vor 1919;Heizöl;184;18927,17286430928;15312,082847226207;3440,0;6,140816084864789;;;;;;;21030,192071454756;;;5874,0;13878,769812293971;Ölkessel;Mittel;11015,591993918246;21030,192071454756;90,0;1;;;6461,0;;;Wohngebäude;2;1;0-1;Einfamilienhaus;;Privatgebäude - Geringer Wärmebedarf;;False;0,0;False;;;;;False;False;;False;True;Privates Wohnen;3615,0900170830723;0,0;10,515096035727378;G;greenventory
243694748;True;Hebelstraße 8;Elgersweier;Offenburg;77656;Wohngebäude;Ein-/Zweifamilienhaus (1969 - 1978);1949 - 1978;Heizöl;144;28092,662966220778;22726,96433967261;4940,0;9,114508429040518;;;;;;;31214,06996246753;;;10819,0;0,0;Ölkessel;Mittel;14275,40761754602;31214,06996246753;80,0;0;;;11901,0;;;Wohngebäude;4;2;1-2;Einfamilienhaus;;Privatgebäude - Geringer Wärmebedarf;;False;0,0;False;;;;;False;False;;False;True;Privates Wohnen;5365,698626548168;0,0;15,607034981233765;F;greenventory
243694749;True;Hebelstraße 3;Elgersweier;Offenburg;77656;Wohngebäude;Mehrfamilienhaus (1919 - 1948);1919 - 1948;Heizöl;133;54653,71792787025;44214,857803647035;9880,0;17,732095149931236;;;;;;;60726,35325318917;;;23238,0;23177,93100547031;Ölkessel;Mittel;32046,671548008;60726,35325318917;65,0;2;;;25562,0;;;Wohngebäude;8;6;2-8;Mehrfamilienhaus;;Privatgebäude - Geringer Wärmebedarf;;False;0,0;False;;;;;False;False;;False;True;Privates Wohnen;10438,860124223218;0,0;30,363176626594583;E;greenventory
243694750;True;Am Steingrüble 1;Elgersweier;Offenburg;77656;Wohngebäude;Ein-/Zweifamilienhaus (2002 - 2009);2001 - 2010;Erdgasnetz;86;18130,798778206055;14667,8162115687;4940,0;4,775917726942084;;;;;;22110,73021732446;;;;10993,0;11796,445491649512;Gaskessel;Mittel;6309,1963266581115;22110,73021732446;55,0;1;;;12092,0;;;Wohngebäude;4;2;1-2;Einfamilienhaus;;Privatgebäude - Geringer Wärmebedarf;;False;0,0;False;;;;;False;False;;False;True;Privates Wohnen;3462,9825666373567;0,0;10,072665987892252;D;greenventory
243694751;True;Hebelstraße 1;Elgersweier;Offenburg;77656;Wohngebäude;Ein-/Zweifamilienhaus (nach 2015);2011 - 2019;Erdgasnetz;65;12442,555823703968;10066,02766137651;4940,0;3,2775512901464112;;;;;;15173,848565492644;;;;9746,0;10605,124353271523;Gaskessel;Mittel;5029,709816132045;15173,848565492644;35,0;1;;;10721,0;;;Wohngebäude;4;2;1-2;Einfamilienhaus;;Privatgebäude - Geringer Wärmebedarf;;False;0,0;False;;;;;False;False;;False;True;Privates Wohnen;2376,5281623274577;0,0;7,54094292345695;C;greenventory
243694752;True;Maischeweg 7;Elgersweier;Offenburg;77656;Wohngebäude;Ein-/Zweifamilienhaus (1984 - 1994);1979 - 1990;Erdgasnetz;114;16461,66322814507;13317,485551569362;4050,0;4,336242996682116;;;;;;20075,1990587135;;;;7807,0;0,0;Gaskessel;Mittel;7266,040655453566;20075,1990587135;65,0;0;;;8587,0;;;Wohngebäude;3;1;0-1;Einfamilienhaus;;Privatgebäude - Geringer Wärmebedarf;;False;0,0;False;;;;;False;False;;False;True;Privates Wohnen;3144,177676575708;0,0;9,145368460080594;E;greenventory
243694753;False;;Elgersweier;Offenburg;77656;Lager;;;;0;0,0;0,0;1955,0;0,0;;;;;;;;;;10426,0;0,0;;;0,0;0,0;;0;;;11468,0;;;Lager;;;Unbekannt;;;Privatgebäude - Geringer Wärmebedarf;;False;7489,528072175669;False;;;;;False;False;;False;False;GHD, Verkehr & Sonstige;0,0;0,0;0,0;;greenventory
243694754;True;Hebelstraße 1a;Elgersweier;Offenburg;77656;Wohngebäude;Mehrfamilienhaus (vor 1860);Vor 1919;Erdgasnetz;149;64005,96699073989;51780,82729550858;9880,0;16,860108378048558;;;;;;78056,05730578036;;;;24542,0;12550,989839049436;Gaskessel;Mittel;38767,46891250234;78056,05730578036;90,0;1;;;26996,0;;;Wohngebäude;8;6;2-8;Mehrfamilienhaus;;Privatgebäude - Geringer Wärmebedarf;;False;0,0;False;;;;;False;False;;False;True;Privates Wohnen;12225,139695231319;0,0;35,55887055041105;F;greenventory
243694755;True;Kreuzwegstraße 5;Elgersweier;Offenburg;77656;Wohngebäude;Mehrfamilienhaus (1969 - 1978);1949 - 1978;Erdgasnetz;118;41747,30499381648;33773,56973999753;8645,0;10,996851071541903;;;;;;50911,34755343473;;;;14044,0;0,0;Gaskessel;Mittel;24430,327523680517;50911,34755343473;65,0;0;;;15448,0;;;Wohngebäude;7;5;2-8;Mehrfamilienhaus;;Privatgebäude - Geringer Wärmebedarf;;False;0,0;False;;;;;False;False;;False;True;Privates Wohnen;7973,735253818947;0,0;23,19294721878693;E;greenventory
243694756;True;Hebelstraße 2;Elgersweier;Offenburg;77656;Wohngebäude;Ein-/Zweifamilienhaus (2010 - 2015);2011 - 2019;Erdgasnetz;86;12729,624524436838;10298,266240269402;4050,0;3,353169386924826;;;;;;15523,932346874193;;;;7598,0;0,0;Gaskessel;Mittel;6372,113424887929;15523,932346874193;35,0;0;;;8358,0;;;Wohngebäude;3;1;0-1;Einfamilienhaus;;Privatgebäude - Geringer Wärmebedarf;;False;0,0;False;;;;;False;False;;False;True;Privates Wohnen;2431,358284167436;0,0;7,072013624687132;D;greenventory
243694757;True;Am Steingrüble 2;Elgersweier;Offenburg;77656;Wohngebäude;Ein-/Zweifamilienhaus (nach 2015);2011 - 2019;Holzpellets;65;10971,569642604762;8875,999840867253;4050,0;0,23233912184339497;;;;12907,72899129972;;;;;;8594,0;0,0;Pelletheizung;Mittel;4435,086513709375;12907,72899129972;35,0;0;;;9453,0;;;Wohngebäude;3;1;0-1;Einfamilienhaus;;Privatgebäude - Geringer Wärmebedarf;;False;0,0;False;;;;;False;False;;False;True;Privates Wohnen;2095,5698017375094;0,0;6,649436147033189;C;greenventory
243694758;True;Sportplatzstraße 19545664;Elgersweier;Offenburg;77656;Büro und Verwaltung;;1949 - 1978;Erdgasnetz;64;4134,654834010043;3886,57554396944;3071,0;1,0891285904221577;;;;;;5042,261992695174;;;;5973,0;0,0;Gaskessel;Mittel;1529,8222885837163;5042,261992695174;65,0;0;;;6571,0;;;Büro (allgemein);;;Unbekannt;;;Privatgebäude - Geringer Wärmebedarf;;False;2502,95580278956;False;;;;;False;False;;False;True;GHD, Verkehr & Sonstige;206,73274170050215;41,346548340100426;2,4321499023588484;;greenventory
243694759;True;Kreuzwegstraße 17;Elgersweier;Offenburg;77656;Wohngebäude;Ein-/Zweifamilienhaus (1919 - 1948);1919 - 1948;Erdgasnetz;179;32259,728410516916;26098,120284108187;4050,0;8,497684556916653;;;;;;39341,13220794746;;;;10148,0;12902,358137666331;Gaskessel;Mittel;19973,99540438973;39341,13220794746;80,0;1;;;11162,0;;;Wohngebäude;3;2;1-2;Einfamilienhaus;;Privatgebäude - Geringer Wärmebedarf;;False;0,0;False;;;;;False;False;;False;True;Privates Wohnen;6161,608126408732;0,0;17,922071339176064;G;greenventory
243694760;True;Kreuzwegstraße 15;Elgersweier;Offenburg;77656;Wohngebäude;Ein-/Zweifamilienhaus (vor 1860);Vor 1919;Erdgasnetz;251;34445,25363676435;27866,21019214236;4050,0;9,07338388480622;;;;;;42006,40687410287;;;;7836,0;13878,769812293971;Gaskessel;Hoch;23505,704357551964;42006,40687410287;90,0;1;;;8619,0;;;Wohngebäude;3;1;0-1;Einfamilienhaus;;Privatgebäude - Geringer Wärmebedarf;;False;0,0;False;;;;;False;False;;False;True;Privates Wohnen;6579,043444621991;0,0;19,13625202042464;H;greenventory
243694761;True;Am Steingrüble 6;Elgersweier;Offenburg;77656;Wohngebäude;Ein-/Zweifamilienhaus (2002 - 2009);2001 - 2010;Erdgasnetz;86;14151,667067942342;11448,698657965355;4050,0;3,727756203262861;;;;;;17258,130570661393;;;;8580,0;0,0;Gaskessel;Mittel;4924,529082991938;17258,130570661393;55,0;0;;;9438,0;;;Wohngebäude;3;1;0-1;Einfamilienhaus;;Privatgebäude - Geringer Wärmebedarf;;False;0,0;False;;;;;False;False;;False;True;Privates Wohnen;2702,9684099769875;0,0;7,862037259967968;D;greenventory
243694762;True;Kreuzwegstraße 24;Elgersweier;Offenburg;77656;Wohngebäude;Ein-/Zweifamilienhaus (1919 - 1948);1919 - 1948;Heizöl;179;31074,333564996065;25139,13585408182;4050,0;10,081894889976502;;;;;;;34527,03729444007;;;9775,0;0,0;Ölkessel;Mittel;19240,044055031754;34527,03729444007;80,0;0;;;10752,0;;;Wohngebäude;3;1;0-1;Einfamilienhaus;;Privatgebäude - Geringer Wärmebedarf;;False;0,0;False;;;;;False;False;;False;True;Privates Wohnen;5935,197710914248;0,0;17,263518647220035;F;greenventory
243694763;True;Kreuzwegstraße 22;Elgersweier;Offenburg;77656;Wohngebäude;Ein-/Zweifamilienhaus (2002 - 2009);2001 - 2010;Heizöl;86;15020,412610170633;12151,513801628043;4050,0;4,873289424633139;;;;;;;16689,347344634036;;;9107,0;0,0;Ölkessel;Mittel;5226,837119768332;16689,347344634036;55,0;0;;;10018,0;;;Wohngebäude;3;1;0-1;Einfamilienhaus;;Privatgebäude - Geringer Wärmebedarf;;False;0,0;False;;;;;False;False;;False;True;Privates Wohnen;2868,898808542591;0,0;8,344673672317018;C;greenventory
243694764;False;;Elgersweier;Offenburg;77656;Lager;;;;0;0,0;0,0;903,0;0,0;;;;;;;;;;0,0;0,0;;;0,0;0,0;;0;;;0,0;;;Lager;;;Unbekannt;;;Privatgebäude - Geringer Wärmebedarf;;False;3461,3102810291784;False;;;;;False;False;;False;False;GHD, Verkehr & Sonstige;0,0;0,0;0,0;;greenventory
243694765;False;;Elgersweier;Offenburg;77656;Lager;;;;0;0,0;0,0;1305,0;0,0;;;;;;;;;;6962,0;0,0;;;0,0;0,0;;0;;;7658,0;;;Lager;;;Unbekannt;;;Privatgebäude - Geringer Wärmebedarf;;False;5001,46672543335;False;;;;;False;False;;False;False;GHD, Verkehr & Sonstige;0,0;0,0;0,0;;greenventory
243694766;True;Im Leimenbosch 5;Elgersweier;Offenburg;77656;Wohngebäude;Mehrfamilienhaus (1979 - 1983);1979 - 1990;Erdgasnetz;109;31849,10480430673;25765,925786684147;6175,0;8,389520289914943;;;;;;38840,371712569184;;;;15816,0;11588,965502735155;Gaskessel;Mittel;19094,73066001264;38840,371712569184;65,0;1;;;17398,0;;;Wohngebäude;5;4;2-8;Mehrfamilienhaus;;Privatgebäude - Geringer Wärmebedarf;;False;0,0;False;;;;;False;False;;False;True;Privates Wohnen;6083,179017622586;0,0;17,69394711350374;E;greenventory
243694767;True;Im Leimenbosch 7;Elgersweier;Offenburg;77656;Wohngebäude;Ein-/Zweifamilienhaus (2010 - 2015);2011 - 2019;Heizöl;86;19603,133877350123;15858,935306776251;4940,0;6,36012788020693;;;;;;;21781,25986372236;;;11700,0;30080,446641861712;Ölkessel;Mittel;9812,810449353317;21781,25986372236;35,0;3;;;12870,0;;;Wohngebäude;4;2;1-2;Einfamilienhaus;;Privatgebäude - Geringer Wärmebedarf;;False;0,0;False;;;;;False;False;;False;True;Privates Wohnen;3744,1985705738734;0,0;10,890629931861179;C;greenventory
243694768;True;Sportplatzstraße 1;Elgersweier;Offenburg;77656;Wohngebäude;Ein-/Zweifamilienhaus (2002 - 2009);2001 - 2010;Heizöl;86;19082,1710760301;15437,47640050835;4940,0;6,191104393556432;;;;;;;21202,41230670011;;;11570,0;11186,599112372038;Ölkessel;Mittel;6640,257008547696;21202,41230670011;55,0;1;;;12727,0;;;Wohngebäude;4;2;1-2;Einfamilienhaus;;Privatgebäude - Geringer Wärmebedarf;;False;0,0;False;;;;;False;False;;False;True;Privates Wohnen;3644,694675521749;0,0;10,601206153350056;C;greenventory
243694769;True;Am Steingrüble 9;Elgersweier;Offenburg;77656;Wohngebäude;Mehrfamilienhaus (1995 - 2001);1991 - 2000;Erdgasnetz;84;37847,987409750735;30619,021814488347;9880,0;9,969713756714828;;;;;;46156,082207013096;;;;16849,0;10800,19167818272;Gaskessel;Mittel;18921,775261563605;46156,082207013096;55,0;1;;;18533,0;;;Wohngebäude;8;6;2-8;Mehrfamilienhaus;;Privatgebäude - Geringer Wärmebedarf;;False;0,0;False;;;;;False;False;;False;True;Privates Wohnen;7228,965595262391;0,0;21,026659672083742;D;greenventory
243694770;True;Töpferweg 3b;Elgersweier;Offenburg;77656;Wohngebäude;Reihenhaus (1979 - 1983);1979 - 1990;Erdgasnetz;140;22751,769588251736;18406,181596895654;4050,0;5,99314906227119;;;;;;27746,06047347773;;;;8796,0;0,0;Gaskessel;Mittel;12629,142612681817;27746,06047347773;65,0;0;;;9676,0;;;Wohngebäude;3;1;0-1;Reihenhaus;;Privatgebäude - Geringer Wärmebedarf;;False;0,0;False;;;;;False;False;;False;True;Privates Wohnen;4345,587991356082;0,0;12,639871993473188;F;greenventory
243694771;True;Töpferweg 4;Elgersweier;Offenburg;77656;Wohngebäude;Ein-/Zweifamilienhaus (nach 2015);2011 - 2019;Erdgasnetz;66;8213,171497765145;6644,455741692002;3440,0;2,163469565264965;;;;;;10016,062802152615;;;;10722,0;10428,812199144386;Gaskessel;Mittel;3320,046933218253;10016,062802152615;35,0;1;;;11794,0;;;Wohngebäude;2;1;0-1;Einfamilienhaus;;Privatgebäude - Geringer Wärmebedarf;;False;0,0;False;;;;;False;False;;False;True;Privates Wohnen;1568,7157560731425;0,0;4,977679695615239;C;greenventory
243694772;True;Töpferweg 4a;Elgersweier;Offenburg;77656;Wohngebäude;Ein-/Zweifamilienhaus (2002 - 2009);2001 - 2010;Erdgasnetz;85;15643,239448576433;12655,380713898334;4050,0;4,120658196210377;;;;;;19077,121278751747;;;;9485,0;10800,19167818272;Gaskessel;Mittel;5443,569810317929;19077,121278751747;55,0;1;;;10433,0;;;Wohngebäude;3;2;1-2;Einfamilienhaus;;Privatgebäude - Geringer Wärmebedarf;;False;0,0;False;;;;;False;False;;False;True;Privates Wohnen;2987,8587346780987;0,0;8,690688582542462;D;greenventory
243694773;True;Töpferweg 8;Elgersweier;Offenburg;77656;Wohngebäude;Ein-/Zweifamilienhaus (2002 - 2009);2001 - 2010;Erdgasnetz;85;16493,465973711584;13343,213972732672;4940,0;4,344620305270369;;;;;;20113,982894770226;;;;10000,0;21600,38335636544;Gaskessel;Mittel;5739,43355768123;20113,982894770226;55,0;2;;;11000,0;;;Wohngebäude;4;2;1-2;Einfamilienhaus;;Privatgebäude - Geringer Wärmebedarf;;False;0,0;False;;;;;False;False;;False;True;Privates Wohnen;3150,2520009789123;0,0;9,16303665206199;D;greenventory
243694774;True;Töpferweg 3;Elgersweier;Offenburg;77656;Wohngebäude;Reihenhaus (1979 - 1983);1979 - 1990;Erdgasnetz;140;19158,50823002172;15499,23315808757;4050,0;5,046631436200843;;;;;;23364,034426855756;;;;7407,0;23177,93100547031;Gaskessel;Mittel;10634,580828742237;23364,034426855756;65,0;2;;;8148,0;;;Wohngebäude;3;1;0-1;Reihenhaus;;Privatgebäude - Geringer Wärmebedarf;;False;0,0;False;;;;;False;False;;False;True;Privates Wohnen;3659,2750719341484;0,0;10,643615683345399;F;greenventory
243694775;True;Töpferweg 3a;Elgersweier;Offenburg;77656;Wohngebäude;Reihenhaus (1984 - 1994);1979 - 1990;Erdgasnetz;125;17107,29775664435;13839,80388512528;4050,0;4,506312579799;;;;;;20862,558239810187;;;;7382,0;0,0;Gaskessel;Mittel;10439,103628535433;20862,558239810187;65,0;0;;;8121,0;;;Wohngebäude;3;1;0-1;Reihenhaus;;Privatgebäude - Geringer Wärmebedarf;;False;0,0;False;;;;;False;False;;False;True;Privates Wohnen;3267,493871519071;0,0;9,504054309246863;E;greenventory
243694776;True;Sattlerweg 3;Elgersweier;Offenburg;77656;Wohngebäude;Ein-/Zweifamilienhaus (1984 - 1994);1979 - 1990;Stromnetz;114;17120,23054828746;13850,266513564557;4050,0;4,45125994255474;;;;;;;;;17120,23054828746;8119,0;0,0;Elektroheizung;Mittel;7556,726769984591;17120,23054828746;65,0;0;;;8931,0;;;Wohngebäude;3;1;0-1;Einfamilienhaus;;Privatgebäude - Geringer Wärmebedarf;Nachtspeicherheizung;False;0,0;False;;;;;False;False;;False;True;Privates Wohnen;3269,964034722905;0,0;9,511239193493035;D;greenventory
243694777;True;Sattlerweg 3a;Elgersweier;Offenburg;77656;Wohngebäude;Ein-/Zweifamilienhaus (1979 - 1983);1979 - 1990;Erdgasnetz;142;24726,39656427683;20003,654820499956;4050,0;6,513294704736336;;;;;;30154,142151557113;;;;9422,0;0,0;Gaskessel;Mittel;15192,597046978346;30154,142151557113;80,0;0;;;10365,0;;;Wohngebäude;3;1;0-1;Einfamilienhaus;;Privatgebäude - Geringer Wärmebedarf;;False;0,0;False;;;;;False;False;;False;True;Privates Wohnen;4722,7417437768745;0,0;13,736886980153795;F;greenventory
243694778;True;Krummholzweg 2;Elgersweier;Offenburg;77656;Wohngebäude;Ein-/Zweifamilienhaus (1984 - 1994);1979 - 1990;Erdgasnetz;114;19858,529098008454;16065,55004028884;4050,0;5,231027177036373;;;;;;24217,71841220543;;;;9418,0;11588,965502735155;Gaskessel;Mittel;8765,388878624037;24217,71841220543;65,0;1;;;10360,0;;;Wohngebäude;3;1;0-1;Einfamilienhaus;;Privatgebäude - Geringer Wärmebedarf;;False;0,0;False;;;;;False;False;;False;True;Privates Wohnen;3792,9790577196145;0,0;11,032516165560253;E;greenventory
243694779;True;Krummholzweg 2a;Elgersweier;Offenburg;77656;Wohngebäude;Ein-/Zweifamilienhaus (1984 - 1994);1979 - 1990;Erdgasnetz;114;19817,273752730987;16032,17446595937;4050,0;5,220159915353528;;;;;;24167,407015525594;;;;9398,0;11588,965502735155;Gaskessel;Mittel;8747,179113797338;24167,407015525594;65,0;1;;;10338,0;;;Wohngebäude;3;1;0-1;Einfamilienhaus;;Privatgebäude - Geringer Wärmebedarf;;False;0,0;False;;;;;False;False;;False;True;Privates Wohnen;3785,0992867716186;0,0;11,009596529294994;E;greenventory
243694780;True;;Elgersweier;Offenburg;77656;Wohngebäude;Ein-/Zweifamilienhaus (1984 - 1994);1979 - 1990;Erdgasnetz;114;3430,697560080711;2775,4343261052954;2050,0;0,9036959426554068;;;;;;4183,77751229355;;;;0,0;0,0;Gaskessel;Mittel;1514,2812486585344;4183,77751229355;65,0;0;;;0,0;;;Wohngebäude;1;1;0-1;Einfamilienhaus;;Privatgebäude - Geringer Wärmebedarf;;False;0,0;False;;;;;False;False;;False;False;Privates Wohnen;655,2632339754158;0,0;1,9059430889337283;E;greenventory
243694781;True;Krummholzweg 4;Elgersweier;Offenburg;77656;Wohngebäude;Mehrfamilienhaus (1984 - 1994);1979 - 1990;Erdgasnetz;96;30936,042924592795;25027,258725995573;7410,0;8,149006428917128;;;;;;37726,88161535707;;;;17485,0;24016,600748231547;Gaskessel;Mittel;16746,594789676295;37726,88161535707;65,0;2;;;19233,0;;;Wohngebäude;6;5;2-8;Mehrfamilienhaus;;Privatgebäude - Geringer Wärmebedarf;;False;0,0;False;;;;;False;False;;False;True;Privates Wohnen;5908,784198597224;0,0;17,186690513662665;D;greenventory
243694782;True;Töpferweg 5;Elgersweier;Offenburg;77656;Wohngebäude;Mehrfamilienhaus (1958 - 1968);1949 - 1978;Erdgasnetz;126;35952,94258165068;29085,9305485554;6175,0;9,470531216629935;;;;;;43845,051928842295;;;;15827,0;11588,965502735155;Gaskessel;Mittel;22989,314294614633;43845,051928842295;65,0;1;;;17410,0;;;Wohngebäude;5;4;2-8;Mehrfamilienhaus;;Privatgebäude - Geringer Wärmebedarf;;False;0,0;False;;;;;False;False;;False;True;Privates Wohnen;6867,01203309528;0,0;19,97385698980593;E;greenventory
243694783;True;;Elgersweier;Offenburg;77656;Wohngebäude;Ein-/Zweifamilienhaus (1979 - 1983);1979 - 1990;Heizöl;142;7642,5720536626895;6182,840791413117;2050,0;2,4795900440772276;;;;;;;8491,746726291876;;;0,0;0,0;Ölkessel;Mittel;4695,812319921468;8491,746726291876;80,0;0;;;0,0;;;Wohngebäude;1;1;0-1;Einfamilienhaus;;Privatgebäude - Geringer Wärmebedarf;;False;0,0;False;;;;;False;False;;False;False;Privates Wohnen;1459,7312622495738;0,0;4,245873363145939;E;greenventory
243694784;True;;Elgersweier;Offenburg;77656;Wohngebäude;Ein-/Zweifamilienhaus (1984 - 1994);1979 - 1990;Erdgasnetz;115;5850,759740547246;4733,264630102723;2050,0;1,5411757365343965;;;;;;7135,07285432591;;;;0,0;0,0;Gaskessel;Mittel;2582,4764819282213;7135,07285432591;65,0;0;;;0,0;;;Wohngebäude;1;1;0-1;Einfamilienhaus;;Privatgebäude - Geringer Wärmebedarf;;False;0,0;False;;;;;False;False;;False;False;Privates Wohnen;1117,495110444524;0,0;3,2504220780818036;E;greenventory
243694785;True;Sattlerweg 1;Elgersweier;Offenburg;77656;Wohngebäude;Mehrfamilienhaus (1979 - 1983);1979 - 1990;Stromnetz;109;30608,43876451518;24762,226960492782;6175,0;7,958194078773946;;;;;;;;;30608,43876451518;15200,0;34766,896508205464;Elektroheizung;Mittel;18350,904922541966;30608,43876451518;65,0;3;;;16720,0;;;Wohngebäude;5;4;2-8;Mehrfamilienhaus;;Privatgebäude - Geringer Wärmebedarf;Nachtspeicherheizung;False;0,0;False;;;;;False;False;;False;True;Privates Wohnen;5846,2118040223995;0,0;17,004688202508433;D;greenventory
243694786;True;Krummholzweg 6;Elgersweier;Offenburg;77656;Wohngebäude;Ein-/Zweifamilienhaus (1979 - 1983);1979 - 1990;Erdgasnetz;142;20378,79975180344;16486,448999208984;4050,0;5,368074080962857;;;;;;24852,19481927249;;;;7766,0;12902,358137666331;Gaskessel;Mittel;12521,310661882406;24852,19481927249;80,0;1;;;8542,0;;;Wohngebäude;3;1;0-1;Einfamilienhaus;;Privatgebäude - Geringer Wärmebedarf;;False;0,0;False;;;;;False;False;;False;True;Privates Wohnen;3892,350752594457;0,0;11,321555417668577;F;greenventory
243694787;True;Krummholzweg 6a;Elgersweier;Offenburg;77656;Wohngebäude;Ein-/Zweifamilienhaus (1984 - 1994);1979 - 1990;Erdgasnetz;114;16447,55649260885;13306,07320252056;4050,0;4,332527076101843;;;;;;20057,99572269372;;;;7800,0;11588,965502735155;Gaskessel;Mittel;7259,814060212164;20057,99572269372;65,0;1;;;8580,0;;;Wohngebäude;3;1;0-1;Einfamilienhaus;;Privatgebäude - Geringer Wärmebedarf;;False;0,0;False;;;;;False;False;;False;True;Privates Wohnen;3141,4832900882902;0,0;9,137531384782694;E;greenventory
243694788;True;Sattlerweg 6;Elgersweier;Offenburg;77656;Wohngebäude;Mehrfamilienhaus (1984 - 1994);1979 - 1990;Heizöl;96;25880,7112164755;20937,49537412868;6175,0;8,396852972456497;;;;;;;28756,34579608389;;;14627,0;57944,82751367578;Ölkessel;Mittel;14009,994253867568;28756,34579608389;65,0;5;;;16090,0;;;Wohngebäude;5;4;2-8;Mehrfamilienhaus;;Privatgebäude - Geringer Wärmebedarf;;False;0,0;False;;;;;False;False;;False;True;Privates Wohnen;4943,215842346821;0,0;14,378172898041946;D;greenventory
243694789;True;Sattlerweg 8;Elgersweier;Offenburg;77656;Wohngebäude;Mehrfamilienhaus (1984 - 1994);1979 - 1990;Erdgasnetz;96;23025,50071956509;18627,63008212816;6175,0;6,065253848080562;;;;;;28079,878926298894;;;;13014,0;0,0;Gaskessel;Mittel;12464,384385548627;28079,878926298894;65,0;0;;;14315,0;;;Wohngebäude;5;3;2-8;Mehrfamilienhaus;;Privatgebäude - Geringer Wärmebedarf;;False;0,0;False;;;;;False;False;;False;True;Privates Wohnen;4397,870637436932;0,0;12,791944844202828;D;greenventory
243694790;True;Sportplatzstraße 2;Elgersweier;Offenburg;77656;Wohngebäude;Ein-/Zweifamilienhaus (2002 - 2009);2001 - 2010;Erdgasnetz;86;20275,97161717646;16403,261038295757;4940,0;5,340987645500141;;;;;;24726,794655093243;;;;12293,0;10800,19167818272;Gaskessel;Mittel;7055,678418332287;24726,794655093243;55,0;1;;;13523,0;;;Wohngebäude;4;2;1-2;Einfamilienhaus;;Privatgebäude - Geringer Wärmebedarf;;False;0,0;False;;;;;False;False;;False;True;Privates Wohnen;3872,710578880704;0,0;11,264428676209144;D;greenventory
243694791;True;Kreuzwegstraße 23;Elgersweier;Offenburg;77656;Wohngebäude;Mehrfamilienhaus (1919 - 1948);1919 - 1948;Heizöl;132;47429,056143864495;38370,10642038638;8645,0;15,388093771120479;;;;;;;52698,95127096055;;;14405,0;11588,965502735155;Ölkessel;Mittel;27810,42976948824;52698,95127096055;65,0;1;;;15845,0;;;Wohngebäude;7;5;2-8;Mehrfamilienhaus;;Privatgebäude - Geringer Wärmebedarf;;False;0,0;False;;;;;False;False;;False;True;Privates Wohnen;9058,94972347812;0,0;26,349475635480275;E;greenventory
243694792;False;;Elgersweier;Offenburg;77656;Lager;;;;0;0,0;0,0;2557,0;0,0;;;;;;;;;;13639,0;0,0;;;0,0;0,0;;0;;;15003,0;;;Lager;;;Unbekannt;;;Privatgebäude - Geringer Wärmebedarf;;False;9798,029675492708;False;;;;;False;False;;False;False;GHD, Verkehr & Sonstige;0,0;0,0;0,0;;greenventory
243694793;True;Krummholzweg 1;Elgersweier;Offenburg;77656;Wohngebäude;Ein-/Zweifamilienhaus (1984 - 1994);1979 - 1990;Erdgasnetz;114;17281,80432224151;13980,979696693383;4050,0;4,55228016293191;;;;;;21075,37112468477;;;;8196,0;0,0;Gaskessel;Mittel;7628,044084288405;21075,37112468477;65,0;0;;;9015,0;;;Wohngebäude;3;1;0-1;Einfamilienhaus;;Privatgebäude - Geringer Wärmebedarf;;False;0,0;False;;;;;False;False;;False;True;Privates Wohnen;3300,8246255481286;0,0;9,601002401245283;E;greenventory
243694794;True;Krummholzweg 1a;Elgersweier;Offenburg;77656;Wohngebäude;Ein-/Zweifamilienhaus (1979 - 1983);1979 - 1990;Erdgasnetz;142;20251,73477867514;16383,65343594819;4050,0;5,334603307553452;;;;;;24697,237534969685;;;;7717,0;0,0;Gaskessel;Mittel;12443,238350354717;24697,237534969685;80,0;0;;;8489,0;;;Wohngebäude;3;1;0-1;Einfamilienhaus;;Privatgebäude - Geringer Wärmebedarf;;False;0,0;False;;;;;False;False;;False;True;Privates Wohnen;3868,0813427269522;0,0;11,250963765930635;F;greenventory
243694795;True;Krummholzweg 8;Elgersweier;Offenburg;77656;Wohngebäude;Ein-/Zweifamilienhaus (1979 - 1983);1979 - 1990;Erdgasnetz;142;26348,308055437396;21315,781216848853;4050,0;6,940529926798144;;;;;;32132,08299443585;;;;10040,0;0,0;Gaskessel;Mittel;16189,145317447568;32132,08299443585;80,0;0;;;11044,0;;;Wohngebäude;3;2;1-2;Einfamilienhaus;;Privatgebäude - Geringer Wärmebedarf;;False;0,0;False;;;;;False;False;;False;True;Privates Wohnen;5032,526838588543;0,0;14,637948919687442;F;greenventory
243694796;True;Krummholzweg 1b;Elgersweier;Offenburg;77656;Wohngebäude;Ein-/Zweifamilienhaus (1984 - 1994);1979 - 1990;Erdgasnetz;114;15696,89038636858;12698,78432257218;4050,0;4,134790638360504;;;;;;19142,549251669;;;;7444,0;12008,300374115774;Gaskessel;Mittel;6928,476310738144;19142,549251669;65,0;1;;;8189,0;;;Wohngebäude;3;1;0-1;Einfamilienhaus;;Privatgebäude - Geringer Wärmebedarf;;False;0,0;False;;;;;False;False;;False;True;Privates Wohnen;2998,1060637963988;0,0;8,720494659093655;E;greenventory
243694797;True;Sattlerweg 7;Elgersweier;Offenburg;77656;Wohngebäude;Mehrfamilienhaus (1979 - 1983);1979 - 1990;Erdgasnetz;109;28319,981259310254;22910,864838781996;6175,0;7,459897502452458;;;;;;34536,56251135397;;;;14063,0;34766,896508205464;Gaskessel;Mittel;16978,88897555486;34536,56251135397;65,0;3;;;15470,0;;;Wohngebäude;5;4;2-8;Mehrfamilienhaus;;Privatgebäude - Geringer Wärmebedarf;;False;0,0;False;;;;;False;False;;False;True;Privates Wohnen;5409,1164205282585;0,0;15,73332292183903;E;greenventory
243694798;True;Sattlerweg 9;Elgersweier;Offenburg;77656;Wohngebäude;Mehrfamilienhaus (1984 - 1994);1979 - 1990;Heizöl;96;25663,790129565416;20762,006214818422;6175,0;8,326474130925668;;;;;;;28515,322366183795;;;14505,0;11588,965502735155;Ölkessel;Mittel;13892,568455336252;28515,322366183795;65,0;1;;;15955,0;;;Wohngebäude;5;4;2-8;Mehrfamilienhaus;;Privatgebäude - Geringer Wärmebedarf;;False;0,0;False;;;;;False;False;;False;True;Privates Wohnen;4901,783914746994;0,0;14,257661183091898;D;greenventory
243694799;True;Krummholzweg 10;Elgersweier;Offenburg;77656;Wohngebäude;Mehrfamilienhaus (1919 - 1948);1919 - 1948;Erdgasnetz;132;34937,91098205011;28264,769984478542;6175,0;9,203157039174176;;;;;;42607,20851469526;;;;14855,0;12224,669997105906;Gaskessel;Mittel;20486,140746965495;42607,20851469526;65,0;1;;;16341,0;;;Wohngebäude;5;4;2-8;Mehrfamilienhaus;;Privatgebäude - Geringer Wärmebedarf;;False;0,0;False;;;;;False;False;;False;True;Privates Wohnen;6673,1409975715715;0,0;19,409950545583396;F;greenventory
243694800;True;Krummholzweg 12;Elgersweier;Offenburg;77656;Wohngebäude;Ein-/Zweifamilienhaus (1949 - 1957);1949 - 1978;Heizöl;165;26939,582203946764;21794,12200299293;4050,0;8,74039778172495;;;;;;;29932,869115496404;;;9055,0;38707,07441299899;Ölkessel;Mittel;14198,620244135724;29932,869115496404;80,0;3;;;9961,0;;;Wohngebäude;3;1;0-1;Einfamilienhaus;;Privatgebäude - Geringer Wärmebedarf;;False;0,0;False;;;;;False;False;;False;True;Privates Wohnen;5145,460200953832;0,0;14,966434557748203;F;greenventory
243694801;True;Kreuzwegstraße 31;Elgersweier;Offenburg;77656;Wohngebäude;Mehrfamilienhaus (1984 - 1994);1979 - 1990;Heizöl;96;51586,28431067447;41733,304007335646;12350,0;16,736883354129937;;;;;;;57318,093678527184;;;20825,0;11588,965502735155;Ölkessel;Mittel;27925,18106344955;57318,093678527184;65,0;1;;;22908,0;;;Wohngebäude;10;8;2-8;Mehrfamilienhaus;;Privatgebäude - Geringer Wärmebedarf;;False;0,0;False;;;;;False;False;;False;True;Privates Wohnen;9852,980303338823;0,0;28,659046839263596;D;greenventory
243694802;True;Krummholzweg 5;Elgersweier;Offenburg;77656;Wohngebäude;Mehrfamilienhaus (1979 - 1983);1979 - 1990;Erdgasnetz;109;27394,855861499847;22162,43839195338;6175,0;7,216205934248741;;;;;;33408,36080670713;;;;13604,0;23177,93100547031;Gaskessel;Mittel;16424,24166579631;33408,36080670713;65,0;2;;;14964,0;;;Wohngebäude;5;4;2-8;Mehrfamilienhaus;;Privatgebäude - Geringer Wärmebedarf;;False;0,0;False;;;;;False;False;;False;True;Privates Wohnen;5232,417469546471;0,0;15,219364367499916;E;greenventory
243694803;True;Kreuzwegstraße 29;Elgersweier;Offenburg;77656;Gesundheits- und Sozialwesen;;1979 - 1990;Erdgasnetz;69;41469,055669268906;28198,957855102857;52480,0;10,923556127514736;;;;;;50572,01910886452;;;;23104,0;13379,574573204598;Gaskessel;Niedrig;13684,78837085874;50572,01910886452;85,0;1;;;25415,0;;;Klinik;;;Unbekannt;;;Öffentliches Gebäude - Geringer Wärmebedarf;;False;43881,14522757778;False;;;;;False;False;;False;True;Öffentlicher Dienst;6635,048907083025;6635,048907083025;17,27877319552871;;greenventory
243694804;True;Krummholzweg 7;Elgersweier;Offenburg;77656;Wohngebäude;Ein-/Zweifamilienhaus (1979 - 1983);1979 - 1990;Erdgasnetz;142;28880,54084470476;23364,357543366154;4940,0;7,6075571005563765;;;;;;35220,171761835074;;;;11005,0;25804,716275332663;Gaskessel;Mittel;17745,020727618168;35220,171761835074;80,0;2;;;12106,0;;;Wohngebäude;4;2;1-2;Einfamilienhaus;;Privatgebäude - Geringer Wärmebedarf;;False;0,0;False;;;;;False;False;;False;True;Privates Wohnen;5516,183301338609;0,0;16,044744913724866;F;greenventory
243694805;True;Krummholzweg 9;Elgersweier;Offenburg;77656;Wohngebäude;Ein-/Zweifamilienhaus (1958 - 1968);1949 - 1978;Holzpellets;160;31374,296556676476;25381,80591435127;4940,0;0,6643968682590313;;;;36910,93712550174;;;;;;10883,0;12902,358137666331;Pelletheizung;Mittel;14313,825423265975;36910,93712550174;80,0;1;;;11971,0;;;Wohngebäude;4;2;1-2;Einfamilienhaus;;Privatgebäude - Geringer Wärmebedarf;;False;0,0;False;;;;;False;False;;False;True;Privates Wohnen;5992,490642325207;0,0;17,430164753709153;F;greenventory
243694806;True;Kreuzwegstraße 27;Elgersweier;Offenburg;77656;Wohngebäude;Mehrfamilienhaus (1979 - 1983);1979 - 1990;Holzpellets;109;44120,54559834626;35693,52138906212;9880,0;0,9343174362002739;;;;51906,524233348544;;;;;;15650,0;0,0;Pelletheizung;Mittel;26451,918820001076;51906,524233348544;65,0;0;;;17215,0;;;Wohngebäude;8;6;2-8;Mehrfamilienhaus;;Privatgebäude - Geringer Wärmebedarf;;False;0,0;False;;;;;False;False;;False;True;Privates Wohnen;8427,024209284136;0,0;24,51141422130348;D;greenventory
243694807;True;Am Rothweg 20;Elgersweier;Offenburg;77656;Wohngebäude;Ein-/Zweifamilienhaus (1995 - 2001);1991 - 2000;Stromnetz;98;18966,79546269578;15344,137529320888;4940,0;1,590763490419646;;;;;;;;;6118,321116998639;10194,0;32400,575034548157;Elektrische Luftwärmepumpe;Mittel;6957,920399383918;6118,321116998639;55,0;3;;;11213,0;;;Wohngebäude;4;2;1-2;Einfamilienhaus;;Privatgebäude - Geringer Wärmebedarf;Wärmepumpe;False;0,0;False;;;;;False;False;;False;True;Privates Wohnen;3622,657933374894;0,0;10,537108590386545;A;greenventory
243694808;True;Am Rothweg 18a;Elgersweier;Offenburg;77656;Wohngebäude;Ein-/Zweifamilienhaus (1984 - 1994);1991 - 2000;Erdgasnetz;114;13099,034099776662;10597,11858671932;3440,0;3,450477275063121;;;;;;15974,43182899593;;;;10081,0;0,0;Gaskessel;Mittel;5781,804244021985;15974,43182899593;55,0;0;;;11089,0;;;Wohngebäude;2;1;0-1;Einfamilienhaus;;Privatgebäude - Geringer Wärmebedarf;;False;0,0;False;;;;;False;False;;False;True;Privates Wohnen;2501,915513057342;0,0;7,27724116654259;E;greenventory
243694809;True;Kreuzwegstraße 42;Elgersweier;Offenburg;77656;Wohngebäude;Mehrfamilienhaus (1984 - 1994);1979 - 1990;Heizöl;96;35808,61065698838;28969,1660215036;8645,0;11,617904790934007;;;;;;;39787,34517443153;;;14456,0;57944,82751367578;Ölkessel;Mittel;19384,259781239038;39787,34517443153;65,0;5;;;15902,0;;;Wohngebäude;7;5;2-8;Mehrfamilienhaus;;Privatgebäude - Geringer Wärmebedarf;;False;0,0;False;;;;;False;False;;False;True;Privates Wohnen;6839,4446354847805;0,0;19,893672587215764;D;greenventory
243694810;True;Am Rothweg 18;Elgersweier;Offenburg;77656;Wohngebäude;Ein-/Zweifamilienhaus (nach 2015);2011 - 2019;Heizöl;66;11286,293100115428;9130,611117993381;4050,0;3,6617750947041166;;;;;;;12540,32566679492;;;8840,0;20143,20141783759;Ölkessel;Mittel;4562,308580143086;12540,32566679492;35,0;2;;;9724,0;;;Wohngebäude;3;1;0-1;Einfamilienhaus;;Privatgebäude - Geringer Wärmebedarf;;False;0,0;False;;;;;False;False;;False;True;Privates Wohnen;2155,681982122047;0,0;6,840177636433593;B;greenventory
243694811;True;Am Rothweg 16;Elgersweier;Offenburg;77656;Wohngebäude;Ein-/Zweifamilienhaus (1995 - 2001);1991 - 2000;Heizöl;98;18913,16165233799;15300,747776741435;4940,0;6,13627022498077;;;;;;;21014,62405815332;;;10165,0;10800,19167818272;Ölkessel;Mittel;6938,244973246745;21014,62405815332;55,0;1;;;11181,0;;;Wohngebäude;4;2;1-2;Einfamilienhaus;;Privatgebäude - Geringer Wärmebedarf;;False;0,0;False;;;;;False;False;;False;True;Privates Wohnen;3612,413875596556;0,0;10,50731202907666;D;greenventory
243694812;True;Sportplatzstraße 4;Elgersweier;Offenburg;77656;Wohngebäude;Mehrfamilienhaus (1958 - 1968);1949 - 1978;Heizöl;126;34880,395281125304;28218,239782430373;6175,0;11,31675046898732;;;;;;;38755,99475680589;;;10968,0;46355,86201094062;Ölkessel;Mittel;22303,49763491784;38755,99475680589;65,0;4;;;12065,0;;;Wohngebäude;5;4;2-8;Mehrfamilienhaus;;Privatgebäude - Geringer Wärmebedarf;;False;0,0;False;;;;;False;False;;False;True;Privates Wohnen;6662,155498694933;0,0;19,377997378402945;E;greenventory
243694813;True;Am Rothweg 19;Elgersweier;Offenburg;77656;Wohngebäude;Reihenhaus (1969 - 1978);1949 - 1978;Stromnetz;148;14939,732492759143;12086,243586642147;3440,0;1,2530098219733476;;;;;;;;;4819,268546051337;5638,0;12902,358137666331;Elektrische Luftwärmepumpe;Mittel;9072,318474327607;4819,268546051337;80,0;1;;;6201,0;;;Wohngebäude;2;1;0-1;Reihenhaus;;Privatgebäude - Geringer Wärmebedarf;Wärmepumpe;False;0,0;False;;;;;False;False;;False;True;Privates Wohnen;2853,4889061169965;0,0;8,29985138486619;A;greenventory
243694814;True;Am Rothweg 29;Elgersweier;Offenburg;77656;Wohngebäude;Reihenhaus (1958 - 1968);1949 - 1978;Erdgasnetz;153;15719,053067914743;12716,713931943028;3440,0;4,140628613011688;;;;;;19169,57691209115;;;;5748,0;12902,358137666331;Gaskessel;Hoch;10585,387049832556;19169,57691209115;80,0;1;;;6323,0;;;Wohngebäude;2;1;0-1;Reihenhaus;;Privatgebäude - Geringer Wärmebedarf;;False;0,0;False;;;;;False;False;;False;True;Privates Wohnen;3002,339135971716;0,0;8,732807259952635;F;greenventory
243694815;True;Am Rothweg 23;Elgersweier;Offenburg;77656;Wohngebäude;Reihenhaus (1949 - 1957);1949 - 1978;Erdgasnetz;159;16215,77059270416;13118,558409497668;3440,0;4,271471278078169;;;;;;19775,329991102637;;;;5693,0;0,0;Gaskessel;Mittel;9439,677189337912;19775,329991102637;80,0;0;;;6262,0;;;Wohngebäude;2;1;0-1;Reihenhaus;;Privatgebäude - Geringer Wärmebedarf;;False;0,0;False;;;;;False;False;;False;True;Privates Wohnen;3097,212183206495;0,0;9,0087614403912;F;greenventory
243694816;True;Am Rothweg 21;Elgersweier;Offenburg;77656;Wohngebäude;Reihenhaus (1969 - 1978);1949 - 1978;Heizöl;147;14690,45075453444;11884,574660418362;3440,0;4,766235133693396;;;;;;;16322,723060593822;;;5544,0;0,0;Ölkessel;Mittel;8920,939370310545;16322,723060593822;80,0;0;;;6098,0;;;Wohngebäude;2;1;0-1;Reihenhaus;;Privatgebäude - Geringer Wärmebedarf;;False;0,0;False;;;;;False;False;;False;True;Privates Wohnen;2805,876094116078;0,0;8,161361530296912;F;greenventory
243694817;True;Kreuzwegstraße 25;Elgersweier;Offenburg;77656;Wohngebäude;Ein-/Zweifamilienhaus (1949 - 1957);1949 - 1978;Heizöl;165;22789,19315585201;18436,457263084274;4050,0;7,39382711278754;;;;;;;25321,325728724452;;;7660,0;48898,679988423624;Ölkessel;Mittel;12011,140218900444;25321,325728724452;80,0;4;;;8426,0;;;Wohngebäude;3;1;0-1;Einfamilienhaus;;Privatgebäude - Geringer Wärmebedarf;;False;0,0;False;;;;;False;False;;False;True;Privates Wohnen;4352,735892767733;0,0;12,660662864362227;F;greenventory
243694818;True;Kreuzwegstraße 36;Elgersweier;Offenburg;77656;Wohngebäude;Mehrfamilienhaus (1984 - 1994);1979 - 1990;Heizöl;96;27209,267929587593;22012,297755036365;6175,0;8,827895817155085;;;;;;;30232,519921763993;;;10984,0;23177,93100547031;Ölkessel;Mittel;14729,181287058085;30232,519921763993;65,0;2;;;12083,0;;;Wohngebäude;5;4;2-8;Mehrfamilienhaus;;Privatgebäude - Geringer Wärmebedarf;;False;0,0;False;;;;;False;False;;False;True;Privates Wohnen;5196,97017455123;0,0;15,116259960881996;D;greenventory
243694819;True;Am Rothweg 1;Elgersweier;Offenburg;77656;Wohngebäude;Ein-/Zweifamilienhaus (1984 - 1994);1979 - 1990;Erdgasnetz;114;19996,07503304375;16176,824701732396;4050,0;5,267258789192012;;;;;;24385,45735737043;;;;9483,0;24449,339994211812;Gaskessel;Mittel;8826,100505517858;24385,45735737043;65,0;2;;;10431,0;;;Wohngebäude;3;1;0-1;Einfamilienhaus;;Privatgebäude - Geringer Wärmebedarf;;False;0,0;False;;;;;False;False;;False;True;Privates Wohnen;3819,2503313113566;0,0;11,108930573913195;E;greenventory
243694820;True;Am Rothweg 1a;Elgersweier;Offenburg;77656;Wohngebäude;Ein-/Zweifamilienhaus (1979 - 1983);1979 - 1990;Erdgasnetz;142;12775,525065148311;10335,399777704984;3440,0;3,365260261063458;;;;;;15579,908616034527;;;;8114,0;0,0;Gaskessel;Mittel;7849,643755159383;15579,908616034527;80,0;0;;;8925,0;;;Wohngebäude;2;1;0-1;Einfamilienhaus;;Privatgebäude - Geringer Wärmebedarf;;False;0,0;False;;;;;False;False;;False;True;Privates Wohnen;2440,1252874433276;0,0;7,097513925082395;F;greenventory
243694821;True;Am Rothweg 2;Elgersweier;Offenburg;77656;Wohngebäude;Reihenhaus (1919 - 1948);1919 - 1948;Erdgasnetz;162;11699,237199146248;9464,682894109315;2050,0;3,0817502866043776;;;;;;14267,362437983229;;;;6789,0;12334,59317700996;Gaskessel;Mittel;7563,249583408868;14267,362437983229;80,0;1;;;7467,0;;;Wohngebäude;1;1;0-1;Reihenhaus;;Privatgebäude - Geringer Wärmebedarf;;False;0,0;False;;;;;False;False;;False;True;Privates Wohnen;2234,5543050369333;0,0;6,499576221747915;F;greenventory
243694822;True;Am Rothweg 5a;Elgersweier;Offenburg;77656;Wohngebäude;Ein-/Zweifamilienhaus (1958 - 1968);1949 - 1978;Erdgasnetz;160;31836,038805574964;25755,35539371015;4940,0;8,38607851463926;;;;;;38824,43756777435;;;;7888,0;12902,358137666331;Gaskessel;Mittel;14524,485060824372;38824,43756777435;80,0;1;;;8677,0;;;Wohngebäude;4;2;1-2;Einfamilienhaus;;Privatgebäude - Geringer Wärmebedarf;;False;0,0;False;;;;;False;False;;False;True;Privates Wohnen;6080,6834118648185;0,0;17,686688225319426;F;greenventory
243694823;True;;Elgersweier;Offenburg;77656;Wohngebäude;Ein-/Zweifamilienhaus (1949 - 1957);1949 - 1978;Heizöl;164;8871,762028658195;7177,25548118448;2050,0;2,878393902631325;;;;;;;9857,513365175771;;;0,0;0,0;Ölkessel;Mittel;4675,899536511974;9857,513365175771;80,0;0;;;0,0;;;Wohngebäude;1;1;0-1;Einfamilienhaus;;Privatgebäude - Geringer Wärmebedarf;;False;0,0;False;;;;;False;False;;False;False;Privates Wohnen;1694,5065474737153;0,0;4,928756682587887;F;greenventory
243694824;True;Am Rothweg 2a;Elgersweier;Offenburg;77656;Wohngebäude;Reihenhaus (1919 - 1948);1919 - 1948;Heizöl;161;10455,376897414131;8458,399910008033;2050,0;3,392188948938807;;;;;;;11617,085441571257;;;6067,0;0,0;Ölkessel;Mittel;6759,126566774861;11617,085441571257;80,0;0;;;6673,0;;;Wohngebäude;1;1;0-1;Reihenhaus;;Privatgebäude - Geringer Wärmebedarf;;False;0,0;False;;;;;False;False;;False;True;Privates Wohnen;1996,9769874060992;0,0;5,808542720785629;F;greenventory
243694825;True;Am Rothweg 25;Elgersweier;Offenburg;77656;Wohngebäude;Reihenhaus (1958 - 1968);1949 - 1978;Erdgasnetz;152;15301,745415567488;12379,1120411941;3440,0;4,0307036704421675;;;;;;18660,665140935962;;;;5595,0;0,0;Gaskessel;Hoch;10304,367385361213;18660,665140935962;80,0;0;;;6155,0;;;Wohngebäude;2;1;0-1;Reihenhaus;;Privatgebäude - Geringer Wärmebedarf;;False;0,0;False;;;;;False;False;;False;True;Privates Wohnen;2922,6333743733903;0,0;8,500969675315272;F;greenventory
243694826;True;Am Rothweg 27;Elgersweier;Offenburg;77656;Wohngebäude;Reihenhaus (1949 - 1957);1949 - 1978;Stromnetz;159;15857,352245603603;12828,597966693314;3440,0;4,122911583856936;;;;;;;;;15857,352245603603;5567,0;0,0;Elektroheizung;Mittel;9231,031323511;15857,352245603603;80,0;0;;;6124,0;;;Wohngebäude;2;1;0-1;Reihenhaus;;Privatgebäude - Geringer Wärmebedarf;Nachtspeicherheizung;False;0,0;False;;;;;False;False;;False;True;Privates Wohnen;3028,754278910288;0,0;8,809640136446445;E;greenventory
243694827;True;Kreuzwegstraße 40;Elgersweier;Offenburg;77656;Wohngebäude;Mehrfamilienhaus (1984 - 1994);1979 - 1990;Heizöl;96;40301,18431567265;32603,65811137918;9880,0;13,075495355751572;;;;;;;44779,093684080726;;;16270,0;34766,896508205464;Ölkessel;Mittel;21816,222744574283;44779,093684080726;65,0;3;;;17897,0;;;Wohngebäude;8;6;2-8;Mehrfamilienhaus;;Privatgebäude - Geringer Wärmebedarf;;False;0,0;False;;;;;False;False;;False;True;Privates Wohnen;7697,526204293477;0,0;22,389546842040364;D;greenventory
243694828;True;Kreuzwegstraße 38;Elgersweier;Offenburg;77656;Wohngebäude;Mehrfamilienhaus (1979 - 1983);1979 - 1990;Erdgasnetz;109;27593,010428072634;22322,74543631076;6175,0;7,268402746906938;;;;;;33650,01271716175;;;;9787,0;23177,93100547031;Gaskessel;Mittel;16543,04274673744;33650,01271716175;65,0;2;;;10766,0;;;Wohngebäude;5;4;2-8;Mehrfamilienhaus;;Privatgebäude - Geringer Wärmebedarf;;False;0,0;False;;;;;False;False;;False;True;Privates Wohnen;5270,264991761873;0,0;15,32945023781813;E;greenventory
243694829;True;Am Rothweg 13;Elgersweier;Offenburg;77656;Wohngebäude;Reihenhaus (1984 - 1994);1979 - 1990;Stromnetz;125;12991,813128232892;10510,37682074041;3440,0;1,0896359397872748;;;;;;;;;4190,907460720287;5606,0;0,0;Elektrische Luftwärmepumpe;Mittel;7927,779448131444;4190,907460720287;65,0;0;;;6167,0;;;Wohngebäude;2;1;0-1;Reihenhaus;;Privatgebäude - Geringer Wärmebedarf;Wärmepumpe;False;0,0;False;;;;;False;False;;False;True;Privates Wohnen;2481,4363074924827;0,0;7,2176739601293844;A;greenventory
243694830;True;Am Rothweg 14;Elgersweier;Offenburg;77656;Wohngebäude;Mehrfamilienhaus (1984 - 1994);1979 - 1990;Heizöl;96;59738,22995799041;48328,22803601424;14820,0;19,381736830814667;;;;;;;66375,81106443379;;;24116,0;0,0;Ölkessel;Mittel;32338,070288998824;66375,81106443379;65,0;0;;;26528,0;;;Wohngebäude;12;9;8-20;Mehrfamilienhaus;;Privatgebäude - Geringer Wärmebedarf;;False;0,0;False;;;;;False;False;;False;True;Privates Wohnen;11410,001921976167;0,0;33,187905532216895;D;greenventory
243694831;True;;Elgersweier;Offenburg;77656;Wohngebäude;Mehrfamilienhaus (1979 - 1983);1979 - 1990;Stromnetz;109;36762,95342067774;29741,229317328292;7410,0;3,0833444804439396;;;;;;;;;11859,01723247669;18256,0;0,0;Elektrische Luftwärmepumpe;Mittel;22040,766864489957;11859,01723247669;65,0;0;;;20082,0;;;Wohngebäude;6;5;2-8;Mehrfamilienhaus;;Privatgebäude - Geringer Wärmebedarf;Wärmepumpe;False;0,0;False;;;;;False;False;;False;False;Privates Wohnen;7021,724103349448;0,0;20,423863011487633;A;greenventory
243694832;True;Am Rothweg 15;Elgersweier;Offenburg;77656;Wohngebäude;Reihenhaus (1984 - 1994);1979 - 1990;Stromnetz;125;13118,81330306457;10613,119962179237;3440,0;1,1002875673538024;;;;;;;;;4231,875259053087;5661,0;11588,965502735155;Elektrische Luftwärmepumpe;Mittel;8005,276666264277;4231,875259053087;65,0;1;;;6227,0;;;Wohngebäude;2;1;0-1;Reihenhaus;;Privatgebäude - Geringer Wärmebedarf;Wärmepumpe;False;0,0;False;;;;;False;False;;False;True;Privates Wohnen;2505,693340885333;0,0;7,28822961281365;A;greenventory
243694833;True;;Elgersweier;Offenburg;77656;Wohngebäude;Mehrfamilienhaus (1984 - 1994);1979 - 1990;Stromnetz;96;26665,84668358753;21572,669967022313;6175,0;2,2364903670105667;;;;;;;;;8601,886026963719;15071,0;11588,965502735155;Elektrische Luftwärmepumpe;Mittel;14435,011298057016;8601,886026963719;65,0;1;;;16578,0;;;Wohngebäude;5;4;2-8;Mehrfamilienhaus;;Privatgebäude - Geringer Wärmebedarf;Wärmepumpe;False;0,0;False;;;;;False;False;;False;False;Privates Wohnen;5093,176716565218;0,0;14,81435926865974;A;greenventory
243694834;True;Am Rothweg 9;Elgersweier;Offenburg;77656;Wohngebäude;Reihenhaus (1984 - 1994);1979 - 1990;Heizöl;125;13301,811275597396;10761,165321958295;3440,0;4,315698769416044;;;;;;;14779,790306219329;;;5740,0;23177,93100547031;Ölkessel;Mittel;8116,944495178994;14779,790306219329;65,0;2;;;6314,0;;;Wohngebäude;2;1;0-1;Reihenhaus;;Privatgebäude - Geringer Wärmebedarf;;False;0,0;False;;;;;False;False;;False;True;Privates Wohnen;2540,6459536391026;0,0;7,389895153109665;E;greenventory
243694835;True;Am Rothweg 11;Elgersweier;Offenburg;77656;Wohngebäude;Reihenhaus (1979 - 1983);1979 - 1990;Heizöl;139;14366,501608329401;11622,499801138487;3440,0;4,66113163292465;;;;;;;15962,779564810446;;;5554,0;0,0;Ölkessel;Mittel;7974,614763618325;15962,779564810446;65,0;0;;;6110,0;;;Wohngebäude;2;1;0-1;Reihenhaus;;Privatgebäude - Geringer Wärmebedarf;;False;0,0;False;;;;;False;False;;False;True;Privates Wohnen;2744,0018071909158;0,0;7,981389782405223;E;greenventory
243694836;True;Kreuzwegstraße 30;Elgersweier;Offenburg;77656;Wohngebäude;Mehrfamilienhaus (1995 - 2001);1991 - 2000;Erdgasnetz;84;27512,38448334098;22257,51904702285;7410,0;7,2471646931727465;;;;;;33551,68839431827;;;;17146,0;0,0;Gaskessel;Mittel;13754,579615226528;33551,68839431827;55,0;0;;;18861,0;;;Wohngebäude;6;5;2-8;Mehrfamilienhaus;;Privatgebäude - Geringer Wärmebedarf;;False;0,0;False;;;;;False;False;;False;True;Privates Wohnen;5254,865436318127;0,0;15,284658046300544;D;greenventory
243694837;True;Kreuzwegstraße 28;Elgersweier;Offenburg;77656;Wohngebäude;Ein-/Zweifamilienhaus (1919 - 1948);1919 - 1948;Erdgasnetz;179;24122,298641933445;19514,939601324157;4050,0;6,354166471533688;;;;;;29417,43736821152;;;;7588,0;51609,432550665326;Gaskessel;Mittel;14935,608759192739;29417,43736821152;80,0;4;;;8347,0;;;Wohngebäude;3;1;0-1;Einfamilienhaus;;Privatgebäude - Geringer Wärmebedarf;;False;0,0;False;;;;;False;False;;False;True;Privates Wohnen;4607,359040609288;0,0;13,401277023296359;G;greenventory
243694838;True;Kreuzwegstraße 26;Elgersweier;Offenburg;77656;Wohngebäude;Mehrfamilienhaus (1958 - 1968);1949 - 1978;Erdgasnetz;126;45415,1311017105;36740,8410612838;8645,0;11,963010143865205;;;;;;55384,30622159818;;;;14280,0;11588,965502735155;Gaskessel;Mittel;29039,70155592243;55384,30622159818;65,0;1;;;15708,0;;;Wohngebäude;7;5;2-8;Mehrfamilienhaus;;Privatgebäude - Geringer Wärmebedarf;;False;0,0;False;;;;;False;False;;False;True;Privates Wohnen;8674,290040426706;0,0;25,23062838983917;E;greenventory
243694839;True;;Elgersweier;Offenburg;77656;Land-, Forstwirtschaft, Fischerei;;;Erdgasnetz;64;31605,598510586377;22123,918957410464;6862,0;8,325377168642266;;;;;;38543,41281778827;;;;18943,0;34766,896508205464;Gaskessel;Mittel;11694,071448916959;38543,41281778827;60,0;3;;;20837,0;;;Landwirtschaft;;;Unbekannt;;;Privatgebäude - Geringer Wärmebedarf;;False;1799,1167137317886;False;;;;;False;False;;False;False;GHD, Verkehr & Sonstige;4740,839776587956;4740,839776587956;17,558665839214655;;greenventory
243694840;True;Ziegelstraße 15;Elgersweier;Offenburg;77656;Wohngebäude;Mehrfamilienhaus (1958 - 1968);1949 - 1978;Erdgasnetz;126;45081,555724959515;36470,97858149225;8645,0;11,875141508038116;;;;;;54977,50698165795;;;;14176,0;46355,86201094062;Gaskessel;Mittel;28826,4041558652;54977,50698165795;65,0;4;;;15593,0;;;Wohngebäude;7;5;2-8;Mehrfamilienhaus;;Privatgebäude - Geringer Wärmebedarf;;False;0,0;False;;;;;False;False;;False;True;Privates Wohnen;8610,577143467268;0,0;25,045308736088618;E;greenventory
243694841;True;Am Rothweg 12;Elgersweier;Offenburg;77656;Wohngebäude;Ein-/Zweifamilienhaus (1984 - 1994);1979 - 1990;Stromnetz;114;24244,110485041376;19613,485382398474;4940,0;2,033377008422825;;;;;;;;;7820,68080162625;11498,0;11588,965502735155;Elektrische Luftwärmepumpe;Mittel;10701,147872982492;7820,68080162625;65,0;1;;;12647,0;;;Wohngebäude;4;2;1-2;Einfamilienhaus;;Privatgebäude - Geringer Wärmebedarf;Wärmepumpe;False;0,0;False;;;;;False;False;;False;True;Privates Wohnen;4630,625102642903;0,0;13,468950269467431;A;greenventory
243694842;True;Am Rothweg 10;Elgersweier;Offenburg;77656;Wohngebäude;Ein-/Zweifamilienhaus (1984 - 1994);1991 - 2000;Erdgasnetz;114;21742,792314428356;17589,918982372543;4940,0;5,727369682825031;;;;;;26515,600383449215;;;;10040,0;0,0;Gaskessel;Mittel;9597,086924340008;26515,600383449215;55,0;0;;;11044,0;;;Wohngebäude;4;2;1-2;Einfamilienhaus;;Privatgebäude - Geringer Wärmebedarf;;False;0,0;False;;;;;False;False;;False;True;Privates Wohnen;4152,873332055816;0,0;12,07932906357131;E;greenventory
243694843;True;Kreuzwegstraße 21;Elgersweier;Offenburg;77656;Wohngebäude;Ein-/Zweifamilienhaus (1919 - 1948);1919 - 1948;Erdgasnetz;179;39334,20030550905;31821,368047156826;4940,0;10,361203982914581;;;;;;47968,536957937875;;;;8838,0;12902,358137666331;Gaskessel;Mittel;24354,239010935118;47968,536957937875;80,0;1;;;9722,0;;;Wohngebäude;4;2;1-2;Einfamilienhaus;;Privatgebäude - Geringer Wärmebedarf;;False;0,0;False;;;;;False;False;;False;True;Privates Wohnen;7512,8322583522295;0,0;21,852333503060585;G;greenventory
243694844;True;Kreuzwegstraße 32;Elgersweier;Offenburg;77656;Wohngebäude;Ein-/Zweifamilienhaus (1995 - 2001);1991 - 2000;Heizöl;98;19934,753210543066;16127,21534732934;4940,0;6,46771993053175;;;;;;;22149,725789492295;;;17856,0;0,0;Ölkessel;Mittel;7313,013223194606;22149,725789492295;55,0;0;;;19642,0;;;Wohngebäude;4;2;1-2;Einfamilienhaus;;Privatgebäude - Geringer Wärmebedarf;;False;0,0;False;;;;;False;False;;False;True;Privates Wohnen;3807,5378632137254;0,0;11,074862894746147;D;greenventory
243694845;True;Ziegelstraße 11a;Elgersweier;Offenburg;77656;Wohngebäude;Ein-/Zweifamilienhaus (1949 - 1957);1949 - 1978;Erdgasnetz;165;38813,160223855906;31399,84662109943;4940,0;10,223954400430337;;;;;;47333,12222421452;;;;13046,0;25804,716275332663;Gaskessel;Mittel;20456,639539591168;47333,12222421452;80,0;2;;;14351,0;;;Wohngebäude;4;2;1-2;Einfamilienhaus;;Privatgebäude - Geringer Wärmebedarf;;False;0,0;False;;;;;False;False;;False;True;Privates Wohnen;7413,313602756478;0,0;21,56286679103106;G;greenventory
243694846;True;Ziegelstraße 7;Elgersweier;Offenburg;77656;Wohngebäude;Ein-/Zweifamilienhaus (1958 - 1968);1949 - 1978;Heizöl;160;37148,589880200845;30053,209213082486;4940,0;12,052653605576275;;;;;;;41276,21097800094;;;12886,0;0,0;Ölkessel;Mittel;16948,218402447194;41276,21097800094;80,0;0;;;14175,0;;;Wohngebäude;4;2;1-2;Einfamilienhaus;;Privatgebäude - Geringer Wärmebedarf;;False;0,0;False;;;;;False;False;;False;True;Privates Wohnen;7095,380667118361;0,0;20,63810548900047;F;greenventory
243694847;True;Ziegelstraße 13;Elgersweier;Offenburg;77656;Wohngebäude;Mehrfamilienhaus (1984 - 1994);1991 - 2000;Erdgasnetz;96;38570,874614807995;31203,83756337967;9880,0;10,160132825364059;;;;;;47037,65196927805;;;;21226,0;0,0;Gaskessel;Mittel;20879,554939591664;47037,65196927805;55,0;0;;;23349,0;;;Wohngebäude;8;6;2-8;Mehrfamilienhaus;;Privatgebäude - Geringer Wärmebedarf;;False;0,0;False;;;;;False;False;;False;True;Privates Wohnen;7367,037051428328;0,0;21,42826367489333;D;greenventory
243694848;True;Am Rothweg 7;Elgersweier;Offenburg;77656;Wohngebäude;Ein-/Zweifamilienhaus (1969 - 1978);1949 - 1978;Erdgasnetz;145;20237,9839673875;16372,529029616488;4050,0;5,330981142628903;;;;;;24680,468252911585;;;;7794,0;0,0;Gaskessel;Mittel;10284,018672035609;24680,468252911585;80,0;0;;;8573,0;;;Wohngebäude;3;1;0-1;Einfamilienhaus;;Privatgebäude - Geringer Wärmebedarf;;False;0,0;False;;;;;False;False;;False;True;Privates Wohnen;3865,4549377710123;0,0;11,243324426326389;F;greenventory
243694849;True;Am Rothweg 3;Elgersweier;Offenburg;77656;Wohngebäude;Ein-/Zweifamilienhaus (1958 - 1968);1949 - 1978;Heizöl;160;28601,758785791273;23138,82285770514;4050,0;9,279681739390057;;;;;;;31779,731984212525;;;9921,0;12902,358137666331;Ölkessel;Mittel;13048,916692637664;31779,731984212525;80,0;1;;;10913,0;;;Wohngebäude;3;1;0-1;Einfamilienhaus;;Privatgebäude - Geringer Wärmebedarf;;False;0,0;False;;;;;False;False;;False;True;Privates Wohnen;5462,935928086134;0,0;15,889865992106262;F;greenventory
243694850;True;Am Rothweg 4;Elgersweier;Offenburg;77656;Wohngebäude;Mehrfamilienhaus (1984 - 1994);1991 - 2000;Heizöl;96;24039,991021426362;19448,352736333927;6175,0;7,799641531396109;;;;;;;26711,10113491818;;;13229,0;10800,19167818272;Ölkessel;Mittel;13013,557983630926;26711,10113491818;55,0;1;;;14552,0;;;Wohngebäude;5;4;2-8;Mehrfamilienhaus;;Privatgebäude - Geringer Wärmebedarf;;False;0,0;False;;;;;False;False;;False;True;Privates Wohnen;4591,638285092436;0,0;13,35555056745909;D;greenventory
243694851;True;Am Rothweg 18595714;Elgersweier;Offenburg;77656;Büro und Verwaltung;;1949 - 1978;Erdgasnetz;64;19625,36382862729;18447,84199890965;14576,0;5,169608032906702;;;;;;23933,37052271621;;;;28353,0;0,0;Gaskessel;Mittel;7261,384616592099;23933,37052271621;65,0;0;;;31189,0;;;Büro (Unternehmen);;;Unbekannt;;;Privatgebäude - Geringer Wärmebedarf;;False;11880,415717574671;False;;;;;False;False;;False;True;GHD, Verkehr & Sonstige;981,2681914313646;196,25363828627292;11,544331663898406;;greenventory
243694852;True;Ziegelstraße 17;Elgersweier;Offenburg;77656;Büro und Verwaltung;;1949 - 1978;Erdgasnetz;64;48876,33105269217;45943,75118953064;36301,0;12,874740862660378;;;;;;59605,28177157582;;;;70613,0;0,0;Gaskessel;Mittel;18084,242489496104;59605,28177157582;65,0;0;;;77674,0;;;Büro (Unternehmen);;;Unbekannt;;;Privatgebäude - Geringer Wärmebedarf;;False;29587,789389604524;False;;;;;False;False;;False;True;GHD, Verkehr & Sonstige;2443,816552634609;488,7633105269217;28,750782972171866;;greenventory
243694853;True;Ziegelstraße 9;Elgersweier;Offenburg;77656;Wohngebäude;Ein-/Zweifamilienhaus (1919 - 1948);1919 - 1948;Erdgasnetz;180;34475,620102081506;27890,77666258394;4940,0;9,081382856158056;;;;;;42043,43914887989;;;;10845,0;12902,358137666331;Gaskessel;Mittel;21345,991160234575;42043,43914887989;80,0;1;;;11929,0;;;Wohngebäude;4;2;1-2;Einfamilienhaus;;Privatgebäude - Geringer Wärmebedarf;;False;0,0;False;;;;;False;False;;False;True;Privates Wohnen;6584,8434394975675;0,0;19,15312227893417;G;greenventory
243694854;True;Ziegelstraße 11;Elgersweier;Offenburg;77656;Wohngebäude;Ein-/Zweifamilienhaus (1919 - 1948);1919 - 1948;Erdgasnetz;179;28469,18616711837;23031,571609198763;4050,0;7,499200258655572;;;;;;34718,519715998016;;;;8955,0;0,0;Gaskessel;Mittel;17627,035988416937;34718,519715998016;80,0;0;;;9851,0;;;Wohngebäude;3;1;0-1;Einfamilienhaus;;Privatgebäude - Geringer Wärmebedarf;;False;0,0;False;;;;;False;False;;False;True;Privates Wohnen;5437,614557919608;0,0;15,816214537287983;G;greenventory
243694855;True;Ziegelstraße 8;Elgersweier;Offenburg;77656;Wohngebäude;Ein-/Zweifamilienhaus (1969 - 1978);1949 - 1978;Stromnetz;144;25953,712729010105;20996,553597769176;4050,0;6,747965309542627;;;;;;;;;25953,712729010105;9995,0;12902,358137666331;Elektroheizung;Mittel;13188,49084690935;25953,712729010105;80,0;1;;;10994,0;;;Wohngebäude;3;1;0-1;Einfamilienhaus;;Privatgebäude - Geringer Wärmebedarf;Nachtspeicherheizung;False;0,0;False;;;;;False;False;;False;True;Privates Wohnen;4957,15913124093;0,0;14,418729293894502;E;greenventory
243694856;True;Am Rothweg 5;Elgersweier;Offenburg;77656;Wohngebäude;Ein-/Zweifamilienhaus (1958 - 1968);1949 - 1978;Heizöl;160;33205,30327746837;26863,09035147191;4940,0;10,773276174467513;;;;;;;36894,78141940929;;;11518,0;0,0;Ölkessel;Mittel;15149,181540426936;36894,78141940929;80,0;0;;;12670,0;;;Wohngebäude;4;2;1-2;Einfamilienhaus;;Privatgebäude - Geringer Wärmebedarf;;False;0,0;False;;;;;False;False;;False;True;Privates Wohnen;6342,212925996459;0,0;18,44739070970465;F;greenventory
243694857;True;Am Rothweg 2b;Elgersweier;Offenburg;77656;Wohngebäude;Reihenhaus (1919 - 1948);1919 - 1948;Heizöl;162;10373,102593961543;8391,839998514888;2050,0;3,3654955082630784;;;;;;;11525,66954884616;;;6019,0;0,0;Ölkessel;Mittel;6705,938390424488;11525,66954884616;80,0;0;;;6621,0;;;Wohngebäude;1;1;0-1;Reihenhaus;;Privatgebäude - Geringer Wärmebedarf;;False;0,0;False;;;;;False;False;;False;True;Privates Wohnen;1981,2625954466548;0,0;5,762834774423079;F;greenventory
243694858;True;Am Rothweg 2c;Elgersweier;Offenburg;77656;Wohngebäude;Reihenhaus (1919 - 1948);1919 - 1948;Heizöl;161;11763,200557806578;9516,429251265523;2050,0;3,816505069866134;;;;;;;13070,222842007308;;;6826,0;0,0;Ölkessel;Mittel;7604,60021486512;13070,222842007308;80,0;0;;;7508,0;;;Wohngebäude;1;1;0-1;Reihenhaus;;Privatgebäude - Geringer Wärmebedarf;;False;0,0;False;;;;;False;False;;False;True;Privates Wohnen;2246,7713065410567;0,0;6,535111421003655;F;greenventory
243694859;True;Ziegelstraße 10;Elgersweier;Offenburg;77656;Wohngebäude;Ein-/Zweifamilienhaus (1958 - 1968);1949 - 1978;Heizöl;160;37711,962291462194;30508,977493792918;4940,0;12,235436654563289;;;;;;;41902,18032384688;;;13081,0;12902,358137666331;Ölkessel;Mittel;17205,24454257155;41902,18032384688;80,0;1;;;14389,0;;;Wohngebäude;4;2;1-2;Einfamilienhaus;;Privatgebäude - Geringer Wärmebedarf;;False;0,0;False;;;;;False;False;;False;True;Privates Wohnen;7202,984797669279;0,0;20,951090161923442;F;greenventory
243694860;True;Ziegelstraße 12;Elgersweier;Offenburg;77656;Wohngebäude;Mehrfamilienhaus (1949 - 1957);1949 - 1978;Heizöl;133;32414,310235539167;26223,176980551187;6175,0;10,516642876419375;;;;;;;36015,90026171019;;;13500,0;22373,198224744076;Ölkessel;Mittel;19005,956694206532;36015,90026171019;65,0;2;;;14850,0;;;Wohngebäude;5;3;2-8;Mehrfamilienhaus;;Privatgebäude - Geringer Wärmebedarf;;False;0,0;False;;;;;False;False;;False;True;Privates Wohnen;6191,133254987981;0,0;18,007950130855093;E;greenventory
243694861;True;Behringstraße 5;Elgersweier;Offenburg;77656;Wohngebäude;Ein-/Zweifamilienhaus (1969 - 1978);1949 - 1978;Heizöl;145;27480,521625428366;22231,741994971548;4940,0;8,915902571805647;;;;;;;30533,91291714263;;;10583,0;13646,517366863898;Ölkessel;Mittel;13964,345360120646;30533,91291714263;80,0;1;;;11641,0;;;Wohngebäude;4;2;1-2;Einfamilienhaus;;Privatgebäude - Geringer Wärmebedarf;;False;0,0;False;;;;;False;False;;False;True;Privates Wohnen;5248,779630456818;0,0;15,266956458571315;F;greenventory
243694862;True;Ziegelstraße 14;Elgersweier;Offenburg;77656;Wohngebäude;Mehrfamilienhaus (nach 2015);2011 - 2019;Erdgasnetz;68;22993,010191299556;18601,34524476134;7410,0;6,056695367464274;;;;;;28040,256330853117;;;;17234,0;30080,446641861712;Gaskessel;Mittel;13056,407095734117;28040,256330853117;35,0;3;;;18957,0;;;Wohngebäude;6;5;2-8;Mehrfamilienhaus;;Privatgebäude - Geringer Wärmebedarf;;False;0,0;False;;;;;False;False;;False;True;Privates Wohnen;4391,664946538215;0,0;13,9351576916967;C;greenventory
243694863;True;Behringstraße 8;Elgersweier;Offenburg;77656;Wohngebäude;Mehrfamilienhaus (1984 - 1994);1979 - 1990;Heizöl;96;52149,967726577685;42189,32389080135;12350,0;16,919767306845202;;;;;;;57944,40858508631;;;21053,0;0,0;Ölkessel;Mittel;28230,31956415571;57944,40858508631;65,0;0;;;23158,0;;;Wohngebäude;10;8;2-8;Mehrfamilienhaus;;Privatgebäude - Geringer Wärmebedarf;;False;0,0;False;;;;;False;False;;False;True;Privates Wohnen;9960,643835776338;0,0;28,972204292543157;D;greenventory
243694864;True;Behringstraße 10;Elgersweier;Offenburg;77656;Wohngebäude;Mehrfamilienhaus (1979 - 1983);1979 - 1990;Erdgasnetz;109;49798,37412443512;40286,88466666801;11115,0;13,117620501070716;;;;;;60729,72454199405;;;;17664,0;0,0;Gaskessel;Mittel;29855,989581347654;60729,72454199405;65,0;0;;;19430,0;;;Wohngebäude;9;7;2-8;Mehrfamilienhaus;;Privatgebäude - Geringer Wärmebedarf;;False;0,0;False;;;;;False;False;;False;True;Privates Wohnen;9511,489457767108;0,0;27,665763402463956;E;greenventory
243694865;True;;Elgersweier;Offenburg;77656;Wohngebäude;Ein-/Zweifamilienhaus (1969 - 1978);1949 - 1978;Stromnetz;144;5601,942617551601;4531,971577599245;2050,0;0,46984034856884394;;;;;;;;;1807,0782637263228;5393,0;0,0;Elektrische Luftwärmepumpe;Mittel;2846,651255945707;1807,0782637263228;80,0;0;;;5933,0;;;Wohngebäude;1;1;0-1;Einfamilienhaus;;Privatgebäude - Geringer Wärmebedarf;Wärmepumpe;False;0,0;False;;;;;False;False;;False;False;Privates Wohnen;1069,9710399523558;0,0;3,112190343084223;A;greenventory
243694866;True;Am Steingrüble 5;Elgersweier;Offenburg;77656;Wohngebäude;Ein-/Zweifamilienhaus (1969 - 1978);1949 - 1978;Heizöl;144;33490,47256338243;27093,792303776387;4940,0;10,865797765008521;;;;;;;37211,63618153603;;;12897,0;36674,009991317726;Ölkessel;Mittel;17018,32780044353;37211,63618153603;80,0;3;;;14187,0;;;Wohngebäude;4;2;1-2;Einfamilienhaus;;Privatgebäude - Geringer Wärmebedarf;;False;0,0;False;;;;;False;False;;False;True;Privates Wohnen;6396,680259606043;0,0;18,605818090768015;F;greenventory
243694867;True;Am Steingrüble 3;Elgersweier;Offenburg;77656;Wohngebäude;Mehrfamilienhaus (1969 - 1978);1949 - 1978;Erdgasnetz;118;56485,787698654996;45697,002248211895;11115,0;14,87918310110912;;;;;;68885,10694957926;;;;26603,0;0,0;Gaskessel;Mittel;33055,21863305004;68885,10694957926;65,0;0;;;29263,0;;;Wohngebäude;9;7;2-8;Mehrfamilienhaus;;Privatgebäude - Geringer Wärmebedarf;;False;0,0;False;;;;;False;False;;False;True;Privates Wohnen;10788,785450443105;0,0;31,380993165919442;E;greenventory
243694868;True;Am Steingrüble 4;Elgersweier;Offenburg;77656;Wohngebäude;Ein-/Zweifamilienhaus (1958 - 1968);1949 - 1978;Erdgasnetz;160;31564,336001946907;25535,54782557505;4940,0;8,31450802002504;;;;;;38493,09268530111;;;;10949,0;11726,80613455023;Gaskessel;Mittel;14400,526696017103;38493,09268530111;80,0;1;;;12044,0;;;Wohngebäude;4;2;1-2;Einfamilienhaus;;Privatgebäude - Geringer Wärmebedarf;;False;0,0;False;;;;;False;False;;False;True;Privates Wohnen;6028,78817637186;0,0;17,53574222330384;F;greenventory
243694869;True;Kreuzwegstraße 9;Elgersweier;Offenburg;77656;Wohngebäude;Ein-/Zweifamilienhaus (1984 - 1994);1979 - 1990;Heizöl;114;21512,34869190726;17403,490091752974;4940,0;6,979562020041023;;;;;;;23902,609657674733;;;10202,0;0,0;Ölkessel;Mittel;9495,37103410326;23902,609657674733;65,0;0;;;11222,0;;;Wohngebäude;4;2;1-2;Einfamilienhaus;;Privatgebäude - Geringer Wärmebedarf;;False;0,0;False;;;;;False;False;;False;True;Privates Wohnen;4108,858600154287;0,0;11,951304828837367;D;greenventory
243694870;True;Am Rothweg 8;Elgersweier;Offenburg;77656;Wohngebäude;Ein-/Zweifamilienhaus (1969 - 1978);1949 - 1978;Erdgasnetz;144;25409,448607014827;20556,243923074995;4050,0;6,693220608677077;;;;;;30987,13244757906;;;;9785,0;22906,019085990527;Gaskessel;Mittel;12911,920690408673;30987,13244757906;80,0;2;;;10764,0;;;Wohngebäude;3;1;0-1;Einfamilienhaus;;Privatgebäude - Geringer Wärmebedarf;;False;0,0;False;;;;;False;False;;False;True;Privates Wohnen;4853,204683939832;0,0;14,116360337230459;F;greenventory
243694871;True;Am Rothweg 6;Elgersweier;Offenburg;77656;Wohngebäude;Mehrfamilienhaus (1979 - 1983);1979 - 1990;Heizöl;109;41957,812999639435;33943,870716708305;8645,0;13,612979328771905;;;;;;;46619,79222182159;;;14883,0;11588,965502735155;Ölkessel;Mittel;25155,279661202752;46619,79222182159;65,0;1;;;16371,0;;;Wohngebäude;7;6;2-8;Mehrfamilienhaus;;Privatgebäude - Geringer Wärmebedarf;;False;0,0;False;;;;;False;False;;False;True;Privates Wohnen;8013,9422829311325;0,0;23,309896110910795;D;greenventory
243694872;True;Kreuzwegstraße 7;Elgersweier;Offenburg;77656;Wohngebäude;Ein-/Zweifamilienhaus (1979 - 1983);1979 - 1990;Erdgasnetz;142;27942,89213250648;22605,799735197743;4940,0;7,360566708074879;;;;;;34076,69772256888;;;;10648,0;11323,45271199422;Gaskessel;Mittel;17168,90285217216;34076,69772256888;80,0;1;;;11713,0;;;Wohngebäude;4;2;1-2;Einfamilienhaus;;Privatgebäude - Geringer Wärmebedarf;;False;0,0;False;;;;;False;False;;False;True;Privates Wohnen;5337,092397308737;0,0;15,5238289625036;F;greenventory
243694873;True;Kreuzwegstraße 16;Elgersweier;Offenburg;77656;Sonstige Dienstleistungen;;Vor 1919;Erdgasnetz;74;56635,57267601765;53237,43831545659;65195,0;14,918638656121724;;;;;;69067,77155611909;;;;43984,0;0,0;Gaskessel;Niedrig;18689,738983085837;69067,77155611909;75,0;0;;;48382,0;;;Öffentliche Dienstleistung;;;Unbekannt;;;Öffentliches Gebäude - Geringer Wärmebedarf;;False;29490,04171772554;False;;;;;False;False;;False;True;Öffentlicher Dienst;2831,7786338008827;566,3557267601765;33,315042750598614;;greenventory
243694874;True;Kreuzwegstraße 13;Elgersweier;Offenburg;77656;Wohngebäude;Ein-/Zweifamilienhaus (1984 - 1994);1979 - 1990;Holzpellets;114;11766,376804061825;9518,998834486018;3440,0;0,24917033232130925;;;;13842,796240072736;;;;;;9300,0;0,0;Pelletheizung;Mittel;5193,580444503647;13842,796240072736;65,0;0;;;10230,0;;;Wohngebäude;2;1;0-1;Einfamilienhaus;;Privatgebäude - Geringer Wärmebedarf;;False;0,0;False;;;;;False;False;;False;True;Privates Wohnen;2247,3779695758085;0,0;6,5368760022565695;E;greenventory
243694875;False;;Elgersweier;Offenburg;77656;Lager;;;;0;0,0;0,0;601,0;0,0;;;;;;;;;;5340,0;0,0;;;0,0;0,0;;0;;;5874,0;;;Lager;;;Unbekannt;;;Privatgebäude - Geringer Wärmebedarf;;False;2301,781268680226;False;;;;;False;False;;False;False;GHD, Verkehr & Sonstige;0,0;0,0;0,0;;greenventory
243694876;True;Kreuzwegstraße 11;Elgersweier;Offenburg;77656;Wohngebäude;Ein-/Zweifamilienhaus (vor 1860);Vor 1919;Holzpellets;253;13649,817382069054;11042,702262093864;2050,0;0,2890549563261682;;;;16058,608684787123;;;;;;5175,0;12671,54330360958;Pelletheizung;Hoch;9314,739711338307;16058,608684787123;90,0;1;;;5693,0;;;Wohngebäude;1;1;0-1;Einfamilienhaus;;Privatgebäude - Geringer Wärmebedarf;;False;0,0;False;;;;;False;False;;False;True;Privates Wohnen;2607,1151199751894;0,0;7,583231878927252;H;greenventory
243694877;True;Ziegelstraße 1;Elgersweier;Offenburg;77656;Büro und Verwaltung;;Vor 1919;Erdgasnetz;64;8080,656264412618;7595,816888547861;6002,0;2,1285631135525924;;;;;;9854,458859039778;;;;12008,0;12902,358137666331;Gaskessel;Mittel;2989,8428178326685;9854,458859039778;75,0;1;;;13209,0;;;Büro (Unternehmen);;;Unbekannt;;;Privatgebäude - Geringer Wärmebedarf;;False;4891,708328586986;False;;;;;False;False;;False;True;GHD, Verkehr & Sonstige;404,03281322063094;80,80656264412617;4,753327214360364;;greenventory
243694878;True;Ziegelstraße 3;Elgersweier;Offenburg;77656;Wohngebäude;Ein-/Zweifamilienhaus (2002 - 2009);2001 - 2010;Erdgasnetz;85;13671,008160094612;11059,845601516543;4050,0;3,601143612902971;;;;;;16671,961170847087;;;;8289,0;23592,890983299025;Gaskessel;Mittel;4757,268310156398;16671,961170847087;55,0;2;;;9118,0;;;Wohngebäude;3;1;0-1;Einfamilienhaus;;Privatgebäude - Geringer Wärmebedarf;;False;0,0;False;;;;;False;False;;False;True;Privates Wohnen;2611,162558578071;0,0;7,595004533385896;D;greenventory
243694879;True;Ziegelstraße 4a;Elgersweier;Offenburg;77656;Wohngebäude;Mehrfamilienhaus (1860 - 1918);Vor 1919;Heizöl;150;55814,125922125306;45153,62787099938;8645,0;18,108583076956208;;;;;;;62015,69546902811;;;15210,0;13402,390005967762;Ölkessel;Mittel;37141,8525516931;62015,69546902811;90,0;1;;;16731,0;;;Wohngebäude;7;5;2-8;Mehrfamilienhaus;;Privatgebäude - Geringer Wärmebedarf;;False;0,0;False;;;;;False;False;;False;True;Privates Wohnen;10660,498051125933;0,0;31,00784773451406;F;greenventory
243694880;True;Ziegelstraße 6;Elgersweier;Offenburg;77656;Wohngebäude;Mehrfamilienhaus (1919 - 1948);1919 - 1948;Erdgasnetz;133;32741,08688649824;26487,53929117708;6175,0;8,624481423760512;;;;;;39928,154739632;;;;13921,0;0,0;Gaskessel;Mittel;19198,0142862586;39928,154739632;65,0;0;;;15313,0;;;Wohngebäude;5;4;2-8;Mehrfamilienhaus;;Privatgebäude - Geringer Wärmebedarf;;False;0,0;False;;;;;False;False;;False;True;Privates Wohnen;6253,547595321164;0,0;18,189492714721244;F;greenventory
243694881;True;Behringstraße 1;Elgersweier;Offenburg;77656;Wohngebäude;Mehrfamilienhaus (1860 - 1918);Vor 1919;Heizöl;150;56724,99651874968;45890,522183668494;8645,0;18,404109981638786;;;;;;;63027,773909721865;;;15458,0;14679,244774741044;Ölkessel;Mittel;37747,996979014206;63027,773909721865;90,0;1;;;17004,0;;;Wohngebäude;7;5;2-8;Mehrfamilienhaus;;Privatgebäude - Geringer Wärmebedarf;;False;0,0;False;;;;;False;False;;False;True;Privates Wohnen;10834,47433508119;0,0;31,513886954860933;F;greenventory
243694882;True;Behringstraße 3;Elgersweier;Offenburg;77656;Wohngebäude;Mehrfamilienhaus (nach 2015);2011 - 2019;Stromnetz;68;28269,236656649155;22869,812455229167;9880,0;7,35000153072878;;;;;;;;;28269,236656649155;15135,0;31815,37305981457;Elektroheizung;Mittel;16052,472425490623;28269,236656649155;35,0;3;;;16648,0;;;Wohngebäude;8;6;2-8;Mehrfamilienhaus;;Privatgebäude - Geringer Wärmebedarf;Nachtspeicherheizung;False;0,0;False;;;;;False;False;;False;True;Privates Wohnen;5399,424201419989;0,0;17,132870700999487;B;greenventory
243694883;True;Behringstraße 4;Elgersweier;Offenburg;77656;Wohngebäude;Ein-/Zweifamilienhaus (1969 - 1978);1949 - 1978;Heizöl;144;29461,567743094998;23834,408304163855;4940,0;9,558641978870822;;;;;;;32735,075270105553;;;11346,0;0,0;Ölkessel;Mittel;14971,022472676796;32735,075270105553;80,0;0;;;12480,0;;;Wohngebäude;4;2;1-2;Einfamilienhaus;;Privatgebäude - Geringer Wärmebedarf;;False;0,0;False;;;;;False;False;;False;True;Privates Wohnen;5627,159438931145;0,0;16,367537635052777;F;greenventory
243694884;True;Behringstraße 6;Elgersweier;Offenburg;77656;Wohngebäude;Mehrfamilienhaus (1969 - 1978);1949 - 1978;Erdgasnetz;118;42280,21642194238;34204,695085351384;8645,0;11,137227740414092;;;;;;51561,23953895413;;;;14223,0;12929,742736924178;Gaskessel;Mittel;24742,184797632846;51561,23953895413;65,0;1;;;15646,0;;;Wohngebäude;7;5;2-8;Mehrfamilienhaus;;Privatgebäude - Geringer Wärmebedarf;;False;0,0;False;;;;;False;False;;False;True;Privates Wohnen;8075,521336590995;0,0;23,489009123301322;E;greenventory
243694885;True;Markusstraße 20;Elgersweier;Offenburg;77656;Wohngebäude;Mehrfamilienhaus (1949 - 1957);1949 - 1978;Erdgasnetz;134;37124,53522507836;30033,748997088398;6175,0;9,779145864166985;;;;;;45273,82344521752;;;;11044,0;10652,492553678136;Gaskessel;Mittel;21767,771816004148;45273,82344521752;65,0;1;;;12149,0;;;Wohngebäude;5;4;2-8;Mehrfamilienhaus;;Privatgebäude - Geringer Wärmebedarf;;False;0,0;False;;;;;False;False;;False;True;Privates Wohnen;7090,786227989967;0,0;20,6247417917102;F;greenventory
243694886;True;Kreuzwegstraße 18;Elgersweier;Offenburg;77656;Wohngebäude;Ein-/Zweifamilienhaus (1860 - 1918);Vor 1919;Erdgasnetz;185;13145,44984588286;10634,668925319234;2050,0;3,4627038618423147;;;;;;16031,036397418124;;;;6799,0;0,0;Gaskessel;Mittel;7650,636104867928;16031,036397418124;90,0;0;;;7479,0;;;Wohngebäude;1;1;0-1;Einfamilienhaus;;Privatgebäude - Geringer Wärmebedarf;;False;0,0;False;;;;;False;False;;False;True;Privates Wohnen;2510,7809205636263;0,0;7,303027692157144;G;greenventory
243694887;True;Kreuzwegstraße 20;Elgersweier;Offenburg;77656;Wohngebäude;Ein-/Zweifamilienhaus (vor 1860);Vor 1919;Heizöl;251;34825,112001638656;28173,515609325674;4050,0;11,29881411608721;;;;;;;38694,56889070962;;;7922,0;12445,700232212926;Ölkessel;Hoch;23764,92260911823;38694,56889070962;90,0;1;;;8714,0;;;Wohngebäude;3;1;0-1;Einfamilienhaus;;Privatgebäude - Geringer Wärmebedarf;;False;0,0;False;;;;;False;False;;False;True;Privates Wohnen;6651,596392312983;0,0;19,34728444535481;H;greenventory
243694888;True;Kreuzwegstraße 8;Elgersweier;Offenburg;77656;Wohngebäude;Ein-/Zweifamilienhaus (2002 - 2009);2001 - 2010;Holzpellets;86;18946,161387524655;15327,444562507446;4940,0;0,401212829382875;;;;22289,601632381946;;;;;;11487,0;0,0;Pelletheizung;Mittel;6592,928049818092;22289,601632381946;55,0;0;;;12636,0;;;Wohngebäude;4;2;1-2;Einfamilienhaus;;Privatgebäude - Geringer Wärmebedarf;;False;0,0;False;;;;;False;False;;False;True;Privates Wohnen;3618,716825017209;0,0;10,525645215291474;D;greenventory
243694889;True;Kreuzwegstraße 10;Elgersweier;Offenburg;77656;Mehrfachnutzung;;2011 - 2019;Erdgasnetz;145;35452,19781786485;28680,828034652666;0,0;9,338627717876594;;;;;;43234,387582762014;;;;12557,0;0,0;Gaskessel;Mittel;13117,313192609996;43234,387582762014;60,0;0;;;13812,0;;;Wohn- und Bürogebäude;;;Unbekannt;;;Privatgebäude - Geringer Wärmebedarf;;False;0,0;False;;;;;False;False;;False;True;GHD, Verkehr & Sonstige;6771,369783212186;0,0;19,69566545436936;;greenventory
243694890;True;Kreuzwegstraße 12;Elgersweier;Offenburg;77656;Wohngebäude;Ein-/Zweifamilienhaus (2002 - 2009);2001 - 2010;Erdgasnetz;86;18555,88317917403;15011,709491951791;4940,0;4,887891178904379;;;;;;22629,125828261014;;;;11250,0;0,0;Gaskessel;Mittel;6457,118157015117;22629,125828261014;55,0;0;;;12376,0;;;Wohngebäude;4;2;1-2;Einfamilienhaus;;Privatgebäude - Geringer Wärmebedarf;;False;0,0;False;;;;;False;False;;False;True;Privates Wohnen;3544,17368722224;0,0;10,308823988430017;D;greenventory
243694891;True;Kreuzwegstraße 14;Elgersweier;Offenburg;77656;Handel, Instandhaltung, Reparatur;;2011 - 2019;Erdgasnetz;20;1414,7808246944212;1329,8939752127558;6052,0;0,37267397333414026;;;;;;1725,3424691395383;;;;9161,0;0,0;Gaskessel;Mittel;523,4689051369359;1725,3424691395383;35,0;0;;;10077,0;;;Einzelhandel (allgemein);;;Unbekannt;;;Privatgebäude - Geringer Wärmebedarf;;False;2737,5990962517094;False;;;;;False;False;;False;True;GHD, Verkehr & Sonstige;70,73904123472106;14,147808246944212;0,7859893470524563;;greenventory
243694892;True;;Elgersweier;Offenburg;77656;Verarbeitendes Gewerbe;;;Erdgasnetz;50;2797,6578761804176;1902,4073558026842;818,0;0,7369440259206954;;;;;;3411,777897780997;;;;0,0;0,0;Gaskessel;Niedrig;811,3207840923212;3411,777897780997;60,0;0;;;0,0;;;Maschinenherstellung;;;Unbekannt;;;Privatgebäude - Geringer Wärmebedarf;;False;201,39622570118064;False;;;;;False;False;;False;False;Industrie & Produktion;223,81263009443342;671,4378902833002;1,5542543756557876;;greenventory
243694893;True;Markusstraße 15;Elgersweier;Offenburg;77656;Wohngebäude;Ein-/Zweifamilienhaus (nach 2015);2011 - 2019;Erdgasnetz;66;11555,280030570575;9348,221544731596;4050,0;3,043829861711274;;;;;;14091,80491532997;;;;9051,0;0,0;Gaskessel;Mittel;4671,042366327438;14091,80491532997;35,0;0;;;9956,0;;;Wohngebäude;3;1;0-1;Einfamilienhaus;;Privatgebäude - Geringer Wärmebedarf;;False;0,0;False;;;;;False;False;;False;True;Privates Wohnen;2207,05848583898;0,0;7,003200018527621;C;greenventory
243694894;True;;Elgersweier;Offenburg;77656;Wohngebäude;Ein-/Zweifamilienhaus (nach 2015);2011 - 2019;Erdgasnetz;66;4149,972309582287;3357,3275984520706;2050,0;1,0931634376460662;;;;;;5060,941840954009;;;;5418,0;99272,75986730153;Gaskessel;Mittel;1677,561809481082;5060,941840954009;35,0;9;;;5959,0;;;Wohngebäude;1;1;0-1;Einfamilienhaus;;Privatgebäude - Geringer Wärmebedarf;;False;0,0;False;;;;;False;False;;False;False;Privates Wohnen;792,6447111302169;0,0;2,515134733080174;C;greenventory
243694895;True;Markusstraße 18;Elgersweier;Offenburg;77656;Wohngebäude;Ein-/Zweifamilienhaus (1958 - 1968);1949 - 1978;Heizöl;160;28503,654382434685;23059,45639538966;4050,0;9,247852310745476;;;;;;;31670,727091594094;;;9887,0;13980,50502163055;Ölkessel;Mittel;13004,158739248553;31670,727091594094;80,0;1;;;10876,0;;;Wohngebäude;3;1;0-1;Einfamilienhaus;;Privatgebäude - Geringer Wärmebedarf;;False;0,0;False;;;;;False;False;;False;True;Privates Wohnen;5444,197987045025;0,0;15,835363545797048;F;greenventory
243694896;True;Markusstraße 11;Elgersweier;Offenburg;77656;Wohngebäude;Ein-/Zweifamilienhaus (1949 - 1957);1949 - 1978;Erdgasnetz;165;36239,37874167267;29317,657402013192;4940,0;9,545982692928412;;;;;;44194,36431911302;;;;12181,0;0,0;Gaskessel;Mittel;19100,117171120484;44194,36431911302;80,0;0;;;13399,0;;;Wohngebäude;4;2;1-2;Einfamilienhaus;;Privatgebäude - Geringer Wärmebedarf;;False;0,0;False;;;;;False;False;;False;True;Privates Wohnen;6921,72133965948;0,0;20,13298818981815;G;greenventory
243694897;True;Behringstraße 2;Elgersweier;Offenburg;77656;Wohngebäude;Mehrfamilienhaus (1919 - 1948);1919 - 1948;Heizöl;132;49761,93551975874;40257,405835484824;8645,0;16,14498352418839;;;;;;;55291,0394663986;;;15113,0;12257,373211131973;Ölkessel;Mittel;29178,333399010233;55291,0394663986;65,0;1;;;16624,0;;;Wohngebäude;7;5;2-8;Mehrfamilienhaus;;Privatgebäude - Geringer Wärmebedarf;;False;0,0;False;;;;;False;False;;False;True;Privates Wohnen;9504,52968427392;0,0;27,6455197331993;E;greenventory
243694898;True;Markusstraße 9;Elgersweier;Offenburg;77656;Wohngebäude;Mehrfamilienhaus (1949 - 1957);1949 - 1978;Heizöl;133;37484,55616677864;30325,00593892392;6175,0;12,16165600077707;;;;;;;41649,506851976264;;;15612,0;12257,373211131973;Ölkessel;Mittel;21978,868161329454;41649,506851976264;65,0;1;;;17173,0;;;Wohngebäude;5;4;2-8;Mehrfamilienhaus;;Privatgebäude - Geringer Wärmebedarf;;False;0,0;False;;;;;False;False;;False;True;Privates Wohnen;7159,55022785472;0,0;20,82475342598813;E;greenventory
243694899;True;;Elgersweier;Offenburg;77656;Wohngebäude;Ein-/Zweifamilienhaus (1949 - 1957);1949 - 1978;Heizöl;164;7547,814437286738;6106,181879764971;2050,0;2,448846461875253;;;;;;;8386,460485874153;;;0,0;191051,2431360946;Ölkessel;Mittel;3978,1073832889183;8386,460485874153;80,0;14;;;0,0;;;Wohngebäude;1;1;0-1;Einfamilienhaus;;Privatgebäude - Geringer Wärmebedarf;;False;0,0;False;;;;;False;False;;False;False;Privates Wohnen;1441,632557521767;0,0;4,1932302429370765;F;greenventory
243694900;True;Offenburger Straße 11;Elgersweier;Offenburg;77656;Wohngebäude;Ein-/Zweifamilienhaus (1919 - 1948);1919 - 1948;Heizöl;179;31120,191009727172;25176,234526869284;4050,0;10,096773083155925;;;;;;;34577,99001080797;;;9789,0;13646,517366863898;Ölkessel;Mittel;19268,437238590534;34577,99001080797;80,0;1;;;10768,0;;;Wohngebäude;3;1;0-1;Einfamilienhaus;;Privatgebäude - Geringer Wärmebedarf;;False;0,0;False;;;;;False;False;;False;True;Privates Wohnen;5943,95648285789;0,0;17,288995005403983;F;greenventory
243694901;False;;Elgersweier;Offenburg;77656;Lager;;;;0;0,0;0,0;1786,0;0,0;;;;;;;;;;9524,0;0,0;;;0,0;0,0;;0;;;10477,0;;;Lager;;;Unbekannt;;;Privatgebäude - Geringer Wärmebedarf;;False;6841,843641308055;False;;;;;False;False;;False;False;GHD, Verkehr & Sonstige;0,0;0,0;0,0;;greenventory
243694902;True;Ziegelstraße 4;Elgersweier;Offenburg;77656;Wohngebäude;Ein-/Zweifamilienhaus (1860 - 1918);Vor 1919;Erdgasnetz;184;34031,34383017705;27531,357158613235;4050,0;8,964353984534442;;;;;;41501,63881728909;;;;10561,0;0,0;Gaskessel;Mittel;19806,20145044879;41501,63881728909;90,0;0;;;11617,0;;;Wohngebäude;3;2;1-2;Einfamilienhaus;;Privatgebäude - Geringer Wärmebedarf;;False;0,0;False;;;;;False;False;;False;True;Privates Wohnen;6499,986671563817;0,0;18,90630212787614;G;greenventory
243694903;True;Ziegelstraße 2;Elgersweier;Offenburg;77656;Wohngebäude;Ein-/Zweifamilienhaus (1949 - 1957);1949 - 1978;Heizöl;165;20475,757428132867;16564,88775935949;3440,0;6,643245743349774;;;;;;;22750,841586814295;;;6883,0;0,0;Ölkessel;Mittel;10791,834176645358;22750,841586814295;80,0;0;;;7571,0;;;Wohngebäude;2;1;0-1;Einfamilienhaus;;Privatgebäude - Geringer Wärmebedarf;;False;0,0;False;;;;;False;False;;False;True;Privates Wohnen;3910,8696687733777;0,0;11,375420793407148;F;greenventory
243694904;False;;Elgersweier;Offenburg;77656;Lager;;;;0;0,0;0,0;3450,0;0,0;;;;;;;;;;18400,0;25401,7874644935;;;0,0;0,0;;2;;;20240,0;;;Lager;;;Unbekannt;;;Privatgebäude - Geringer Wärmebedarf;;False;13218,084066586327;False;;;;;False;False;;False;False;GHD, Verkehr & Sonstige;0,0;0,0;0,0;;greenventory
243694905;False;;Elgersweier;Offenburg;77656;Lager;;;;0;0,0;0,0;4268,0;0,0;;;;;;;;;;22762,0;0,0;;;0,0;0,0;;0;;;25038,0;;;Lager;;;Unbekannt;;;Privatgebäude - Geringer Wärmebedarf;;False;16351,222168260107;False;;;;;False;False;;False;False;GHD, Verkehr & Sonstige;0,0;0,0;0,0;;greenventory
243694906;True;Markusstraße 5;Elgersweier;Offenburg;77656;Wohngebäude;Mehrfamilienhaus (1979 - 1983);1979 - 1990;Holzpellets;109;37612,232709308366;30428,29626183047;7410,0;0,7964943397265302;;;;44249,685540362785;;;;;;13341,0;12257,373211131973;Pelletheizung;Mittel;22549,941592356598;44249,685540362785;65,0;1;;;14676,0;;;Wohngebäude;6;5;2-8;Mehrfamilienhaus;;Privatgebäude - Geringer Wärmebedarf;;False;0,0;False;;;;;False;False;;False;True;Privates Wohnen;7183,936447477898;0,0;20,895684838504646;D;greenventory
243694907;True;Markusstraße 8;Elgersweier;Offenburg;77656;Wohngebäude;Mehrfamilienhaus (1969 - 1978);1949 - 1978;Erdgasnetz;118;34180,39157722094;27651,93678597174;6175,0;9,003615342292344;;;;;;41683,40436246456;;;;16098,0;36772,119633395916;Gaskessel;Mittel;20002,205202056575;41683,40436246456;65,0;3;;;17708,0;;;Wohngebäude;5;4;2-8;Mehrfamilienhaus;;Privatgebäude - Geringer Wärmebedarf;;False;0,0;False;;;;;False;False;;False;True;Privates Wohnen;6528,454791249199;0,0;18,98910643178941;E;greenventory
243694908;True;;Elgersweier;Offenburg;77656;Wohngebäude;Ein-/Zweifamilienhaus (1949 - 1957);1949 - 1978;Holzpellets;166;8944,479376071587;7236,083815241915;2050,0;0,18941250443445717;;;;10522,916913025398;;;;;;7516,0;27293,034733727796;Pelletheizung;Mittel;4714,225520681556;10522,916913025398;80,0;2;;;8268,0;;;Wohngebäude;1;1;0-1;Einfamilienhaus;;Privatgebäude - Geringer Wärmebedarf;;False;0,0;False;;;;;False;False;;False;False;Privates Wohnen;1708,3955608296733;0,0;4,96915520892866;F;greenventory
243694909;True;Sauerbruchstraße 9;Elgersweier;Offenburg;77656;Wohngebäude;Ein-/Zweifamilienhaus (1949 - 1957);1949 - 1978;Heizöl;165;38032,61385093388;30768,38460540551;4940,0;12,339470271636324;;;;;;;42258,45983437097;;;12784,0;49907,2794450194;Ölkessel;Mittel;20045,24928683388;42258,45983437097;80,0;4;;;14062,0;;;Wohngebäude;4;2;1-2;Einfamilienhaus;;Privatgebäude - Geringer Wärmebedarf;;False;0,0;False;;;;;False;False;;False;True;Privates Wohnen;7264,2292455283705;0,0;21,129229917185487;F;greenventory
243694910;True;Sauerbruchstraße 7;Elgersweier;Offenburg;77656;Wohngebäude;Mehrfamilienhaus (1995 - 2001);1991 - 2000;Heizöl;84;39085,01843651659;31619,779915141924;11115,0;12,680917092736493;;;;;;;43427,79826279621;;;17399,0;0,0;Ölkessel;Mittel;19540,218266911215;43427,79826279621;55,0;0;;;19139,0;;;Wohngebäude;9;7;2-8;Mehrfamilienhaus;;Privatgebäude - Geringer Wärmebedarf;;False;0,0;False;;;;;False;False;;False;True;Privates Wohnen;7465,238521374669;0,0;21,713899131398108;C;greenventory
243694911;True;Sauerbruchstraße 5;Elgersweier;Offenburg;77656;Wohngebäude;Mehrfamilienhaus (1995 - 2001);1991 - 2000;Erdgasnetz;84;43125,9909654759;34888,92669107001;12350,0;11,360017132369263;;;;;;52592,67190911696;;;;19198,0;0,0;Gaskessel;Mittel;21560,467671544597;52592,67190911696;55,0;0;;;21118,0;;;Wohngebäude;10;7;2-8;Mehrfamilienhaus;;Privatgebäude - Geringer Wärmebedarf;;False;0,0;False;;;;;False;False;;False;True;Privates Wohnen;8237,064274405897;0,0;23,958883869708835;D;greenventory
243694912;True;;Elgersweier;Offenburg;77656;Wohngebäude;Ein-/Zweifamilienhaus (1958 - 1968);1949 - 1978;Heizöl;159;5734,627053309305;4639,313286127228;2050,0;1,8605678884070187;;;;;;;6371,8078370103385;;;0,0;0,0;Ölkessel;Mittel;2616,296125088418;6371,8078370103385;80,0;0;;;0,0;;;Wohngebäude;1;1;0-1;Einfamilienhaus;;Privatgebäude - Geringer Wärmebedarf;;False;0,0;False;;;;;False;False;;False;False;Privates Wohnen;1095,3137671820773;0,0;3,1859039185051694;F;greenventory
243694913;True;Sauerbruchstraße 3;Elgersweier;Offenburg;77656;Wohngebäude;Ein-/Zweifamilienhaus (1984 - 1994);1979 - 1990;Heizöl;114;25129,418793873694;20329,69980424382;4940,0;8,15310031979013;;;;;;;27921,576437637435;;;11917,0;35495,399546568646;Ölkessel;Mittel;11091,915566102849;27921,576437637435;65,0;3;;;13109,0;;;Wohngebäude;4;2;1-2;Einfamilienhaus;;Privatgebäude - Geringer Wärmebedarf;;False;0,0;False;;;;;False;False;;False;True;Privates Wohnen;4799,718989629876;0,0;13,960788218818719;D;greenventory
243694914;True;Sauerbruchstraße 1;Elgersweier;Offenburg;77656;Wohngebäude;Mehrfamilienhaus (1979 - 1983);1979 - 1990;Heizöl;109;26456,057267343393;21402,950329280808;6175,0;8,583520802293634;;;;;;;29395,619185937103;;;13138,0;0,0;Ölkessel;Mittel;15861,396762947048;29395,619185937103;65,0;0;;;14452,0;;;Wohngebäude;5;3;2-8;Mehrfamilienhaus;;Privatgebäude - Geringer Wärmebedarf;;False;0,0;False;;;;;False;False;;False;True;Privates Wohnen;5053,106938062588;0,0;14,697809592968552;D;greenventory
243694915;True;;Elgersweier;Offenburg;77656;Wohngebäude;Ein-/Zweifamilienhaus (1958 - 1968);1949 - 1978;Heizöl;159;6983,704341146866;5649,816811987815;2050,0;2,2658240751276497;;;;;;;7759,671490163184;;;0,0;51718,97094769671;Ölkessel;Mittel;3186,159873458856;7759,671490163184;80,0;4;;;0,0;;;Wohngebäude;1;1;0-1;Einfamilienhaus;;Privatgebäude - Geringer Wärmebedarf;;False;0,0;False;;;;;False;False;;False;False;Privates Wohnen;1333,8875291590514;0,0;3,879835745081592;F;greenventory
243694916;True;Offenburger Straße 15;Elgersweier;Offenburg;77656;Wohngebäude;Ein-/Zweifamilienhaus (1919 - 1948);1919 - 1948;Holzpellets;179;23282,51150246716;18835,551805495936;3440,0;0,4930414200522457;;;;27391,190002902542;;;;;;7324,0;24953,6397225097;Pelletheizung;Mittel;14415,644540929305;27391,190002902542;80,0;2;;;8056,0;;;Wohngebäude;2;1;0-1;Einfamilienhaus;;Privatgebäude - Geringer Wärmebedarf;;False;0,0;False;;;;;False;False;;False;True;Privates Wohnen;4446,9596969712275;0,0;12,934728612481756;G;greenventory
243694917;True;Offenburger Straße 15a;Elgersweier;Offenburg;77656;Wohngebäude;Ein-/Zweifamilienhaus (1919 - 1948);1919 - 1948;Stromnetz;179;26311,518316151094;21286,018317766237;4050,0;2,2067725039352526;;;;;;;;;8487,586553597126;8277,0;27293,034733727796;Elektrische Luftwärmepumpe;Mittel;16291,090217547713;8487,586553597126;80,0;2;;;9104,0;;;Wohngebäude;3;1;0-1;Einfamilienhaus;;Privatgebäude - Geringer Wärmebedarf;Wärmepumpe;False;0,0;False;;;;;False;False;;False;True;Privates Wohnen;5025,499998384859;0,0;14,617510175639497;B;greenventory
243694918;True;Offenburger Straße 17;Elgersweier;Offenburg;77656;Wohngebäude;Mehrfamilienhaus (1919 - 1948);1919 - 1948;Holzpellets;133;97020,86690455943;78489,88132578858;17290,0;2,054559534449494;;;;114142,19635830521;;;;;;29466,0;12257,373211131973;Pelletheizung;Mittel;56889,00907156591;114142,19635830521;65,0;1;;;32413,0;;;Wohngebäude;14;10;8-20;Mehrfamilienhaus;;Privatgebäude - Geringer Wärmebedarf;;False;0,0;False;;;;;False;False;;False;True;Privates Wohnen;18530,98557877085;0,0;53,900481613644125;E;greenventory
243694919;True;Offenburger Straße 19;Elgersweier;Offenburg;77656;Wohngebäude;Mehrfamilienhaus (1995 - 2001);1991 - 2000;Heizöl;85;23832,88658204771;19280,8052448766;6175,0;7,7324476466199235;;;;;;;26480,985091164122;;;14853,0;12929,742736924178;Ölkessel;Mittel;11915,046336748175;26480,985091164122;55,0;1;;;16339,0;;;Wohngebäude;5;4;2-8;Mehrfamilienhaus;;Privatgebäude - Geringer Wärmebedarf;;False;0,0;False;;;;;False;False;;False;True;Privates Wohnen;4552,081337171113;0,0;13,240492545582061;C;greenventory
243694920;True;Sauerbruchstraße 2;Elgersweier;Offenburg;77656;Wohngebäude;Mehrfamilienhaus (1958 - 1968);1949 - 1978;Holzpellets;126;33362,51216528288;26990,272341713855;6175,0;0,7065002576177553;;;;39250,01431209751;;;;;;14687,0;36772,119633395916;Pelletheizung;Mittel;21332,92083349631;39250,01431209751;65,0;3;;;16155,0;;;Wohngebäude;5;4;2-8;Mehrfamilienhaus;;Privatgebäude - Geringer Wärmebedarf;;False;0,0;False;;;;;False;False;;False;True;Privates Wohnen;6372,239823569031;0,0;18,534728980712714;E;greenventory
243694921;True;Robert-Koch-Straße 1;Elgersweier;Offenburg;77656;Wohngebäude;Mehrfamilienhaus (1969 - 1978);1949 - 1978;Erdgasnetz;118;48319,94371015178;39090,83446151279;9880,0;12,728180294381445;;;;;;58926,760622136324;;;;16255,0;11831,799848856215;Gaskessel;Mittel;28276,604943472717;58926,760622136324;65,0;1;;;17881,0;;;Wohngebäude;8;6;2-8;Mehrfamilienhaus;;Privatgebäude - Geringer Wärmebedarf;;False;0,0;False;;;;;False;False;;False;True;Privates Wohnen;9229,109248638992;0,0;26,844413172306545;E;greenventory
243694922;True;Offenburger Straße 13;Elgersweier;Offenburg;77656;Wohngebäude;Ein-/Zweifamilienhaus (1949 - 1957);1949 - 1978;Heizöl;166;10322,46356285218;8350,873022347414;2050,0;3,3490659559475957;;;;;;;11469,403958724643;;;5783,0;0,0;Ölkessel;Mittel;5440,4978890650345;11469,403958724643;80,0;0;;;6361,0;;;Wohngebäude;1;1;0-1;Einfamilienhaus;;Privatgebäude - Geringer Wärmebedarf;;False;0,0;False;;;;;False;False;;False;True;Privates Wohnen;1971,5905405047663;0,0;5,734701979362322;F;greenventory
243694923;False;Offenburger Straße 13;Elgersweier;Offenburg;77656;Lager;;;;0;0,0;0,0;521,0;0,0;;;;;;;;;;0,0;0,0;;;0,0;0,0;;0;;;0,0;;;Lager;;;Unbekannt;;;Privatgebäude - Geringer Wärmebedarf;;False;1995,0344219801923;False;;;;;False;False;;False;True;GHD, Verkehr & Sonstige;0,0;0,0;0,0;;greenventory
243694924;True;Offenburger Straße 21a;Elgersweier;Offenburg;77656;Wohngebäude;Reihenhaus (1860 - 1918);Vor 1919;Erdgasnetz;169;23470,776900553345;18987,858512547657;4050,0;6,182546110389662;;;;;;28622,898659211398;;;;7957,0;0,0;Gaskessel;Mittel;14100,434039307132;28622,898659211398;90,0;0;;;8752,0;;;Wohngebäude;3;1;0-1;Reihenhaus;;Privatgebäude - Geringer Wärmebedarf;;False;0,0;False;;;;;False;False;;False;True;Privates Wohnen;4482,918388005689;0,0;13,039320500307413;G;greenventory
243694925;False;;Elgersweier;Offenburg;77656;Lager;;;;0;0,0;0,0;2426,0;0,0;;;;;;;;;;12937,0;215915,19344819474;;;0,0;0,0;;17;;;14231,0;;;Lager;;;Unbekannt;;;Privatgebäude - Geringer Wärmebedarf;;False;9293,462163774433;False;;;;;False;False;;False;False;GHD, Verkehr & Sonstige;0,0;0,0;0,0;;greenventory
243694926;True;Offenburger Straße 16;Elgersweier;Offenburg;77656;Wohngebäude;Ein-/Zweifamilienhaus (1969 - 1978);1949 - 1978;Heizöl;144;13794,76642524535;11159,96603802349;3440,0;4,475635329079603;;;;;;;15327,518250272611;;;8854,0;24953,6397225097;Ölkessel;Mittel;7009,86994169985;15327,518250272611;80,0;2;;;9740,0;;;Wohngebäude;2;1;0-1;Einfamilienhaus;;Privatgebäude - Geringer Wärmebedarf;;False;0,0;False;;;;;False;False;;False;True;Privates Wohnen;2634,800387221862;0,0;7,6637591251363055;F;greenventory
243694927;True;Markusstraße 3;Elgersweier;Offenburg;77656;Wohngebäude;Mehrfamilienhaus (1995 - 2001);1991 - 2000;Heizöl;84;41233,42424319792;33357,84021274712;11115,0;13,377955421126437;;;;;;;45814,91582577547;;;18356,0;34269,31768500045;Ölkessel;Mittel;20614,295242380445;45814,91582577547;55,0;3;;;20191,0;;;Wohngebäude;9;7;2-8;Mehrfamilienhaus;;Privatgebäude - Geringer Wärmebedarf;;False;0,0;False;;;;;False;False;;False;True;Privates Wohnen;7875,584030450803;0,0;22,907457912887736;C;greenventory
243694928;True;Markusstraße 6;Elgersweier;Offenburg;77656;Wohngebäude;Mehrfamilienhaus (1958 - 1968);1949 - 1978;Heizöl;126;35672,93380878174;28859,403451304428;6175,0;11,573885191293629;;;;;;;39636,593120868594;;;15704,0;77578,45642154507;Ölkessel;Mittel;22810,268875171867;39636,593120868594;65,0;6;;;17274,0;;;Wohngebäude;5;4;2-8;Mehrfamilienhaus;;Privatgebäude - Geringer Wärmebedarf;;False;0,0;False;;;;;False;False;;False;True;Privates Wohnen;6813,5303574773125;0,0;19,818296560434298;E;greenventory
243694929;True;Markusstraße 1;Elgersweier;Offenburg;77656;Wohngebäude;Ein-/Zweifamilienhaus (1958 - 1968);1949 - 1978;Heizöl;160;32442,691883257452;26246,13773355528;4940,0;10,52585114434575;;;;;;;36047,43542584161;;;11254,0;0,0;Ölkessel;Mittel;14801,257042970574;36047,43542584161;80,0;0;;;12379,0;;;Wohngebäude;4;2;1-2;Einfamilienhaus;;Privatgebäude - Geringer Wärmebedarf;;False;0,0;False;;;;;False;False;;False;True;Privates Wohnen;6196,554149702173;0,0;18,023717712920806;F;greenventory
243694930;True;Markusstraße 4;Elgersweier;Offenburg;77656;Wohngebäude;Mehrfamilienhaus (1958 - 1968);1949 - 1978;Erdgasnetz;126;53691,453359891246;43436,385768152024;9880,0;14,14311454358111;;;;;;65477,38214620884;;;;16883,0;78981,12696121224;Gaskessel;Mittel;34331,81285292482;65477,38214620884;65,0;6;;;18571,0;;;Wohngebäude;8;6;2-8;Mehrfamilienhaus;;Privatgebäude - Geringer Wärmebedarf;;False;0,0;False;;;;;False;False;;False;True;Privates Wohnen;10255,067591739227;0,0;29,82858519993958;E;greenventory
243694931;True;Offenburger Straße 23a;Elgersweier;Offenburg;77656;Wohngebäude;Reihenhaus (1860 - 1918);Vor 1919;Erdgasnetz;168;40086,20090599781;32429,73653295223;4940,0;10,559291945970156;;;;;;48885,61086097294;;;;9707,0;0,0;Gaskessel;Mittel;24082,408271202563;48885,61086097294;90,0;0;;;10677,0;;;Wohngebäude;4;2;1-2;Reihenhaus;;Privatgebäude - Geringer Wärmebedarf;;False;0,0;False;;;;;False;False;;False;True;Privates Wohnen;7656,464373045582;0,0;22,270111614443227;G;greenventory
243694932;True;Markusstraße 2;Elgersweier;Offenburg;77656;Wohngebäude;Ein-/Zweifamilienhaus (1969 - 1978);1949 - 1978;Heizöl;144;19779,612660885345;16001,706642656245;4050,0;6,417385441087245;;;;;;;21977,347400983715;;;7617,0;0,0;Ölkessel;Mittel;10051,095319472935;21977,347400983715;80,0;0;;;8379,0;;;Wohngebäude;3;1;0-1;Einfamilienhaus;;Privatgebäude - Geringer Wärmebedarf;;False;0,0;False;;;;;False;False;;False;True;Privates Wohnen;3777,906018229101;0,0;10,988673700491859;F;greenventory
243694933;True;Robert-Koch-Straße 1a;Elgersweier;Offenburg;77656;Wohngebäude;Ein-/Zweifamilienhaus (1958 - 1968);1949 - 1978;Erdgasnetz;161;23781,19423734336;19238,98613801078;4050,0;6,264314579592885;;;;;;29001,4563870041;;;;8249,0;0,0;Gaskessel;Mittel;10849,641267819095;29001,4563870041;80,0;0;;;9074,0;;;Wohngebäude;3;1;0-1;Einfamilienhaus;;Privatgebäude - Geringer Wärmebedarf;;False;0,0;False;;;;;False;False;;False;True;Privates Wohnen;4542,208099332582;0,0;13,211774576301867;F;greenventory
243694934;True;Robert-Koch-Straße 6;Elgersweier;Offenburg;77656;Wohngebäude;Mehrfamilienhaus (1984 - 1994);1979 - 1990;Holzpellets;96;27910,887318136127;22579,90784037213;6175,0;0,591054084384059;;;;32836,33802133662;;;;;;15775,0;24514,746422263946;Pelletheizung;Mittel;15108,98860841599;32836,33802133662;65,0;2;;;17352,0;;;Wohngebäude;5;4;2-8;Mehrfamilienhaus;;Privatgebäude - Geringer Wärmebedarf;;False;0,0;False;;;;;False;False;;False;True;Privates Wohnen;5330,979477764;0,0;15,506048510075626;D;greenventory
243694935;True;Robert-Koch-Straße 8;Elgersweier;Offenburg;77656;Wohngebäude;Mehrfamilienhaus (1958 - 1968);1949 - 1978;Holzpellets;126;39928,69235650418;32302,312116411882;7410,0;0,8455487793142062;;;;46974,93218412257;;;;;;12555,0;36772,119633395916;Pelletheizung;Mittel;25531,51959320119;46974,93218412257;65,0;3;;;13811,0;;;Wohngebäude;6;5;2-8;Mehrfamilienhaus;;Privatgebäude - Geringer Wärmebedarf;;False;0,0;False;;;;;False;False;;False;True;Privates Wohnen;7626,380240092299;0,0;22,182606864724544;E;greenventory
243694936;True;Offenburger Straße 31;Elgersweier;Offenburg;77656;Sonstige Dienstleistungen;;1919 - 1948;Erdgasnetz;74;50422,32427153773;47396,98481524546;58043,0;13,281978100795305;;;;;;61490,639355533815;;;;27576,0;0,0;Gaskessel;Mittel;18656,259980468963;61490,639355533815;65,0;0;;;30334,0;;;Freiberufliche Dienstleistung;;;Unbekannt;;;Privatgebäude - Geringer Wärmebedarf;;False;26254,81435101626;False;;;;;False;False;;False;True;GHD, Verkehr & Sonstige;2521,1162135768864;504,2232427153773;29,66019074796337;;greenventory
243694937;True;Offenburger Straße 33;Elgersweier;Offenburg;77656;Wohngebäude;Mehrfamilienhaus (1984 - 1994);1979 - 1990;Stromnetz;96;69922,36875734727;56567,19632469395;17290,0;5,864456734487191;;;;;;;;;22555,602824950733;28228,0;12257,373211131973;Elektrische Luftwärmepumpe;Mittel;37851,045758109976;22555,602824950733;65,0;1;;;31051,0;;;Wohngebäude;14;10;8-20;Mehrfamilienhaus;;Privatgebäude - Geringer Wärmebedarf;Wärmepumpe;False;0,0;False;;;;;False;False;;False;True;Privates Wohnen;13355,17243265333;0,0;38,84576042074848;A;greenventory
243694938;True;Offenburger Straße 22;Elgersweier;Offenburg;77656;Wohngebäude;Ein-/Zweifamilienhaus (1979 - 1983);1979 - 1990;Erdgasnetz;142;32708,83900458889;26461,450754712412;4940,0;8,615986859745366;;;;;;39888,828054376696;;;;12464,0;13646,517366863898;Gaskessel;Mittel;20097,235340354615;39888,828054376696;80,0;1;;;13711,0;;;Wohngebäude;4;2;1-2;Einfamilienhaus;;Privatgebäude - Geringer Wärmebedarf;;False;0,0;False;;;;;False;False;;False;True;Privates Wohnen;6247,388249876478;0,0;18,171577224771603;F;greenventory
243694939;True;Offenburger Straße 24;Elgersweier;Offenburg;77656;Wohngebäude;Mehrfamilienhaus (1984 - 1994);1979 - 1990;Stromnetz;96;40045,551842352725;32396,851440463357;9880,0;10,41184347901171;;;;;;;;;40045,551842352725;22633,0;36772,119633395916;Elektroheizung;Mittel;21677,8413279139;40045,551842352725;65,0;3;;;24896,0;;;Wohngebäude;8;6;2-8;Mehrfamilienhaus;;Privatgebäude - Geringer Wärmebedarf;Nachtspeicherheizung;False;0,0;False;;;;;False;False;;False;True;Privates Wohnen;7648,70040188937;0,0;22,24752880130707;C;greenventory
243694940;True;Am Wolfsgraben 12;Elgersweier;Offenburg;77656;Wohngebäude;Ein-/Zweifamilienhaus (1969 - 1978);1949 - 1978;Heizöl;145;19241,850621989557;15566,657153189553;3440,0;6,242911535134389;;;;;;;21379,83402443284;;;12350,0;27293,034733727796;Ölkessel;Mittel;9777,829224488964;21379,83402443284;80,0;2;;;13585,0;;;Wohngebäude;2;1;0-1;Einfamilienhaus;;Privatgebäude - Geringer Wärmebedarf;;False;0,0;False;;;;;False;False;;False;True;Privates Wohnen;3675,1934688000056;0,0;10,689917012216421;F;greenventory
243694941;True;;Elgersweier;Offenburg;77656;Wohngebäude;Ein-/Zweifamilienhaus (1958 - 1968);1949 - 1978;Heizöl;159;4769,50505030028;3858,529585692927;2050,0;1,5474394163196465;;;;;;;5299,4500558892005;;;0,0;0,0;Ölkessel;Mittel;2175,9806637276056;5299,4500558892005;80,0;0;;;0,0;;;Wohngebäude;1;1;0-1;Einfamilienhaus;;Privatgebäude - Geringer Wärmebedarf;;False;0,0;False;;;;;False;False;;False;False;Privates Wohnen;910,9754646073536;0,0;2,6497250279446;F;greenventory
243694942;False;;Elgersweier;Offenburg;77656;Lager;;;;0;0,0;0,0;1094,0;0,0;;;;;;;;;;9723,0;0,0;;;0,0;0,0;;0;;;10695,0;;;Lager;;;Unbekannt;;;Privatgebäude - Geringer Wärmebedarf;;False;4190,726344341735;False;;;;;False;False;;False;False;GHD, Verkehr & Sonstige;0,0;0,0;0,0;;greenventory
243694943;True;Offenburger Straße 18;Elgersweier;Offenburg;77656;Wohngebäude;Mehrfamilienhaus (1984 - 1994);1979 - 1990;Erdgasnetz;96;27096,63528045387;21921,17794188718;6175,0;7,1376502689976045;;;;;;33044,677171285206;;;;10939,0;0,0;Gaskessel;Mittel;14668,209903622657;33044,677171285206;65,0;0;;;12033,0;;;Wohngebäude;5;4;2-8;Mehrfamilienhaus;;Privatgebäude - Geringer Wärmebedarf;;False;0,0;False;;;;;False;False;;False;True;Privates Wohnen;5175,457338566689;0,0;15,053686266918817;D;greenventory
243694944;True;Marienstraße 1;Elgersweier;Offenburg;77656;Wohngebäude;Ein-/Zweifamilienhaus (1969 - 1978);1949 - 1978;Heizöl;144;25550,16269211756;20670,081617923108;4050,0;8,289608340109252;;;;;;;28389,0696579084;;;9840,0;13646,517366863898;Ölkessel;Mittel;12983,42515848943;28389,0696579084;80,0;1;;;10824,0;;;Wohngebäude;3;1;0-1;Einfamilienhaus;;Privatgebäude - Geringer Wärmebedarf;;False;0,0;False;;;;;False;False;;False;True;Privates Wohnen;4880,081074194454;0,0;14,1945348289542;F;greenventory
243694945;True;Offenburger Straße 20;Elgersweier;Offenburg;77656;Wohngebäude;Ein-/Zweifamilienhaus (1984 - 1994);1979 - 1990;Erdgasnetz;114;22828,40792801139;18468,182013761216;4940,0;6,013336722500561;;;;;;27839,521863428527;;;;10826,0;12257,373211131973;Gaskessel;Mittel;10076,268588742114;27839,521863428527;65,0;1;;;11909,0;;;Wohngebäude;4;2;1-2;Einfamilienhaus;;Privatgebäude - Geringer Wärmebedarf;;False;0,0;False;;;;;False;False;;False;True;Privates Wohnen;4360,225914250176;0,0;12,682448848895218;E;greenventory
243694946;True;Am Wolfsgraben 7a;Elgersweier;Offenburg;77656;Wohngebäude;Ein-/Zweifamilienhaus (1919 - 1948);1919 - 1948;Heizöl;179;24536,764028384074;19850,242098962717;4050,0;7,960816773653499;;;;;;;27263,07114264897;;;7718,0;13646,517366863898;Ölkessel;Mittel;15192,229943937262;27263,07114264897;80,0;1;;;8490,0;;;Wohngebäude;3;1;0-1;Einfamilienhaus;;Privatgebäude - Geringer Wärmebedarf;;False;0,0;False;;;;;False;False;;False;True;Privates Wohnen;4686,521929421358;0,0;13,631535571324486;F;greenventory
243694947;True;Am Wolfsgraben 7;Elgersweier;Offenburg;77656;Wohngebäude;Ein-/Zweifamilienhaus (1919 - 1948);1919 - 1948;Erdgasnetz;179;27138,720923510748;21955,225227120198;4050,0;7,148736243266247;;;;;;33096,00112623262;;;;8537,0;13646,517366863898;Gaskessel;Mittel;16803,262572740714;33096,00112623262;80,0;1;;;9390,0;;;Wohngebäude;3;1;0-1;Einfamilienhaus;;Privatgebäude - Geringer Wärmebedarf;;False;0,0;False;;;;;False;False;;False;True;Privates Wohnen;5183,495696390552;0,0;15,077067179728193;G;greenventory
243694948;True;Am Wolfsgraben 5;Elgersweier;Offenburg;77656;Wohngebäude;Ein-/Zweifamilienhaus (1969 - 1978);1949 - 1978;Stromnetz;144;20653,875868853764;16708,985577902695;4050,0;1,309757981927312;;;;;;;;;5037,530699720431;7954,0;40939,552100591696;Elektrische Erdwärmepumpe;Mittel;10495,355932067028;5037,530699720431;80,0;3;;;8749,0;;;Wohngebäude;3;1;0-1;Einfamilienhaus;;Privatgebäude - Geringer Wärmebedarf;Wärmepumpe;False;0,0;False;;;;;False;False;;False;True;Privates Wohnen;3944,890290951069;0,0;11,474375482696535;A;greenventory
243694949;True;Am Wolfsgraben 10;Elgersweier;Offenburg;77656;Wohngebäude;Ein-/Zweifamilienhaus (1949 - 1957);1949 - 1978;Heizöl;166;35271,464354791126;28534,614663026023;4940,0;11,443630657332232;;;;;;;39190,51594976792;;;11856,0;13646,517366863898;Ölkessel;Mittel;18589,973817592414;39190,51594976792;80,0;1;;;13041,0;;;Wohngebäude;4;2;1-2;Einfamilienhaus;;Privatgebäude - Geringer Wärmebedarf;;False;0,0;False;;;;;False;False;;False;True;Privates Wohnen;6736,8496917651055;0,0;19,59525797488396;F;greenventory
243694950;True;Am Wolfsgraben 8;Elgersweier;Offenburg;77656;Wohngebäude;Mehrfamilienhaus (1958 - 1968);1949 - 1978;Heizöl;126;30508,04231676492;24681,006234262823;6175,0;9,898164840550397;;;;;;;33897,82479640547;;;13430,0;12257,373211131973;Ölkessel;Mittel;19507,6931948114;33897,82479640547;65,0;1;;;14773,0;;;Wohngebäude;5;3;2-8;Mehrfamilienhaus;;Privatgebäude - Geringer Wärmebedarf;;False;0,0;False;;;;;False;False;;False;True;Privates Wohnen;5827,0360825021;0,0;16,948912398202733;E;greenventory
243694951;True;Am Wolfsgraben 6;Elgersweier;Offenburg;77656;Wohngebäude;Mehrfamilienhaus (nach 2015);2020 - 2022;Heizöl;69;17819,81110993679;14416,227187938863;6175,0;5,78153871566838;;;;;;;19799,790122151986;;;13022,0;10605,124353271523;Ölkessel;Mittel;10118,845087471791;19799,790122151986;35,0;1;;;14325,0;;;Wohngebäude;5;4;2-8;Mehrfamilienhaus;;Privatgebäude - Geringer Wärmebedarf;;False;0,0;False;;;;;False;False;;False;True;Privates Wohnen;3403,5839219979266;0,0;10,799885521173811;C;greenventory
243694952;True;Marienstraße 2;Elgersweier;Offenburg;77656;Wohngebäude;Mehrfamilienhaus (1984 - 1994);1991 - 2000;Erdgasnetz;96;33228,97299976355;26882,239156808715;8645,0;8,752997765791376;;;;;;40523,1378045897;;;;13062,0;0,0;Gaskessel;Mittel;17987,82563951525;40523,1378045897;55,0;0;;;14368,0;;;Wohngebäude;7;5;2-8;Mehrfamilienhaus;;Privatgebäude - Geringer Wärmebedarf;;False;0,0;False;;;;;False;False;;False;True;Privates Wohnen;6346,733842954838;0,0;18,460540555424195;D;greenventory
243694953;True;Marienstraße 4;Elgersweier;Offenburg;77656;Wohngebäude;Ein-/Zweifamilienhaus (1958 - 1968);1949 - 1978;Heizöl;161;25377,805254222556;20530,64445066605;4050,0;8,23368792692554;;;;;;;28197,561393580618;;;8803,0;0,0;Ölkessel;Mittel;11578,059555164207;28197,561393580618;80,0;0;;;9683,0;;;Wohngebäude;3;1;0-1;Einfamilienhaus;;Privatgebäude - Geringer Wärmebedarf;;False;0,0;False;;;;;False;False;;False;True;Privates Wohnen;4847,160803556509;0,0;14,098780696790309;F;greenventory
243694954;True;Marienstraße 6;Elgersweier;Offenburg;77656;Wohngebäude;Mehrfamilienhaus (1984 - 1994);1991 - 2000;Erdgasnetz;96;26494,16554193565;21433,779923425944;6175,0;6,978950923241586;;;;;;32309,957977970305;;;;14580,0;12476,81986125485;Gaskessel;Mittel;14342,075219603768;32309,957977970305;55,0;1;;;16038,0;;;Wohngebäude;5;4;2-8;Mehrfamilienhaus;;Privatgebäude - Geringer Wärmebedarf;;False;0,0;False;;;;;False;False;;False;True;Privates Wohnen;5060,385618509709;0,0;14,718980856630917;D;greenventory
243694955;True;Marienstraße 3;Elgersweier;Offenburg;77656;Wohngebäude;Mehrfamilienhaus (1949 - 1957);1949 - 1978;Heizöl;134;35009,59195135986;28322,759888650126;6175,0;11,358667610885643;;;;;;;38899,54661262206;;;10415,0;12257,373211131973;Ölkessel;Mittel;20527,686187807572;38899,54661262206;65,0;1;;;11457,0;;;Wohngebäude;5;4;2-8;Mehrfamilienhaus;;Privatgebäude - Geringer Wärmebedarf;;False;0,0;False;;;;;False;False;;False;True;Privates Wohnen;6686,832062709733;0,0;19,44977330631103;E;greenventory
243694956;True;Marienstraße 8;Elgersweier;Offenburg;77656;Wohngebäude;Mehrfamilienhaus (1984 - 1994);1991 - 2000;Heizöl;96;24611,088060823593;19910,37024120629;6175,0;7,98493079306721;;;;;;;27345,653400915104;;;13544,0;0,0;Ölkessel;Mittel;13322,709697949449;27345,653400915104;55,0;0;;;14898,0;;;Wohngebäude;5;4;2-8;Mehrfamilienhaus;;Privatgebäude - Geringer Wärmebedarf;;False;0,0;False;;;;;False;False;;False;True;Privates Wohnen;4700,717819617306;0,0;13,672826700457552;D;greenventory
243694957;True;Marienstraße 5;Elgersweier;Offenburg;77656;Wohngebäude;Mehrfamilienhaus (1995 - 2001);1991 - 2000;Holzpellets;84;20336,179017948376;16451,968825520238;6175,0;0,43064849685067147;;;;23924,91649170397;;;;;;12674,0;22846,2117900003;Pelletheizung;Mittel;10166,897512690719;23924,91649170397;55,0;2;;;13941,0;;;Wohngebäude;5;3;2-8;Mehrfamilienhaus;;Privatgebäude - Geringer Wärmebedarf;;False;0,0;False;;;;;False;False;;False;True;Privates Wohnen;3884,21019242814;0,0;11,297877232193542;C;greenventory
243694958;True;Am Wolfsgraben 3a;Elgersweier;Offenburg;77656;Wohngebäude;Ein-/Zweifamilienhaus (1958 - 1968);1949 - 1978;Erdgasnetz;160;22243,71108799661;17995,16227018926;4050,0;5,859319018301545;;;;;;27126,47693658123;;;;7716,0;13646,517366863898;Gaskessel;Mittel;10148,19875575489;27126,47693658123;80,0;1;;;8487,0;;;Wohngebäude;3;1;0-1;Einfamilienhaus;;Privatgebäude - Geringer Wärmebedarf;;False;0,0;False;;;;;False;False;;False;True;Privates Wohnen;4248,548817807353;0,0;12,357617271109227;F;greenventory
243694959;True;Am Wolfsgraben 3;Elgersweier;Offenburg;77656;Wohngebäude;Ein-/Zweifamilienhaus (1958 - 1968);1949 - 1978;Erdgasnetz;160;23011,623834334336;18616,40368197648;4050,0;6,06159847343441;;;;;;28062,955895529678;;;;7982,0;13646,517366863898;Gaskessel;Mittel;10498,54187728186;28062,955895529678;80,0;1;;;8780,0;;;Wohngebäude;3;1;0-1;Einfamilienhaus;;Privatgebäude - Geringer Wärmebedarf;;False;0,0;False;;;;;False;False;;False;True;Privates Wohnen;4395,220152357858;0,0;12,784235463519076;F;greenventory
243694960;True;Zum Gifizsee 1a;Elgersweier;Offenburg;77656;Wohngebäude;Ein-/Zweifamilienhaus (1984 - 1994);1991 - 2000;Erdgasnetz;113;12483,651521497372;10099,274080891375;3440,0;3,288376498345649;;;;;;15223,965270118746;;;;9607,0;22846,2117900003;Gaskessel;Mittel;5510,179513855579;15223,965270118746;55,0;2;;;10568,0;;;Wohngebäude;2;1;0-1;Einfamilienhaus;;Privatgebäude - Geringer Wärmebedarf;;False;0,0;False;;;;;False;False;;False;True;Privates Wohnen;2384,377440605998;0,0;6,935361956387428;E;greenventory
243694961;True;Am Wolfsgraben 1;Elgersweier;Offenburg;77656;Wohngebäude;Mehrfamilienhaus (1969 - 1978);1949 - 1978;Heizöl;118;64158,47868395837;51904,20925532233;12350,0;20,815861973017604;;;;;;;71287,19853773151;;;21583,0;24514,746422263946;Ölkessel;Mittel;37545,24149289013;71287,19853773151;65,0;2;;;23742,0;;;Wohngebäude;10;8;2-8;Mehrfamilienhaus;;Privatgebäude - Geringer Wärmebedarf;;False;0,0;False;;;;;False;False;;False;True;Privates Wohnen;12254,26942863605;0,0;35,64359926886576;E;greenventory
243694962;True;Werner-von-Siemens-Straße 1;Elgersweier;Offenburg;77656;Mehrfachnutzung;;1979 - 1990;Erdgasnetz;145;177133,9706221168;143301,38223329248;0,0;46,6596800663137;;;;;;216017,0373440449;;;;36738,0;94654,39879084972;Gaskessel;Mittel;65539,5691301832;216017,0373440449;60,0;8;;;40412,0;;;Wohn- und Bürogebäude;;;Unbekannt;;;Privatgebäude - Mittlerer Wärmebedarf;;False;0,0;False;;;;;False;False;;False;True;GHD, Verkehr & Sonstige;33832,588388824304;0,0;98,40776145673155;;greenventory
243694963;False;;Elgersweier;Offenburg;77656;Energieversorgung;;;;0;0,0;0,0;1815,0;0,0;;;;;;;;;;0,0;101607,149857974;;;0,0;0,0;;8;;;0,0;;;Infrastruktur Strom (Verteilnetz);;;Unbekannt;;;Privatgebäude - Geringer Wärmebedarf;;False;309,82856507268684;False;;;;;False;False;;False;False;Industrie & Produktion;0,0;0,0;0,0;;greenventory
243694964;True;Offenburger Straße 34;Elgersweier;Offenburg;77656;Büro und Verwaltung;;1979 - 1990;Erdgasnetz;64;18857,494361181503;17726,04469951061;14006,0;4,967339978067322;;;;;;22996,944342904273;;;;26508,0;36772,119633395916;Gaskessel;Mittel;6977,272913637156;22996,944342904273;65,0;3;;;29158,0;;;Büro (Unternehmen);;;Unbekannt;;;Privatgebäude - Geringer Wärmebedarf;;False;11415,578042729552;False;;;;;False;False;;False;True;GHD, Verkehr & Sonstige;942,8747180590752;188,57494361181503;11,092643741871473;;greenventory
243694972;True;Werner-von-Siemens-Straße 2;Elgersweier;Offenburg;77656;Büro und Verwaltung;;Vor 1919;Erdgasnetz;64;56891,84701082144;53478,33619017215;42254,0;14,98614506626516;;;;;;69380,30123270907;;;;50725,0;0,0;Gaskessel;Mittel;21049,983394003924;69380,30123270907;75,0;0;;;55797,0;;;Büro (allgemein);;;Unbekannt;;;Privatgebäude - Geringer Wärmebedarf;;False;34440,06436422293;False;;;;;False;False;;False;True;GHD, Verkehr & Sonstige;2844,592350541072;568,9184701082144;33,465792359306725;;greenventory
243694973;True;;Elgersweier;Offenburg;77656;Verarbeitendes Gewerbe;;;Erdgasnetz;50;46640,873011065465;13059,444443098331;13641,0;12,285888500475783;;;;;;56879,11342812862;;;;82488,0;74860,9191675291;Gaskessel;Niedrig;13525,853173208983;56879,11342812862;60,0;6;;;90737,0;;;Verarbeitendes Gewerbe (allgemein);;;Unbekannt;;;Privatgebäude - Geringer Wärmebedarf;;False;3357,557000737027;False;;;;;False;False;;False;False;Industrie & Produktion;1399,2261903319638;32182,202377635167;25,911596117258593;;greenventory
243694974;True;Werner-von-Siemens-Straße 6b;Elgersweier;Offenburg;77656;Wohngebäude;Ein-/Zweifamilienhaus (1979 - 1983);1979 - 1990;Erdgasnetz;142;8777,497284066398;7100,995302809716;2050,0;2,312121235802856;;;;;;10704,264980568778;;;;8362,0;68232,58683431949;Gaskessel;Mittel;5393,142465021681;10704,264980568778;80,0;5;;;9198,0;;;Wohngebäude;1;1;0-1;Einfamilienhaus;;Privatgebäude - Geringer Wärmebedarf;;False;0,0;False;;;;;False;False;;False;True;Privates Wohnen;1676,501981256682;0,0;4,8763873800368875;F;greenventory
243694975;True;Werner-von-Siemens-Straße 8/a;Elgersweier;Offenburg;77656;Wohngebäude;Apartmentblock (1958 - 1968);1949 - 1978;Erdgasnetz;96;105212,71328333323;85117,08504621658;24700,0;27,714568377073142;;;;;;128308,18693089418;;;;60723,0;35495,399546568646;Gaskessel;Mittel;66208,08920368942;128308,18693089418;65,0;3;;;66795,0;;;Wohngebäude;20;17;8-20;Appartementblock;;Privatgebäude - Mittlerer Wärmebedarf;;False;0,0;False;;;;;False;False;;False;True;Privates Wohnen;20095,628237116645;0,0;58,45150737962957;D;greenventory
243694976;True;Werner-von-Siemens-Straße 4;Elgersweier;Offenburg;77656;Büro und Verwaltung;;1979 - 1990;Erdgasnetz;64;60440,629773634544;56814,191987216465;44890,0;15,920946379396419;;;;;;73708,08508979823;;;;84960,0;12257,373211131973;Gaskessel;Mittel;22363,03301624477;73708,08508979823;65,0;1;;;93456,0;;;Büro (Unternehmen);;;Unbekannt;;;Privatgebäude - Geringer Wärmebedarf;;False;36588,356486689634;False;;;;;False;False;;False;True;GHD, Verkehr & Sonstige;3022,0314886817273;604,4062977363454;35,55331163154973;;greenventory
243694977;True;Werner-von-Siemens-Straße 10;Elgersweier;Offenburg;77656;Wohngebäude;Mehrfamilienhaus (1949 - 1957);1949 - 1978;Erdgasnetz;133;37346,533534304;30213,345629251937;6175,0;9,837623467572762;;;;;;45544,55309061464;;;;25924,0;24514,746422263946;Gaskessel;Mittel;21897,939332161983;45544,55309061464;65,0;2;;;28516,0;;;Wohngebäude;5;4;2-8;Mehrfamilienhaus;;Privatgebäude - Geringer Wärmebedarf;;False;0,0;False;;;;;False;False;;False;True;Privates Wohnen;7133,187905052064;0,0;20,748074185724445;F;greenventory
243694978;True;Werner-von-Siemens-Straße 6c;Elgersweier;Offenburg;77656;Wohngebäude;Ein-/Zweifamilienhaus (1979 - 1983);1979 - 1990;Erdgasnetz;142;10914,844569586734;8830,109256795668;2050,0;2,8751297890618717;;;;;;13310,786060471628;;;;10398,0;0,0;Gaskessel;Mittel;6706,389058553907;13310,786060471628;80,0;0;;;11438,0;;;Wohngebäude;1;1;0-1;Einfamilienhaus;;Privatgebäude - Geringer Wärmebedarf;;False;0,0;False;;;;;False;False;;False;True;Privates Wohnen;2084,735312791066;0,0;6,063802538659297;F;greenventory
243694979;True;Werner-von-Siemens-Straße 12;Elgersweier;Offenburg;77656;Büro und Verwaltung;;1949 - 1978;Erdgasnetz;64;1356108,7882496747;1274742,2609546941;1007190,0;357,21890031942655;;;;;;1653791,2051825302;;;;839660,0;134831,1053224517;Gaskessel;Mittel;501760,25165237964;1653791,2051825302;65,0;11;;;923627,0;;;Büro (Unternehmen);;;Unbekannt;;;Privatgebäude - Hoher Wärmebedarf;;False;820934,39404988;False;;;;;False;False;;False;True;GHD, Verkehr & Sonstige;67805,43941248374;13561,087882496748;797,7110519115733;;greenventory
243694982;True;Werner-von-Siemens-Straße 9;Elgersweier;Offenburg;77656;Handel, Instandhaltung, Reparatur;;1979 - 1990;Erdgasnetz;20;15174,651858413752;14264,172746908926;64914,0;3,997225367582159;;;;;;18505,67299806555;;;;69045,0;42420,497413086094;Gaskessel;Mittel;5614,621187613087;18505,67299806555;35,0;4;;;75949,0;;;Einzelhandel (allgemein);;;Unbekannt;;;Privatgebäude - Geringer Wärmebedarf;;False;29362,932044615813;False;;;;;False;False;;False;True;GHD, Verkehr & Sonstige;758,7325929206877;151,74651858413753;8,430362143563196;;greenventory
243694983;True;Werner-von-Siemens-Straße 11;Elgersweier;Offenburg;77656;Wohngebäude;Ein-/Zweifamilienhaus (1969 - 1978);1949 - 1978;Erdgasnetz;144;21348,666942018885;17271,07155609328;4050,0;5,623551292043999;;;;;;26034,959685388883;;;;13703,0;150111,69103550288;Gaskessel;Mittel;10848,417006782176;26034,959685388883;80,0;11;;;15073,0;;;Wohngebäude;3;1;0-1;Einfamilienhaus;;Privatgebäude - Geringer Wärmebedarf;;False;0,0;False;;;;;False;False;;False;True;Privates Wohnen;4077,595385925607;0,0;11,860370523343825;F;greenventory
243694984;True;;Elgersweier;Offenburg;77656;Büro und Verwaltung;;1949 - 1978;Erdgasnetz;64;17598,79842143357;16542,870516147555;13071,0;4,635781047597137;;;;;;21461,949294431186;;;;25425,0;0,0;Gaskessel;Mittel;6511,555415930421;21461,949294431186;65,0;0;;;27968,0;;;Büro (Unternehmen);;;Unbekannt;;;Privatgebäude - Geringer Wärmebedarf;;False;10653,613517801063;False;;;;;False;False;;False;False;GHD, Verkehr & Sonstige;879,9399210716786;175,9879842143357;10,352234365549158;;greenventory
243695006;True;Offenburger Straße 21;Elgersweier;Offenburg;77656;Wohngebäude;Reihenhaus (1860 - 1918);Vor 1919;Stromnetz;168;21557,37438098803;17439,915874219318;3440,0;1,8080378513086734;;;;;;;;;6953,99173580259;7308,0;14324,592438504551;Elektrische Luftwärmepumpe;Mittel;12950,927734846511;6953,99173580259;90,0;1;;;8039,0;;;Wohngebäude;2;1;0-1;Reihenhaus;;Privatgebäude - Geringer Wärmebedarf;Wärmepumpe;False;0,0;False;;;;;False;False;;False;True;Privates Wohnen;4117,458506768714;0,0;11,976319100548904;B;greenventory
243695018;True;Offenburger Straße 25;Elgersweier;Offenburg;77656;Wohngebäude;Mehrfamilienhaus (1984 - 1994);1979 - 1990;Holzpellets;96;27509,48599779504;22255,17417221619;6175,0;0,5825538211297774;;;;32364,10117387652;;;;;;15548,0;12257,373211131973;Pelletheizung;Mittel;14891,698204592252;32364,10117387652;65,0;1;;;17103,0;;;Wohngebäude;5;4;2-8;Mehrfamilienhaus;;Privatgebäude - Geringer Wärmebedarf;;False;0,0;False;;;;;False;False;;False;True;Privates Wohnen;5254,311825578853;0,0;15,2830477765528;D;greenventory
243695019;True;Offenburger Straße 27;Elgersweier;Offenburg;77656;Wohngebäude;Mehrfamilienhaus (1984 - 1994);1991 - 2000;Erdgasnetz;96;44182,40098191835;35743,56239437195;11115,0;11,63829099035898;;;;;;53880,9768072175;;;;24314,0;0,0;Gaskessel;Mittel;23917,240090554402;53880,9768072175;55,0;0;;;26745,0;;;Wohngebäude;9;7;2-8;Mehrfamilienhaus;;Privatgebäude - Geringer Wärmebedarf;;False;0,0;False;;;;;False;False;;False;True;Privates Wohnen;8438,838587546405;0,0;24,545778323287973;D;greenventory
243695031;True;Robert-Koch-Straße 4;Elgersweier;Offenburg;77656;Wohngebäude;Ein-/Zweifamilienhaus (1995 - 2001);1991 - 2000;Erdgasnetz;98;21954,782154273922;17761,418762807603;4940,0;5,783210908930692;;;;;;26774,124578382834;;;;8428,0;11423,10589500015;Gaskessel;Mittel;8054,055674070129;26774,124578382834;55,0;1;;;9271,0;;;Wohngebäude;4;2;1-2;Einfamilienhaus;;Privatgebäude - Geringer Wärmebedarf;;False;0,0;False;;;;;False;False;;False;True;Privates Wohnen;4193,36339146632;0,0;12,197101196818846;D;greenventory
243695032;True;Robert-Koch-Straße 3;Elgersweier;Offenburg;77656;Wohngebäude;Ein-/Zweifamilienhaus (1949 - 1957);1949 - 1978;Stromnetz;166;20524,919962794746;16604,66024990095;3440,0;5,336479190326634;;;;;;;;;20524,919962794746;6899,0;54586,06946745559;Elektroheizung;Mittel;10817,745497564096;20524,919962794746;80,0;4;;;7589,0;;;Wohngebäude;2;1;0-1;Einfamilienhaus;;Privatgebäude - Geringer Wärmebedarf;Nachtspeicherheizung;False;0,0;False;;;;;False;False;;False;True;Privates Wohnen;3920,2597128937964;0,0;11,402733312663747;F;greenventory
243695033;True;Robert-Koch-Straße 4a;Elgersweier;Offenburg;77656;Wohngebäude;Ein-/Zweifamilienhaus (1995 - 2001);1991 - 2000;Erdgasnetz;98;22540,580610965586;18235,32971427116;4940,0;5,937518795083618;;;;;;27488,512940201937;;;;8653,0;0,0;Gaskessel;Mittel;8268,954339464566;27488,512940201937;55,0;0;;;9518,0;;;Wohngebäude;4;2;1-2;Einfamilienhaus;;Privatgebäude - Geringer Wärmebedarf;;False;0,0;False;;;;;False;False;;False;True;Privates Wohnen;4305,250896694427;0,0;12,52254478386977;D;greenventory
243695063;True;;Elgersweier;Offenburg;77656;Wohngebäude;Ein-/Zweifamilienhaus (vor 1860);Vor 1919;Kohle;253;7575,788095074701;6128,812568915434;2050,0;3,173413457603514;;;;;;;;;;0,0;0,0;Kohleofen;Hoch;5169,775700191805;8417,54232786078;90,0;0;;;0,0;;;Wohngebäude;1;1;0-1;Einfamilienhaus;;Privatgebäude - Geringer Wärmebedarf;;False;0,0;False;;;;;False;False;;False;False;Privates Wohnen;1446,975526159268;0,0;4,20877116393039;H;greenventory
243695069;True;Zum Großen Deich 10a/b;Elgersweier;Offenburg;77656;Wohngebäude;Mehrfamilienhaus (1995 - 2001);1991 - 2000;Erdgasnetz;84;32823,969674536726;26554,591466700214;8645,0;8,646313963048698;;;;;;40029,23131041064;;;;14612,0;79961,74126500107;Gaskessel;Mittel;16410,060874569856;40029,23131041064;55,0;7;;;16073,0;;;Wohngebäude;7;6;2-8;Mehrfamilienhaus;;Privatgebäude - Geringer Wärmebedarf;;False;0,0;False;;;;;False;False;;False;True;Privates Wohnen;6269,378207836515;0,0;18,235538708075957;D;greenventory
243695070;True;Zum Großen Deich 12;Elgersweier;Offenburg;77656;Wohngebäude;Mehrfamilienhaus (1958 - 1968);1949 - 1978;Erdgasnetz;126;34266,41587439662;27721,530442386866;6175,0;9,026275401060571;;;;;;41788,312041947094;;;;15085,0;37209,49190810417;Gaskessel;Mittel;21910,902076997896;41788,312041947094;65,0;3;;;16593,0;;;Wohngebäude;5;4;2-8;Mehrfamilienhaus;;Privatgebäude - Geringer Wärmebedarf;;False;0,0;False;;;;;False;False;;False;True;Privates Wohnen;6544,885432009754;0,0;19,036897707998122;E;greenventory
243695071;True;Zum Großen Deich 14a;Elgersweier;Offenburg;77656;Wohngebäude;Mehrfamilienhaus (1995 - 2001);1991 - 2000;Holzpellets;84;23864,277999986163;19306,200901988806;6175,0;0,5053611811761776;;;;28075,62117645431;;;;;;10623,0;0,0;Pelletheizung;Mittel;11930,7402057231;28075,62117645431;55,0;0;;;11686,0;;;Wohngebäude;5;4;2-8;Mehrfamilienhaus;;Privatgebäude - Geringer Wärmebedarf;;False;0,0;False;;;;;False;False;;False;True;Privates Wohnen;4558,077097997358;0,0;13,257932222214535;C;greenventory
243695072;True;Zum Großen Deich 14;Elgersweier;Offenburg;77656;Wohngebäude;Ein-/Zweifamilienhaus (1958 - 1968);1949 - 1978;Erdgasnetz;160;27372,58524003842;22144,421459191082;4050,0;7,210339526644267;;;;;;33381,201512241976;;;;9495,0;0,0;Gaskessel;Mittel;12488,133584177527;33381,201512241976;80,0;0;;;10444,0;;;Wohngebäude;3;1;0-1;Einfamilienhaus;;Privatgebäude - Geringer Wärmebedarf;;False;0,0;False;;;;;False;False;;False;True;Privates Wohnen;5228,163780847339;0,0;15,206991800021346;F;greenventory
243695073;True;Zum Großen Deich 16a;Elgersweier;Offenburg;77656;Wohngebäude;Mehrfamilienhaus (1984 - 1994);1991 - 2000;Erdgasnetz;96;24613,995520552893;19912,72237612729;6175,0;6,483686624926128;;;;;;30017,067707991337;;;;13545,0;0,0;Gaskessel;Mittel;13324,28359187223;30017,067707991337;55,0;0;;;14900,0;;;Wohngebäude;5;4;2-8;Mehrfamilienhaus;;Privatgebäude - Geringer Wärmebedarf;;False;0,0;False;;;;;False;False;;False;True;Privates Wohnen;4701,273144425602;0,0;13,674441955862719;D;greenventory
243695074;True;Zum Großen Deich 16;Elgersweier;Offenburg;77656;Wohngebäude;Ein-/Zweifamilienhaus (1995 - 2001);1991 - 2000;Nah-/Fernwärme;98;23206,034349119807;18773,681788437927;4940,0;6,354714427137788;;;;;;;;24427,40457802085;;12472,0;0,0;Fernwärme Übergabestation;Mittel;8513,074341109346;24427,40457802085;55,0;0;;;13719,0;;;Wohngebäude;4;2;1-2;Einfamilienhaus;;Privatgebäude - Geringer Wärmebedarf;;False;0,0;False;;;;;True;False;;False;True;Privates Wohnen;4432,352560681883;0,0;12,892241305066559;D;greenventory
243695075;True;Zum Großen Deich 6c;Elgersweier;Offenburg;77656;Wohngebäude;Ein-/Zweifamilienhaus (2010 - 2015);2011 - 2019;Heizöl;86;14578,330152563687;11793,869093424024;4050,0;4,729858227276218;;;;;;;16198,144613959652;;;8701,0;0,0;Ölkessel;Mittel;7297,5265766300545;16198,144613959652;35,0;0;;;9571,0;;;Wohngebäude;3;1;0-1;Einfamilienhaus;;Privatgebäude - Geringer Wärmebedarf;;False;0,0;False;;;;;False;False;;False;True;Privates Wohnen;2784,4610591396645;0,0;8,099072306979826;C;greenventory
243695076;True;Zum Großen Deich 8;Elgersweier;Offenburg;77656;Wohngebäude;Mehrfamilienhaus (1995 - 2001);1991 - 2000;Erdgasnetz;84;25340,1001133783;20500,140991723045;7410,0;6,674953200597211;;;;;;30902,561113875978;;;;15793,0;68538,6353700009;Gaskessel;Mittel;12668,564757748223;30902,561113875978;55,0;6;;;17372,0;;;Wohngebäude;6;4;2-8;Mehrfamilienhaus;;Privatgebäude - Geringer Wärmebedarf;;False;0,0;False;;;;;False;False;;False;True;Privates Wohnen;4839,959121655255;0,0;14,077833396321278;D;greenventory
243695077;True;Marienstraße 16;Elgersweier;Offenburg;77656;Wohngebäude;Ein-/Zweifamilienhaus (1984 - 1994);1991 - 2000;Erdgasnetz;114;15258,698644669035;12344,287203537251;4050,0;4,01936452103477;;;;;;18608,169078864677;;;;7046,0;34269,31768500045;Gaskessel;Mittel;6735,06213587948;18608,169078864677;55,0;3;;;7750,0;;;Wohngebäude;3;1;0-1;Einfamilienhaus;;Privatgebäude - Geringer Wärmebedarf;;False;0,0;False;;;;;False;False;;False;True;Privates Wohnen;2914,411441131786;0,0;8,477054802593909;E;greenventory
243695078;True;Marienstraße 18;Elgersweier;Offenburg;77656;Wohngebäude;Mehrfamilienhaus (1984 - 1994);1991 - 2000;Heizöl;96;23382,226344394665;18916,221112615283;6175,0;7,58623343618138;;;;;;;25980,251493771848;;;9191,0;0,0;Ölkessel;Mittel;12657,490514366607;25980,251493771848;55,0;0;;;10110,0;;;Wohngebäude;5;3;2-8;Mehrfamilienhaus;;Privatgebäude - Geringer Wärmebedarf;;False;0,0;False;;;;;False;False;;False;True;Privates Wohnen;4466,005231779381;0,0;12,990125746885925;D;greenventory
243695079;True;;Elgersweier;Offenburg;77656;Wohngebäude;Mehrfamilienhaus (1995 - 2001);1991 - 2000;Erdgasnetz;84;35518,223865833956;28734,24310745967;9880,0;9,356019945146505;;;;;;43314,90715345604;;;;15811,0;0,0;Gaskessel;Mittel;17757,030047681503;43314,90715345604;55,0;0;;;17393,0;;;Wohngebäude;8;6;2-8;Mehrfamilienhaus;;Privatgebäude - Geringer Wärmebedarf;;False;0,0;False;;;;;False;False;;False;False;Privates Wohnen;6783,980758374286;0,0;19,732346592129975;D;greenventory
243695080;True;Zum Großen Deich 13;Elgersweier;Offenburg;77656;Wohngebäude;Ein-/Zweifamilienhaus (1984 - 1994);1991 - 2000;Heizöl;114;16324,32445275122;13206,378482275737;4050,0;5,29633637800373;;;;;;;18138,13828083469;;;7538,0;0,0;Ölkessel;Mittel;7205,420467095213;18138,13828083469;55,0;0;;;8292,0;;;Wohngebäude;3;1;0-1;Einfamilienhaus;;Privatgebäude - Geringer Wärmebedarf;;False;0,0;False;;;;;False;False;;False;True;Privates Wohnen;3117,945970475483;0,0;9,069069140417344;D;greenventory
243695081;True;Zum Großen Deich 13a;Elgersweier;Offenburg;77656;Wohngebäude;Ein-/Zweifamilienhaus (vor 1860);Vor 1919;Heizöl;250;39073,73609908809;31610,65250416227;4050,0;12,67725660103747;;;;;;;43415,262332320104;;;8888,0;44037,73432422313;Ölkessel;Hoch;26664,216166777707;43415,262332320104;90,0;3;;;9777,0;;;Wohngebäude;3;1;0-1;Einfamilienhaus;;Privatgebäude - Geringer Wärmebedarf;;False;0,0;False;;;;;False;False;;False;True;Privates Wohnen;7463,083594925825;0,0;21,707631166160052;H;greenventory
243695082;True;Zum Großen Deich 15;Elgersweier;Offenburg;77656;Wohngebäude;Ein-/Zweifamilienhaus (1984 - 1994);1991 - 2000;Heizöl;114;18465,267211010854;14938,401173707782;4050,0;5,990953361794632;;;;;;;20516,963567789837;;;8527,0;11423,10589500015;Ölkessel;Mittel;8150,414718703791;20516,963567789837;55,0;1;;;9379,0;;;Wohngebäude;3;1;0-1;Einfamilienhaus;;Privatgebäude - Geringer Wärmebedarf;;False;0,0;False;;;;;False;False;;False;True;Privates Wohnen;3526,8660373030734;0,0;10,258481783894918;D;greenventory
243695083;True;Zum Großen Deich 19;Elgersweier;Offenburg;77656;Wohngebäude;Ein-/Zweifamilienhaus (1919 - 1948);1919 - 1948;Holzpellets;179;9306,964450991407;7529,334240852048;2050,0;0,19708865896217098;;;;10949,369942342832;;;;;;7319,0;13646,517366863898;Pelletheizung;Mittel;5762,517985499129;10949,369942342832;80,0;1;;;8051,0;;;Wohngebäude;1;1;0-1;Einfamilienhaus;;Privatgebäude - Geringer Wärmebedarf;;False;0,0;False;;;;;False;False;;False;True;Privates Wohnen;1777,6302101393587;0,0;5,170535806106337;G;greenventory
243695084;True;Zum Großen Deich 22;Elgersweier;Offenburg;77656;Wohngebäude;Mehrfamilienhaus (1995 - 2001);1991 - 2000;Heizöl;84;35006,992046380365;28320,656565521716;9880,0;11,357824086158963;;;;;;;38896,657829311516;;;15584,0;11831,799848856215;Ölkessel;Mittel;17501,44410358533;38896,657829311516;55,0;1;;;17142,0;;;Wohngebäude;8;6;2-8;Mehrfamilienhaus;;Privatgebäude - Geringer Wärmebedarf;;False;0,0;False;;;;;False;False;;False;True;Privates Wohnen;6686,33548085865;0,0;19,448328914655757;C;greenventory
243695085;True;Zum Großen Deich 18;Elgersweier;Offenburg;77656;Wohngebäude;Ein-/Zweifamilienhaus (nach 2015);2011 - 2019;Holzpellets;66;12449,060432256847;10071,28988969579;4940,0;0,2636271620948509;;;;14645,953449713938;;;;;;9751,0;0,0;Pelletheizung;Mittel;5032,339203048372;14645,953449713938;35,0;0;;;10726,0;;;Wohngebäude;4;2;1-2;Einfamilienhaus;;Privatgebäude - Geringer Wärmebedarf;;False;0,0;False;;;;;False;False;;False;True;Privates Wohnen;2377,770542561058;0,0;7,544885110458695;C;greenventory
243695086;False;;Elgersweier;Offenburg;77656;Lager;;;;0;0,0;0,0;2197,0;0,0;;;;;;;;;;11718,0;23250,812677108806;;;0,0;0,0;;2;;;12890,0;;;Lager;;;Unbekannt;;;Privatgebäude - Geringer Wärmebedarf;;False;8417,735315119186;False;;;;;False;False;;False;False;GHD, Verkehr & Sonstige;0,0;0,0;0,0;;greenventory
243695087;True;Zum Großen Deich 20;Elgersweier;Offenburg;77656;Wohngebäude;Mehrfamilienhaus (1984 - 1994);1991 - 2000;Heizöl;96;40466,072552062404;32737,052694618487;9880,0;13,128992428002467;;;;;;;44962,30283562489;;;22269,0;57115,529475000745;Ölkessel;Mittel;21905,481622548246;44962,30283562489;55,0;5;;;24496,0;;;Wohngebäude;8;6;2-8;Mehrfamilienhaus;;Privatgebäude - Geringer Wärmebedarf;;False;0,0;False;;;;;False;False;;False;True;Privates Wohnen;7729,019857443919;0,0;22,481151417812445;D;greenventory
243695088;True;Zum Großen Deich 20a;Elgersweier;Offenburg;77656;Wohngebäude;Ein-/Zweifamilienhaus (1919 - 1948);1919 - 1948;Erdgasnetz;179;23114,150339062686;18699,347624301714;3440,0;6,088605455167732;;;;;;28187,98821836913;;;;7271,0;0,0;Gaskessel;Mittel;14311,40171962203;28187,98821836913;80,0;0;;;7998,0;;;Wohngebäude;2;1;0-1;Einfamilienhaus;;Privatgebäude - Geringer Wärmebedarf;;False;0,0;False;;;;;False;False;;False;True;Privates Wohnen;4414,802714760973;0,0;12,841194632812604;G;greenventory
243695089;True;;Elgersweier;Offenburg;77656;Wohngebäude;Ein-/Zweifamilienhaus (1984 - 1994);1991 - 2000;Erdgasnetz;114;5234,567865854288;4234,76540347612;2050,0;1,378861779298203;;;;;;6383,619348602791;;;;6043,0;0,0;Gaskessel;Mittel;2310,4945350843427;6383,619348602791;55,0;0;;;6647,0;;;Wohngebäude;1;1;0-1;Einfamilienhaus;;Privatgebäude - Geringer Wärmebedarf;;False;0,0;False;;;;;False;False;;False;False;Privates Wohnen;999,8024623781691;0,0;2,908093258807938;E;greenventory
243695090;True;;Elgersweier;Offenburg;77656;Wohngebäude;Ein-/Zweifamilienhaus (1919 - 1948);1919 - 1948;Erdgasnetz;180;14948,451694093845;12093,297420521922;3440,0;3,937640934053989;;;;;;18229,819139138835;;;;7837,0;0,0;Gaskessel;Mittel;9255,512062625825;18229,819139138835;80,0;0;;;8621,0;;;Wohngebäude;2;1;0-1;Einfamilienhaus;;Privatgebäude - Geringer Wärmebedarf;;False;0,0;False;;;;;False;False;;False;False;Privates Wohnen;2855,1542735719245;0,0;8,304695385607692;G;greenventory
243695091;True;Zum Großen Deich 17;Elgersweier;Offenburg;77656;Wohngebäude;Ein-/Zweifamilienhaus (nach 2015);2011 - 2019;Heizöl;65;14735,86746276287;11921,316777375163;4940,0;4,780970332363064;;;;;;;16373,186069736521;;;11542,0;23115,0482497263;Ölkessel;Mittel;5956,745404788999;16373,186069736521;35,0;2;;;12697,0;;;Wohngebäude;4;2;1-2;Einfamilienhaus;;Privatgebäude - Geringer Wärmebedarf;;False;0,0;False;;;;;False;False;;False;True;Privates Wohnen;2814,550685387708;0,0;8,93082876531083;B;greenventory
243695092;True;Zum Großen Deich 22a;Elgersweier;Offenburg;77656;Büro und Verwaltung;;1919 - 1948;Erdgasnetz;64;38169,01260157869;35878,87184548396;28348,0;10,054276490171947;;;;;;46547,576343388646;;;;33552,0;0,0;Gaskessel;Mittel;14122,534662584116;46547,576343388646;65,0;0;;;36908,0;;;Büro (Unternehmen);;;Unbekannt;;;Privatgebäude - Geringer Wärmebedarf;;False;23106,004107533478;False;;;;;False;False;;False;True;GHD, Verkehr & Sonstige;1908,4506300789344;381,6901260157869;22,452360353869818;;greenventory
243695093;True;Zum Großen Deich 24;Elgersweier;Offenburg;77656;Wohngebäude;Mehrfamilienhaus (1979 - 1983);1979 - 1990;Erdgasnetz;109;78034,46160435473;63129,87943792298;16055,0;20,555419154317832;;;;;;95163,97756628627;;;;27680,0;0,0;Gaskessel;Mittel;46784,58109543985;95163,97756628627;65,0;0;;;30447,0;;;Wohngebäude;13;10;8-20;Mehrfamilienhaus;;Privatgebäude - Geringer Wärmebedarf;;False;0,0;False;;;;;False;False;;False;True;Privates Wohnen;14904,582166431754;0,0;43,35247866908596;E;greenventory
243695094;True;;Elgersweier;Offenburg;77656;Wohngebäude;Ein-/Zweifamilienhaus (1919 - 1948);1919 - 1948;Erdgasnetz;178;14421,491565494684;11666,9866764852;3440,0;3,7988319245693316;;;;;;17587,18483596913;;;;11341,0;25859,485473848355;Gaskessel;Mittel;8929,238417262311;17587,18483596913;80,0;2;;;12475,0;;;Wohngebäude;2;1;0-1;Einfamilienhaus;;Privatgebäude - Geringer Wärmebedarf;;False;0,0;False;;;;;False;False;;False;False;Privates Wohnen;2754,5048890094845;0,0;8,011939758608158;G;greenventory
243695095;True;;Elgersweier;Offenburg;77656;Wohngebäude;Ein-/Zweifamilienhaus (1984 - 1994);1979 - 1990;Heizöl;114;3776,771980909995;3055,408532556186;2050,0;1,2253526871396874;;;;;;;4196,413312122217;;;0,0;0,0;Ölkessel;Mittel;1667,0356074804818;4196,413312122217;65,0;0;;;0,0;;;Wohngebäude;1;1;0-1;Einfamilienhaus;;Privatgebäude - Geringer Wärmebedarf;;False;0,0;False;;;;;False;False;;False;False;Privates Wohnen;721,3634483538091;0,0;2,0982066560611083;D;greenventory
243695096;True;Zum Großen Deich 32;Elgersweier;Offenburg;77656;Wohngebäude;Mehrfamilienhaus (1919 - 1948);1919 - 1948;Erdgasnetz;132;57885,829178313616;46829,63580525572;9880,0;15,247974515263099;;;;;;70592,47460769954;;;;17580,0;98058,98568905579;Gaskessel;Mittel;33941,84742215948;70592,47460769954;65,0;8;;;19338,0;;;Wohngebäude;8;6;2-8;Mehrfamilienhaus;;Privatgebäude - Geringer Wärmebedarf;;False;0,0;False;;;;;False;False;;False;True;Privates Wohnen;11056,1933730579;0,0;32,15879398795201;F;greenventory
243695097;True;Marienstraße 9;Elgersweier;Offenburg;77656;Wohngebäude;Mehrfamilienhaus (nach 2015);2020 - 2022;Erdgasnetz;68;25239,13222543923;20418,45797038034;8645,0;6,648356781335212;;;;;;30779,429543218575;;;;13174,0;10605,124353271523;Gaskessel;Mittel;14331,85052051557;30779,429543218575;35,0;1;;;14492,0;;;Wohngebäude;7;5;2-8;Mehrfamilienhaus;;Privatgebäude - Geringer Wärmebedarf;;False;0,0;False;;;;;False;False;;False;True;Privates Wohnen;4820,674255058892;0,0;15,296443772993472;C;greenventory
243695098;True;Marienstraße 11;Elgersweier;Offenburg;77656;Wohngebäude;Mehrfamilienhaus (1979 - 1983);1979 - 1990;Erdgasnetz;109;41536,17926021312;33602,76902151242;8645,0;10,941237463665896;;;;;;50653,877146601364;;;;20627,0;12257,373211131973;Gaskessel;Mittel;24902,494449781963;50653,877146601364;65,0;1;;;22689,0;;;Wohngebäude;7;5;2-8;Mehrfamilienhaus;;Privatgebäude - Geringer Wärmebedarf;;False;0,0;False;;;;;False;False;;False;True;Privates Wohnen;7933,410238700705;0,0;23,075655144562845;E;greenventory
243695099;True;Zum Gifizsee 2;Elgersweier;Offenburg;77656;Wohngebäude;Mehrfamilienhaus (1979 - 1983);1979 - 1990;Heizöl;109;46887,0553692667;37931,62779373676;9880,0;15,21224463091764;;;;;;;52096,728188074114;;;16631,0;12257,373211131973;Ölkessel;Mittel;28110,544997050674;52096,728188074114;65,0;1;;;18294,0;;;Wohngebäude;8;6;2-8;Mehrfamilienhaus;;Privatgebäude - Geringer Wärmebedarf;;False;0,0;False;;;;;False;False;;False;True;Privates Wohnen;8955,42757552994;0,0;26,048364094037055;D;greenventory
243695100;True;;Elgersweier;Offenburg;77656;Wohngebäude;Ein-/Zweifamilienhaus (1969 - 1978);1949 - 1978;Erdgasnetz;144;15147,282015300294;12254,151150377938;3440,0;3,9900157503717852;;;;;;18472,295140610117;;;;5833,0;0,0;Gaskessel;Mittel;7697,156560997426;18472,295140610117;80,0;0;;;6417,0;;;Wohngebäude;2;1;0-1;Einfamilienhaus;;Privatgebäude - Geringer Wärmebedarf;;False;0,0;False;;;;;False;False;;False;False;Privates Wohnen;2893,130864922356;0,0;8,41515667516683;F;greenventory
243695101;True;Mühlweg 1;Elgersweier;Offenburg;77656;Wohngebäude;Mehrfamilienhaus (1984 - 1994);1979 - 1990;Erdgasnetz;96;28370,4592291468;22951,701516379762;7410,0;7,4731941384094025;;;;;;34598,12101115464;;;;11453,0;25583,7036489643;Gaskessel;Mittel;15357,768473028045;34598,12101115464;65,0;2;;;12599,0;;;Wohngebäude;6;4;2-8;Mehrfamilienhaus;;Privatgebäude - Geringer Wärmebedarf;;False;0,0;False;;;;;False;False;;False;True;Privates Wohnen;5418,757712767039;0,0;15,761366238414888;D;greenventory
243695102;True;Zum Großen Deich 21;Elgersweier;Offenburg;77656;Wohngebäude;Mehrfamilienhaus (1984 - 1994);1991 - 2000;Erdgasnetz;96;35798,004750819004;28960,585843412577;8645,0;9,429718324605982;;;;;;43656,10335465732;;;;14071,0;11831,799848856215;Gaskessel;Mittel;19378,518490621205;43656,10335465732;55,0;1;;;15479,0;;;Wohngebäude;7;5;2-8;Mehrfamilienhaus;;Privatgebäude - Geringer Wärmebedarf;;False;0,0;False;;;;;False;False;;False;True;Privates Wohnen;6837,41890740643;0,0;19,887780417121668;D;greenventory
243695103;False;;Elgersweier;Offenburg;77656;Lager;;;;0;0,0;0,0;1286,0;0,0;;;;;;;;;;6857,0;0,0;;;0,0;0,0;;0;;;7543,0;;;Lager;;;Unbekannt;;;Privatgebäude - Geringer Wärmebedarf;;False;4926,012913256735;False;;;;;False;False;;False;False;GHD, Verkehr & Sonstige;0,0;0,0;0,0;;greenventory
243695104;True;Zum Gifizsee 4;Elgersweier;Offenburg;77656;Wohngebäude;Mehrfamilienhaus (1979 - 1983);1979 - 1990;Stromnetz;109;39555,2356892379;32000,185672593467;8645,0;3,3175358965167274;;;;;;;;;12759,753448141259;14031,0;0,0;Elektrische Luftwärmepumpe;Mittel;23714,844618715426;12759,753448141259;65,0;0;;;15434,0;;;Wohngebäude;7;5;2-8;Mehrfamilienhaus;;Privatgebäude - Geringer Wärmebedarf;Wärmepumpe;False;0,0;False;;;;;False;False;;False;True;Privates Wohnen;7555,05001664444;0,0;21,9751309384655;A;greenventory
243695105;True;Seilersgarten 3;Elgersweier;Offenburg;77656;Wohngebäude;Mehrfamilienhaus (1995 - 2001);1991 - 2000;Erdgasnetz;85;20971,733250127723;16966,132199353327;6175,0;5,524261441497059;;;;;;25575,284451375275;;;;13070,0;11831,799848856215;Gaskessel;Mittel;10484,637376045648;25575,284451375275;55,0;1;;;14377,0;;;Wohngebäude;5;4;2-8;Mehrfamilienhaus;;Privatgebäude - Geringer Wärmebedarf;;False;0,0;False;;;;;False;False;;False;True;Privates Wohnen;4005,6010507743954;0,0;11,650962916737624;D;greenventory
243695106;True;Zum Großen Deich 25;Elgersweier;Offenburg;77656;Wohngebäude;Ein-/Zweifamilienhaus (nach 2015);2011 - 2019;Erdgasnetz;65;12486,958229678805;10101,949207810154;4940,0;3,2892475336714906;;;;;;15227,997841071714;;;;9781,0;0,0;Gaskessel;Mittel;5047,65879866874;15227,997841071714;35,0;0;;;10759,0;;;Wohngebäude;4;2;1-2;Einfamilienhaus;;Privatgebäude - Geringer Wärmebedarf;;False;0,0;False;;;;;False;False;;False;True;Privates Wohnen;2385,009021868652;0,0;7,567853472532609;C;greenventory
243695107;True;Zum Großen Deich 26;Elgersweier;Offenburg;77656;Wohngebäude;Mehrfamilienhaus (1984 - 1994);1979 - 1990;Nah-/Fernwärme;96;67620,9050499438;54705,31218540454;16055,0;18,51723282109556;;;;;;;;71179,90005257243;;27299,0;11030,306651922394;Fernwärme Übergabestation;Mittel;36605,195400810626;71179,90005257243;65,0;1;;;30029,0;;;Wohngebäude;13;10;8-20;Mehrfamilienhaus;;Privatgebäude - Geringer Wärmebedarf;;False;0,0;False;;;;;True;False;;False;True;Privates Wohnen;12915,592864539267;0,0;37,567169472191004;D;greenventory
243695108;True;Zum Großen Deich 27;Elgersweier;Offenburg;77656;Wohngebäude;Ein-/Zweifamilienhaus (1919 - 1948);1919 - 1948;Heizöl;179;42002,263789210774;33979,831405471516;4940,0;13,627401140499497;;;;;;;46669,18198801197;;;13212,0;26327,042320404078;Ölkessel;Mittel;26006,202322092584;46669,18198801197;80,0;2;;;14534,0;;;Wohngebäude;4;2;1-2;Einfamilienhaus;;Privatgebäude - Geringer Wärmebedarf;;False;0,0;False;;;;;False;False;;False;True;Privates Wohnen;8022,432383739258;0,0;23,334590994005985;F;greenventory
243695109;True;Zum Großen Deich 29;Elgersweier;Offenburg;77656;Wohngebäude;Mehrfamilienhaus (1919 - 1948);1919 - 1948;Erdgasnetz;133;32787,712813440805;26525,259666073613;6175,0;8,63676337524782;;;;;;39985,015626147324;;;;9958,0;0,0;Gaskessel;Mittel;19225,353794401883;39985,015626147324;65,0;0;;;10954,0;;;Wohngebäude;5;4;2-8;Mehrfamilienhaus;;Privatgebäude - Geringer Wärmebedarf;;False;0,0;False;;;;;False;False;;False;True;Privates Wohnen;6262,453147367194;0,0;18,215396007467113;F;greenventory
243695110;True;Zum Großen Deich 34;Elgersweier;Offenburg;77656;Wohngebäude;Mehrfamilienhaus (1958 - 1968);1949 - 1978;Erdgasnetz;126;93741,19948280972;75836,63038159307;17290,0;24,69280376620354;;;;;;114318,53595464601;;;;29476,0;0,0;Gaskessel;Mittel;59940,73760083136;114318,53595464601;65,0;0;;;32424,0;;;Wohngebäude;14;11;8-20;Mehrfamilienhaus;;Privatgebäude - Geringer Wärmebedarf;;False;0,0;False;;;;;False;False;;False;True;Privates Wohnen;17904,569101216657;0,0;52,078444157116515;E;greenventory
243695111;True;Zum Großen Deich 32a;Elgersweier;Offenburg;77656;Wohngebäude;Ein-/Zweifamilienhaus (1919 - 1948);1919 - 1948;Erdgasnetz;179;31875,68629088384;25787,43020932503;4050,0;8,39652224247672;;;;;;38872,78815961444;;;;10027,0;0,0;Gaskessel;Mittel;19736,211147962378;38872,78815961444;80,0;0;;;11030,0;;;Wohngebäude;3;1;0-1;Einfamilienhaus;;Privatgebäude - Geringer Wärmebedarf;;False;0,0;False;;;;;False;False;;False;True;Privates Wohnen;6088,256081558814;0,0;17,708714606046577;G;greenventory
243695112;True;Zum Großen Deich 32b;Elgersweier;Offenburg;77656;Wohngebäude;Ein-/Zweifamilienhaus (1919 - 1948);1919 - 1948;Heizöl;179;30474,281466841698;24653,693706674934;4050,0;9,887211320353083;;;;;;;33860,31274093522;;;9586,0;0,0;Ölkessel;Mittel;18868,514645409618;33860,31274093522;80,0;0;;;10545,0;;;Wohngebäude;3;1;0-1;Einfamilienhaus;;Privatgebäude - Geringer Wärmebedarf;;False;0,0;False;;;;;False;False;;False;True;Privates Wohnen;5820,587760166764;0,0;16,93015637046761;F;greenventory
243695113;True;Zum Großen Deich 34a;Elgersweier;Offenburg;77656;Wohngebäude;Mehrfamilienhaus (1958 - 1968);1949 - 1978;Heizöl;126;34450,33597369068;27870,32180271576;6175,0;11,177220115908531;;;;;;;38278,15108187853;;;15166,0;0,0;Ölkessel;Mittel;22028,505718429067;38278,15108187853;65,0;0;;;16682,0;;;Wohngebäude;5;4;2-8;Mehrfamilienhaus;;Privatgebäude - Geringer Wärmebedarf;;False;0,0;False;;;;;False;False;;False;True;Privates Wohnen;6580,01417097492;0,0;19,139075540939267;E;greenventory
243695114;True;Zum Großen Deich 34b;Elgersweier;Offenburg;77656;Wohngebäude;Mehrfamilienhaus (1984 - 1994);1991 - 2000;Nah-/Fernwärme;96;25024,255731297868;20244,622886619978;6175,0;6,852614131810747;;;;;;;;26341,32182241881;;13771,0;0,0;Fernwärme Übergabestation;Mittel;13546,36957502205;26341,32182241881;55,0;0;;;15148,0;;;Wohngebäude;5;4;2-8;Mehrfamilienhaus;;Privatgebäude - Geringer Wärmebedarf;;False;0,0;False;;;;;True;False;;False;True;Privates Wohnen;4779,6328446778925;0,0;13,902364295165482;D;greenventory
243695115;True;Mühlweg 2;Elgersweier;Offenburg;77656;Wohngebäude;Ein-/Zweifamilienhaus (1984 - 1994);1979 - 1990;Stromnetz;114;18128,81990621485;14666,215304127814;4050,0;4,713493175615861;;;;;;;;;18128,81990621485;8597,0;0,0;Elektroheizung;Mittel;8001,909688489963;18128,81990621485;65,0;0;;;9457,0;;;Wohngebäude;3;1;0-1;Einfamilienhaus;;Privatgebäude - Geringer Wärmebedarf;Nachtspeicherheizung;False;0,0;False;;;;;False;False;;False;True;Privates Wohnen;3462,6046020870363;0,0;10,071566614563805;D;greenventory
243695116;True;Zum Großen Deich 31;Elgersweier;Offenburg;77656;Wohngebäude;Mehrfamilienhaus (1919 - 1948);1919 - 1948;Erdgasnetz;132;36007,747190253576;29130,267476915145;6175,0;9,484967552554602;;;;;;43911,886817382416;;;;15310,0;0,0;Gaskessel;Mittel;21113,448291160574;43911,886817382416;65,0;0;;;16841,0;;;Wohngebäude;5;4;2-8;Mehrfamilienhaus;;Privatgebäude - Geringer Wärmebedarf;;False;0,0;False;;;;;False;False;;False;True;Privates Wohnen;6877,479713338434;0,0;20,00430399458532;F;greenventory
243695117;True;Seilersgarten 5;Elgersweier;Offenburg;77656;Wohngebäude;Mehrfamilienhaus (1979 - 1983);1979 - 1990;Heizöl;109;37469,63681627947;30312,93618437009;7410,0;12,156815500392893;;;;;;;41632,929795866075;;;13291,0;36772,119633395916;Ölkessel;Mittel;22464,450016146184;41632,929795866075;65,0;3;;;14620,0;;;Wohngebäude;6;5;2-8;Mehrfamilienhaus;;Privatgebäude - Geringer Wärmebedarf;;False;0,0;False;;;;;False;False;;False;True;Privates Wohnen;7156,700631909379;0,0;20,816464897933038;D;greenventory
243695118;True;Seilersgarten 21566187;Elgersweier;Offenburg;77656;Wohngebäude;Ein-/Zweifamilienhaus (1919 - 1948);1919 - 1948;Erdgasnetz;179;8768,96218390196;7094,090406776686;2050,0;2,309872965515638;;;;;;10693,85632183166;;;;6896,0;0,0;Gaskessel;Mittel;5429,407468459172;10693,85632183166;80,0;0;;;7586,0;;;Wohngebäude;1;1;0-1;Einfamilienhaus;;Privatgebäude - Geringer Wärmebedarf;;False;0,0;False;;;;;False;False;;False;True;Privates Wohnen;1674,8717771252743;0,0;4,871645657723311;G;greenventory
243695119;True;;Elgersweier;Offenburg;77656;Wohngebäude;Ein-/Zweifamilienhaus (1958 - 1968);1949 - 1978;Heizöl;160;34398,496157138965;27828,383391125426;4940,0;11,16040097542731;;;;;;;38220,55128570996;;;11932,0;0,0;Ölkessel;Mittel;15693,549269757095;38220,55128570996;80,0;0;;;13125,0;;;Wohngebäude;4;2;1-2;Einfamilienhaus;;Privatgebäude - Geringer Wärmebedarf;;False;0,0;False;;;;;False;False;;False;False;Privates Wohnen;6570,112766013543;0,0;19,11027564285498;F;greenventory
243695120;True;Zum Großen Deich 44a;Elgersweier;Offenburg;77656;Wohngebäude;Ein-/Zweifamilienhaus (1958 - 1968);1949 - 1978;Heizöl;160;33529,4367383066;27125,31432129004;4940,0;10,87843947509503;;;;;;;37254,92970922955;;;11631,0;0,0;Ölkessel;Mittel;15297,06022716964;37254,92970922955;80,0;0;;;12794,0;;;Wohngebäude;4;2;1-2;Einfamilienhaus;;Privatgebäude - Geringer Wärmebedarf;;False;0,0;False;;;;;False;False;;False;True;Privates Wohnen;6404,122417016561;0,0;18,627464854614775;F;greenventory
243695121;True;Anselmentstraße 20;Elgersweier;Offenburg;77656;Wohngebäude;Mehrfamilienhaus (1958 - 1968);1949 - 1978;Heizöl;126;35251,64286675987;28518,579079208735;6175,0;11,437199685659868;;;;;;;39168,49207417763;;;15518,0;0,0;Ölkessel;Mittel;22540,883696097313;39168,49207417763;65,0;0;;;17070,0;;;Wohngebäude;5;4;2-8;Mehrfamilienhaus;;Privatgebäude - Geringer Wärmebedarf;;False;0,0;False;;;;;False;False;;False;True;Privates Wohnen;6733,063787551135;0,0;19,584246037088814;E;greenventory
243695122;True;Zum Großen Deich 33;Elgersweier;Offenburg;77656;Wohngebäude;Ein-/Zweifamilienhaus (1995 - 2001);1991 - 2000;Nah-/Fernwärme;98;22378,036204185948;18103,831289186433;4940,0;6,127976343495586;;;;;;;;23555,82758335363;;12027,0;0,0;Fernwärme Übergabestation;Mittel;8209,325339617848;23555,82758335363;55,0;0;;;13230,0;;;Wohngebäude;4;2;1-2;Einfamilienhaus;;Privatgebäude - Geringer Wärmebedarf;;False;0,0;False;;;;;True;False;;False;True;Privates Wohnen;4274,204914999516;0,0;12,43224233565886;D;greenventory
243695123;True;Anselmentstraße 24;Elgersweier;Offenburg;77656;Wohngebäude;Ein-/Zweifamilienhaus (1949 - 1957);1949 - 1978;Stromnetz;165;26761,124435024907;21649,74966793515;4050,0;2,244481404227895;;;;;;;;;8632,620785491905;8995,0;0,0;Elektrische Luftwärmepumpe;Mittel;14104,563325533403;8632,620785491905;80,0;0;;;9895,0;;;Wohngebäude;3;1;0-1;Einfamilienhaus;;Privatgebäude - Geringer Wärmebedarf;Wärmepumpe;False;0,0;False;;;;;False;False;;False;True;Privates Wohnen;5111,374767089757;0,0;14,867291352791614;B;greenventory
243695124;True;Zum Großen Deich 35;Elgersweier;Offenburg;77656;Wohngebäude;Ein-/Zweifamilienhaus (1995 - 2001);1991 - 2000;Nah-/Fernwärme;98;17674,495024085856;14298,666474485459;4050,0;4,839963900432368;;;;;;;;18604,7316043009;;9499,0;0,0;Fernwärme Übergabestation;Mittel;6483,843289119201;18604,7316043009;55,0;0;;;10449,0;;;Wohngebäude;3;2;1-2;Einfamilienhaus;;Privatgebäude - Geringer Wärmebedarf;;False;0,0;False;;;;;True;False;;False;True;Privates Wohnen;3375,8285496003987;0,0;9,81916390226992;D;greenventory
243695125;True;Anselmentstraße 21;Elgersweier;Offenburg;77656;Wohngebäude;Ein-/Zweifamilienhaus (1949 - 1957);1949 - 1978;Stromnetz;165;26810,400023938568;21689,613619366304;4050,0;2,2486141955561383;;;;;;;;;8648,516136754377;15020,0;0,0;Elektrische Luftwärmepumpe;Mittel;14130,534232171618;8648,516136754377;80,0;0;;;16522,0;;;Wohngebäude;3;1;0-1;Einfamilienhaus;;Privatgebäude - Geringer Wärmebedarf;Wärmepumpe;False;0,0;False;;;;;False;False;;False;True;Privates Wohnen;5120,786404572266;0,0;14,894666679965871;B;greenventory
243695126;True;Zum Großen Deich 37;Elgersweier;Offenburg;77656;Wohngebäude;Ein-/Zweifamilienhaus (2010 - 2015);2001 - 2010;Stromnetz;86;13248,318837195933;10717,88993929151;4050,0;1,1111493218293362;;;;;;;;;4273,651237805139;8010,0;0,0;Elektrische Luftwärmepumpe;Mittel;6631,758081916135;4273,651237805139;55,0;0;;;8811,0;;;Wohngebäude;3;1;0-1;Einfamilienhaus;;Privatgebäude - Geringer Wärmebedarf;Wärmepumpe;False;0,0;False;;;;;False;False;;False;True;Privates Wohnen;2530,428897904423;0,0;7,360177131775519;A+;greenventory
243695127;True;Zum Großen Deich 38;Elgersweier;Offenburg;77656;Wohngebäude;Mehrfamilienhaus (1958 - 1968);1949 - 1978;Erdgasnetz;126;47837,44266859474;38700,491118893144;8645,0;12,601082459044468;;;;;;58338,34471779846;;;;21059,0;0,0;Gaskessel;Mittel;30588,595135470583;58338,34471779846;65,0;0;;;23165,0;;;Wohngebäude;7;5;2-8;Mehrfamilienhaus;;Privatgebäude - Geringer Wärmebedarf;;False;0,0;False;;;;;False;False;;False;True;Privates Wohnen;9136,951549701596;0,0;26,57635703810819;E;greenventory
243695128;True;Zum Großen Deich 40a;Elgersweier;Offenburg;77656;Wohngebäude;Apartmentblock (1969 - 1978);1949 - 1978;Nah-/Fernwärme;93;129408,54331780899;104691,51154410747;32110,0;35,43709040695088;;;;;;;;136219,5192819042;;55144,0;0,0;Fernwärme Übergabestation;Mittel;47881,16102758932;136219,5192819042;65,0;0;;;60659,0;;;Kommune;26;21;20-40;Appartementblock;;Privatgebäude - Mittlerer Wärmebedarf;;False;0,0;False;;;;;True;False;;False;True;GHD, Verkehr & Sonstige;24717,031773701518;0,0;71,89363517656055;;greenventory
243695129;True;Zum Großen Deich 42;Elgersweier;Offenburg;77656;Wohngebäude;Mehrfamilienhaus (1969 - 1978);1949 - 1978;Heizöl;118;30857,362830758288;24963,606530083456;6175,0;10,011499940646022;;;;;;;34285,958700842544;;;14533,0;0,0;Ölkessel;Mittel;18057,584329913745;34285,958700842544;65,0;0;;;15986,0;;;Wohngebäude;5;4;2-8;Mehrfamilienhaus;;Privatgebäude - Geringer Wärmebedarf;;False;0,0;False;;;;;False;False;;False;True;Privates Wohnen;5893,756300674833;0,0;17,14297935042127;E;greenventory
243695130;True;Zum Großen Deich 42a;Elgersweier;Offenburg;77656;Wohngebäude;Ein-/Zweifamilienhaus (1919 - 1948);1919 - 1948;Erdgasnetz;179;29572,600312606643;23924,233652898776;4050,0;7,789855692101263;;;;;;36064,14672269103;;;;6645,0;0,0;Gaskessel;Mittel;18310,22801008121;36064,14672269103;80,0;0;;;7309,0;;;Wohngebäude;3;1;0-1;Einfamilienhaus;;Privatgebäude - Geringer Wärmebedarf;;False;0,0;False;;;;;False;False;;False;True;Privates Wohnen;5648,366659707869;0,0;16,42922239589258;G;greenventory
243695131;True;Zum Großen Deich 44;Elgersweier;Offenburg;77656;Wohngebäude;Mehrfamilienhaus (1919 - 1948);1919 - 1948;Heizöl;133;37783,06943497512;30566,503172894874;6175,0;12,258506972236372;;;;;;;41981,188261083465;;;11475,0;0,0;Ölkessel;Mittel;22154,423562843807;41981,188261083465;65,0;0;;;12623,0;;;Wohngebäude;5;4;2-8;Mehrfamilienhaus;;Privatgebäude - Geringer Wärmebedarf;;False;0,0;False;;;;;False;False;;False;True;Privates Wohnen;7216,566262080249;0,0;20,990594130541734;E;greenventory
243695132;True;Zum Großen Deich 39;Elgersweier;Offenburg;77656;Wohngebäude;Ein-/Zweifamilienhaus (1919 - 1948);1919 - 1948;Heizöl;179;27677,33872419108;22390,967027870585;4050,0;8,979758786070883;;;;;;;30752,59858243453;;;8706,0;0,0;Ölkessel;Mittel;17136,754204741064;30752,59858243453;80,0;0;;;9577,0;;;Wohngebäude;3;1;0-1;Einfamilienhaus;;Privatgebäude - Geringer Wärmebedarf;;False;0,0;False;;;;;False;False;;False;True;Privates Wohnen;5286,371696320496;0,0;15,376299291217267;F;greenventory
243695133;True;Zum Großen Deich 36;Elgersweier;Offenburg;77656;Wohngebäude;Ein-/Zweifamilienhaus (2002 - 2009);2001 - 2010;Erdgasnetz;86;12358,801498263354;9998,270412095055;4050,0;3,2554891751522987;;;;;;15071,709144223603;;;;7493,0;0,0;Gaskessel;Mittel;4300,643670948899;15071,709144223603;55,0;0;;;8242,0;;;Wohngebäude;3;1;0-1;Einfamilienhaus;;Privatgebäude - Geringer Wärmebedarf;;False;0,0;False;;;;;False;False;;False;True;Privates Wohnen;2360,5310861683006;0,0;6,86600083236853;D;greenventory
243695134;True;Zum Großen Deich 36a;Elgersweier;Offenburg;77656;Wohngebäude;Ein-/Zweifamilienhaus (1995 - 2001);1991 - 2000;Heizöl;98;16799,59530129788;13590,872598749986;4050,0;5,45053536442109;;;;;;;18666,217001442088;;;9029,0;0,0;Ölkessel;Mittel;6162,888563763789;18666,217001442088;55,0;0;;;9932,0;;;Wohngebäude;3;1;0-1;Einfamilienhaus;;Privatgebäude - Geringer Wärmebedarf;;False;0,0;False;;;;;False;False;;False;True;Privates Wohnen;3208,722702547895;0,0;9,333108500721044;D;greenventory
243695135;True;Zum Großen Deich 36b;Elgersweier;Offenburg;77656;Wohngebäude;Ein-/Zweifamilienhaus (1995 - 2001);1991 - 2000;Nah-/Fernwärme;98;19852,38135137038;16060,576513258638;4940,0;5,436353850410445;;;;;;;;20897,243527758295;;10669,0;0,0;Fernwärme Übergabestation;Mittel;7282,795317360165;20897,243527758295;55,0;0;;;11736,0;;;Wohngebäude;4;2;1-2;Einfamilienhaus;;Privatgebäude - Geringer Wärmebedarf;;False;0,0;False;;;;;True;False;;False;True;Privates Wohnen;3791,8048381117424;0,0;11,029100750761321;D;greenventory
243695138;True;Zum Großen Deich 40;Elgersweier;Offenburg;77656;Büro und Verwaltung;;2001 - 2010;Erdgasnetz;64;44324,62336186301;41665,145960151225;32920,0;11,675754446539523;;;;;;54054,41873397928;;;;59879,0;0,0;Gaskessel;Mittel;16400,11064388931;54054,41873397928;55,0;0;;;65867,0;;;Büro (Unternehmen);;;Unbekannt;;;Privatgebäude - Geringer Wärmebedarf;;False;26832,366353163696;False;;;;;False;False;;False;True;GHD, Verkehr & Sonstige;2216,2311680931502;443,2462336186301;26,073307859919417;;greenventory
243695143;True;Zum Großen Deich 46;Elgersweier;Offenburg;77656;Wohngebäude;Mehrfamilienhaus (1919 - 1948);1919 - 1948;Heizöl;132;39445,671021708105;31911,547856561858;7410,0;12,797928820376407;;;;;;;43828,52335745345;;;16772,0;0,0;Ölkessel;Mittel;23129,304119653258;43828,52335745345;65,0;0;;;18449,0;;;Wohngebäude;6;4;2-8;Mehrfamilienhaus;;Privatgebäude - Geringer Wärmebedarf;;False;0,0;False;;;;;False;False;;False;True;Privates Wohnen;7534,1231651462485;0,0;21,914261678726724;E;greenventory
243695144;True;Zum Großen Deich 21776439;Elgersweier;Offenburg;77656;Büro und Verwaltung;;1919 - 1948;Erdgasnetz;64;5322,915398325907;5003,540474426352;3953,0;1,4021338122419464;;;;;;6491,3602418608625;;;;7798,0;0,0;Gaskessel;Mittel;1969,4786973805858;6491,3602418608625;65,0;0;;;8578,0;;;Büro (Unternehmen);;;Unbekannt;;;Privatgebäude - Geringer Wärmebedarf;;False;3222,2815492136842;False;;;;;False;False;;False;True;GHD, Verkehr & Sonstige;266,14576991629536;53,22915398325907;3,131126704897592;;greenventory
243695145;False;Zum Großen Deich 21716453;Elgersweier;Offenburg;77656;Lager;;;;0;0,0;0,0;3604,0;0,0;;;;;;;;;;13728,0;0,0;;;0,0;0,0;;0;;;15100,0;;;Lager;;;Unbekannt;;;Privatgebäude - Geringer Wärmebedarf;;False;13806,13171746789;False;;;;;False;False;;False;True;GHD, Verkehr & Sonstige;0,0;0,0;0,0;;greenventory
243695163;True;Carl-Zeiss-Straße 10;Elgersweier;Offenburg;77656;Mehrfachnutzung;;1949 - 1978;Erdgasnetz;145;40119,96824629128;32457,05431124965;0,0;10,568186757559655;;;;;;48926,79054425767;;;;15394,0;89492,7928989763;Gaskessel;Mittel;14844,388251127773;48926,79054425767;60,0;8;;;16933,0;;;Wohn- und Bürogebäude;;;Unbekannt;;;Privatgebäude - Geringer Wärmebedarf;;False;0,0;False;;;;;False;False;;False;True;GHD, Verkehr & Sonstige;7662,913935041635;0,0;22,2888712479396;;greenventory
243695169;False;Carl-Zeiss-Straße 8205280;Elgersweier;Offenburg;77656;Lager;;;;0;0,0;0,0;5692,0;0,0;;;;;;;;;;50594,0;24016,600748231547;;;0,0;0,0;;2;;;55654,0;;;Lager;;;Unbekannt;;;Privatgebäude - Geringer Wärmebedarf;;False;21807,15883722332;False;;;;;False;False;;False;True;GHD, Verkehr & Sonstige;0,0;0,0;0,0;;greenventory
243695170;True;;Elgersweier;Offenburg;77656;Büro und Verwaltung;;1979 - 1990;Erdgasnetz;64;348061,4697820177;327177,78159509663;258507,0;91,68448472306808;;;;;;424465,20705124113;;;;209684,0;509914,4821203468;Gaskessel;Mittel;128782,74381934654;424465,20705124113;65,0;44;;;230653,0;;;Büro (Unternehmen);;;Unbekannt;;;Privatgebäude - Hoher Wärmebedarf;;False;210702,58836417497;False;;;;;False;False;;False;False;GHD, Verkehr & Sonstige;17403,073489100887;3480,614697820177;204,7420410482457;;greenventory
243695171;True;Carl-Zeiss-Straße 12a;Elgersweier;Offenburg;77656;Mehrfachnutzung;;1919 - 1948;Erdgasnetz;145;37083,697621222105;30000,711375568684;0,0;9,768388641687773;;;;;;45224,02148929525;;;;24049,0;0,0;Gaskessel;Mittel;13720,96811985218;45224,02148929525;60,0;0;;;26454,0;;;Wohn- und Bürogebäude;;;Unbekannt;;;Privatgebäude - Geringer Wärmebedarf;;False;0,0;False;;;;;False;False;;False;True;GHD, Verkehr & Sonstige;7082,986245653422;0,0;20,602054234012282;;greenventory
243695172;True;Carl-Zeiss-Straße 12a;Elgersweier;Offenburg;77656;Büro und Verwaltung;;1979 - 1990;Erdgasnetz;64;51593,67536978177;48498,05484759486;38319,0;13,590529121796173;;;;;;62919,11630461192;;;;72524,0;56928,63138586454;Gaskessel;Mittel;19089,65988681926;62919,11630461192;65,0;5;;;79777,0;;;Büro (Unternehmen);;;Unbekannt;;;Privatgebäude - Geringer Wärmebedarf;;False;31232,761702817006;False;;;;;False;False;;False;False;GHD, Verkehr & Sonstige;2579,683768489089;515,9367536978177;30,349220805753983;;greenventory
243695173;True;;Elgersweier;Offenburg;77656;Verarbeitendes Gewerbe;;;Erdgasnetz;50;49833,16357151644;13953,285800024603;14575,0;13,126784550545795;;;;;;60772,15069697127;;;;88134,0;335597,9733711611;Gaskessel;Niedrig;14451,617435739769;60772,15069697127;60,0;30;;;96947,0;;;Verarbeitendes Gewerbe (allgemein);;;Unbekannt;;;Privatgebäude - Geringer Wärmebedarf;;False;3587,3618227240854;False;;;;;False;False;;False;False;Industrie & Produktion;1494,994907145493;34384,88286434634;27,685090873064688;;greenventory
243695174;True;Carl-Zeiss-Straße 5;Elgersweier;Offenburg;77656;Verarbeitendes Gewerbe;;;Erdgasnetz;50;751995,4412727188;210558,7235563613;219943,0;198,08660404256986;;;;;;917067,6113081938;;;;797979,0;425090,7662701374;Gaskessel;Niedrig;218078,67796908855;917067,6113081938;60,0;38;;;877777,0;;;Verarbeitendes Gewerbe (allgemein);;;Unbekannt;;;Privatgebäude - Mittlerer Wärmebedarf;;False;54134,225956030605;False;;;;;False;False;;False;True;Industrie & Produktion;22559,863238181562;518876,8544781759;417,7752451515105;;greenventory
243695175;True;Carl-Zeiss-Straße 11;Elgersweier;Offenburg;77656;Büro und Verwaltung;;Vor 1919;Erdgasnetz;64;1269442,303997786;1193275,7657579188;942822,0;334,38968007746564;;;;;;1548100,3707290075;;;;1131839,0;49782,800928851706;Gaskessel;Mittel;469693,65247918095;1548100,3707290075;75,0;4;;;1245023,0;;;Büro (Unternehmen);;;Unbekannt;;;Privatgebäude - Hoher Wärmebedarf;;False;768469,9469861694;False;;;;;False;False;;False;True;GHD, Verkehr & Sonstige;63472,115199889304;12694,42303997786;746,7307670575212;;greenventory
243695176;False;Carl-Zeiss-Straße 12;Elgersweier;Offenburg;77656;Lager;;;;0;0,0;0,0;9470,0;0,0;;;;;;;;;;84175,0;34766,896508205464;;;0,0;0,0;;3;;;92593,0;;;Lager;;;Unbekannt;;;Privatgebäude - Geringer Wärmebedarf;;False;36281,34719225721;False;;;;;False;False;;False;False;GHD, Verkehr & Sonstige;0,0;0,0;0,0;;greenventory
243695177;True;;Elgersweier;Offenburg;77656;Büro und Verwaltung;;1919 - 1948;Erdgasnetz;64;21396,898460836615;20113,084553186418;15892,0;5,636256179927694;;;;;;26093,77861077636;;;;47022,0;0,0;Gaskessel;Mittel;7916,852430509547;26093,77861077636;65,0;0;;;51724,0;;;Büro (Unternehmen);;;Unbekannt;;;Privatgebäude - Geringer Wärmebedarf;;False;12952,83241631771;False;;;;;False;False;;False;False;GHD, Verkehr & Sonstige;1069,8449230418307;213,96898460836616;12,586410859315656;;greenventory
243695178;True;Carl-Zeiss-Straße 6;Elgersweier;Offenburg;77656;Büro und Verwaltung;;1949 - 1978;Erdgasnetz;64;619805,0540135879;582616,7507727726;460333,0;163,26572154504265;;;;;;755859,8219677901;;;;537270,0;92711,72402188124;Gaskessel;Mittel;229327,86998502753;755859,8219677901;65,0;8;;;590997,0;;;Büro (Unternehmen);;;Unbekannt;;;Privatgebäude - Hoher Wärmebedarf;;False;375205,360259061;False;;;;;False;False;;False;True;GHD, Verkehr & Sonstige;30990,252700679397;6198,050540135879;364,591208243287;;greenventory
243695179;True;Carl-Zeiss-Straße 14;Elgersweier;Offenburg;77656;Büro und Verwaltung;;1919 - 1948;Erdgasnetz;64;39531,129756848;37159,26197143712;29360,0;10,413078082291669;;;;;;48208,69482542439;;;;57916,0;115889,65502735156;Gaskessel;Mittel;14626,51801003376;48208,69482542439;65,0;10;;;63708,0;;;Büro (Unternehmen);;;Unbekannt;;;Privatgebäude - Geringer Wärmebedarf;;False;23930,575728317108;False;;;;;False;False;;False;False;GHD, Verkehr & Sonstige;1976,5564878424002;395,31129756848003;23,253605739322353;;greenventory
243695180;True;Carl-Zeiss-Straße 16;Elgersweier;Offenburg;77656;Büro und Verwaltung;;1979 - 1990;Erdgasnetz;64;62164,88665591964;58434,99345656446;46170,0;16,37514087521786;;;;;;75810,83738526786;;;;87384,0;0,0;Gaskessel;Mittel;23001,00806269027;75810,83738526786;65,0;0;;;96122,0;;;Büro (Unternehmen);;;Unbekannt;;;Privatgebäude - Geringer Wärmebedarf;;False;37632,15311356058;False;;;;;False;False;;False;False;GHD, Verkehr & Sonstige;3108,2443327959822;621,6488665591964;36,56758038583508;;greenventory
243695181;True;;Elgersweier;Offenburg;77656;Büro und Verwaltung;;2011 - 2019;Erdgasnetz;64;21182,784860125757;19911,81776851821;15733,0;5,579855524130688;;;;;;25832,664463568;;;;28249,0;83430,49759315509;Gaskessel;Mittel;7837,630398246531;25832,664463568;35,0;8;;;31074,0;;;Büro (Unternehmen);;;Unbekannt;;;Privatgebäude - Geringer Wärmebedarf;;False;12823,21654731042;False;;;;;False;False;;False;False;GHD, Verkehr & Sonstige;1059,1392430062879;211,82784860125759;12,460461682426915;;greenventory
243695182;True;Carl-Zeiss-Straße 16;Elgersweier;Offenburg;77656;Büro und Verwaltung;;1979 - 1990;Erdgasnetz;64;21151,983782132775;19882,864755204806;15710,0;5,5717420694398525;;;;;;25795,102173332652;;;;44599,0;243368,27555743826;Gaskessel;Mittel;7826,233999389127;25795,102173332652;65,0;21;;;49059,0;;;Büro (allgemein);;;Unbekannt;;;Privatgebäude - Geringer Wärmebedarf;;False;12804,570798151248;False;;;;;False;False;;False;True;GHD, Verkehr & Sonstige;1057,5991891066387;211,51983782132774;12,442343401254574;;greenventory
243695183;True;Carl-Zeiss-Straße 4;Elgersweier;Offenburg;77656;Handel, Instandhaltung, Reparatur;;Vor 1919;Erdgasnetz;20;6476,019511506051;6087,458340815687;27703,0;1,7058783103479354;;;;;;7897,5847701293305;;;;31150,0;0,0;Gaskessel;Mittel;2396,1272192572387;7897,5847701293305;35,0;0;;;34265,0;;;Einzelhandel (allgemein);;;Unbekannt;;;Privatgebäude - Geringer Wärmebedarf;;False;12531,089517584207;False;;;;;False;False;;False;True;GHD, Verkehr & Sonstige;323,8009755753026;64,76019511506051;3,5977886175033613;;greenventory
243695184;True;Carl-Zeiss-Straße 18;Elgersweier;Offenburg;77656;Wohngebäude;Mehrfamilienhaus (1958 - 1968);1949 - 1978;Erdgasnetz;126;85987,38591718988;69563,79520700662;16055,0;22,650335802576848;;;;;;104862,6657526706;;;;37853,0;359257,93058478984;Gaskessel;Mittel;54982,73293578741;104862,6657526706;65,0;31;;;41639,0;;;Wohngebäude;13;10;8-20;Mehrfamilienhaus;;Privatgebäude - Geringer Wärmebedarf;;False;0,0;False;;;;;False;False;;False;True;Privates Wohnen;16423,590710183267;0,0;47,770769953994375;E;greenventory
243695185;True;Carl-Zeiss-Straße 2;Elgersweier;Offenburg;77656;Büro und Verwaltung;;1979 - 1990;Erdgasnetz;64;68123,28723596824;64035,89000181014;50596,0;17,94467078410871;;;;;;83077,17955605884;;;;95760,0;92711,72402188124;Gaskessel;Mittel;25205,616277308247;83077,17955605884;65,0;8;;;105336,0;;;Büro (Unternehmen);;;Unbekannt;;;Privatgebäude - Geringer Wärmebedarf;;False;41239,1321495139;False;;;;;False;False;;False;True;GHD, Verkehr & Sonstige;3406,164361798412;681,2328723596823;40,072521903510726;;greenventory
243695186;True;;Elgersweier;Offenburg;77656;Büro und Verwaltung;;1949 - 1978;Erdgasnetz;64;160983,78330047408;151324,75630244563;119564,0;42,405484381588295;;;;;;196321,68695179766;;;;139547,0;173834,4825410273;Gaskessel;Mittel;59563,99982117543;196321,68695179766;65,0;15;;;153501,0;;;Büro (Unternehmen);;;Unbekannt;;;Privatgebäude - Mittlerer Wärmebedarf;;False;97453,18793059858;False;;;;;False;False;;False;False;GHD, Verkehr & Sonstige;8049,189165023705;1609,8378330047408;94,69634311792593;;greenventory
243695187;True;Robert-Bosch-Straße 26;Elgersweier;Offenburg;77656;Büro und Verwaltung;;1949 - 1978;Erdgasnetz;64;60607,303638260666;56970,86541996503;45013,0;15,964850714468664;;;;;;73911,34590031789;;;;87561,0;69533,79301641093;Gaskessel;Mittel;22424,702346156453;73911,34590031789;65,0;6;;;96317,0;;;Büro (Unternehmen);;;Unbekannt;;;Privatgebäude - Geringer Wärmebedarf;;False;36689,254223837546;False;;;;;False;False;;False;True;GHD, Verkehr & Sonstige;3030,3651819130337;606,0730363826067;35,651355081329804;;greenventory
243695188;True;Industriestraße 27;Elgersweier;Offenburg;77656;Büro und Verwaltung;;2011 - 2019;Erdgasnetz;64;156176,43966916177;146805,85328901207;115993,0;41,139159717730415;;;;;;190459,07276727047;;;;124966,0;10026,815547287237;Gaskessel;Mittel;57785,28267758986;190459,07276727047;35,0;1;;;137462,0;;;Büro (allgemein);;;Unbekannt;;;Privatgebäude - Mittlerer Wärmebedarf;;False;94543,01304997217;False;;;;;False;False;;False;True;GHD, Verkehr & Sonstige;7808,821983458089;1561,7643966916178;91,86849392303634;;greenventory
243695189;True;Carl-Zeiss-Straße 12;Elgersweier;Offenburg;77656;Büro und Verwaltung;;1979 - 1990;Erdgasnetz;64;14676,211166990093;13795,638496970687;10900,0;3,8659287952071466;;;;;;17897,818496329382;;;;20630,0;0,0;Gaskessel;Mittel;5430,198131786334;17897,818496329382;65,0;0;;;22693,0;;;Büro (allgemein);;;Unbekannt;;;Privatgebäude - Geringer Wärmebedarf;;False;8884,39528282364;False;;;;;False;False;;False;True;GHD, Verkehr & Sonstige;733,8105583495047;146,76211166990095;8,633065392347113;;greenventory
243695190;False;;Elgersweier;Offenburg;77656;Energieversorgung;;;;0;0,0;0,0;1081,0;0,0;;;;;;;;;;0,0;708489,7220728307;;;0,0;0,0;;59;;;0,0;;;Infratruktur Strom (Übertragungsnetz);;;Unbekannt;;;Privatgebäude - Geringer Wärmebedarf;;False;184,52706809599798;False;;;;;False;False;;False;False;Industrie & Produktion;0,0;0,0;0,0;;greenventory
243695191;True;;Elgersweier;Offenburg;77656;Büro und Verwaltung;;1919 - 1948;Erdgasnetz;64;16519,864401975483;15528,672537856954;12269,0;4,351574037593543;;;;;;20146,176099970104;;;;24203,0;139067,58603282186;Gaskessel;Mittel;6112,3498287309285;20146,176099970104;65,0;12;;;26623,0;;;Büro (Unternehmen);;;Unbekannt;;;Privatgebäude - Geringer Wärmebedarf;;False;10000,469719045179;False;;;;;False;False;;False;False;GHD, Verkehr & Sonstige;825,9932200987741;165,19864401975482;9,717567295279697;;greenventory
243695192;True;Carl-Zeiss-Straße 9925565;Elgersweier;Offenburg;77656;Gastgewerbe und Gastronomie;;2001 - 2010;Erdgasnetz;134;6416,879876391445;4491,815913474011;5507,0;1,6903000650006734;;;;;;7825,463263892007;;;;6284,0;30080,446641861712;Gaskessel;Mittel;2374,245554264835;7825,463263892007;50,0;3;;;6913,0;;;Restaurant;;;Unbekannt;;;Privatgebäude - Geringer Wärmebedarf;;False;3548,4172076887835;False;;;;;False;False;;False;True;GHD, Verkehr & Sonstige;1796,7263653896048;128,3375975278289;3,5649332646619136;;greenventory
243695193;True;Robert-Bosch-Straße 24;Elgersweier;Offenburg;77656;Büro und Verwaltung;;1949 - 1978;Erdgasnetz;64;242953,76788227865;228376,54180934193;180443,0;63,9975778811856;;;;;;296285,08278326667;;;;210601,0;0,0;Gaskessel;Mittel;89892,89411644309;296285,08278326667;65,0;0;;;231661,0;;;Büro (Unternehmen);;;Unbekannt;;;Privatgebäude - Mittlerer Wärmebedarf;;False;147074,56064494792;False;;;;;False;False;;False;True;GHD, Verkehr & Sonstige;12147,688394113933;2429,537678822787;142,91398110722272;;greenventory
243695194;True;;Elgersweier;Offenburg;77656;Büro und Verwaltung;;1949 - 1978;Erdgasnetz;64;395490,2321776066;371760,81824695016;293733,0;104,1779148175159;;;;;;482305,16119220323;;;;342825,0;208601,3790492328;Gaskessel;Mittel;146331,38590571447;482305,16119220323;65,0;18;;;377108,0;;;Büro (Unternehmen);;;Unbekannt;;;Privatgebäude - Hoher Wärmebedarf;;False;239414,07718802732;False;;;;;False;False;;False;False;GHD, Verkehr & Sonstige;19774,511608880333;3954,9023217760664;232,64131304565095;;greenventory
243695195;True;Industriestraße 25;Elgersweier;Offenburg;77656;Büro und Verwaltung;;Vor 1919;Erdgasnetz;64;172846,73078356063;162475,92693654698;128374,0;45,53035835274281;;;;;;210788,69607751298;;;;154111,0;336033,906269749;Gaskessel;Mittel;63953,29038991743;210788,69607751298;75,0;27;;;169522,0;;;Büro (Unternehmen);;;Unbekannt;;;Privatgebäude - Mittlerer Wärmebedarf;;False;104634,54512557917;False;;;;;False;False;;False;True;GHD, Verkehr & Sonstige;8642,336539178032;1728,4673078356063;101,67454751974155;;greenventory
243695196;True;;Elgersweier;Offenburg;77656;Büro und Verwaltung;;1919 - 1948;Erdgasnetz;64;260544,89394971548;244912,20031273254;193508,0;68,63133791846164;;;;;;317737,6755484335;;;;229031,0;0,0;Gaskessel;Mittel;96401,61076139472;317737,6755484335;65,0;0;;;251934,0;;;Büro (Unternehmen);;;Unbekannt;;;Privatgebäude - Hoher Wärmebedarf;;False;157723,52962439496;False;;;;;False;False;;False;False;GHD, Verkehr & Sonstige;13027,244697485774;2605,4489394971547;153,26170232336204;;greenventory
243695197;True;Industriestraße 23a;Elgersweier;Offenburg;77656;Büro und Verwaltung;;1991 - 2000;Erdgasnetz;64;190308,32783137404;178889,8281614916;141343,0;50,129998550703405;;;;;;232083,3266236269;;;;156284,0;32400,575034548157;Gaskessel;Mittel;70414,0812976084;232083,3266236269;55,0;3;;;171912,0;;;Büro (Unternehmen);;;Unbekannt;;;Privatgebäude - Mittlerer Wärmebedarf;;False;115205,1023816027;False;;;;;False;False;;False;True;GHD, Verkehr & Sonstige;9515,416391568702;1903,0832783137405;111,94607519492591;;greenventory
243695198;True;Industriestraße 10;Elgersweier;Offenburg;77656;Büro und Verwaltung;;1949 - 1978;Erdgasnetz;64;1877367,669573016;1764725,6093986349;1394331,0;494,52611783874573;;;;;;2289472,767771971;;;;1627371,0;46355,86201094062;Gaskessel;Mittel;694626,0377420159;2289472,767771971;65,0;4;1001997,0;;1790108,0;;;Büro (Unternehmen);;;Unbekannt;;;Privatgebäude - Hoher Wärmebedarf;;False;1136483,8157409003;False;;True;plattform_fuer_abwaerme;;False;False;;False;True;GHD, Verkehr & Sonstige;93868,38347865081;18773,67669573016;1104,3339232782448;;greenventory
243695199;False;Industriestraße 19;Elgersweier;Offenburg;77656;Lager;;;;0;0,0;0,0;29790,0;0,0;;;;;;;;;;264797,0;12008,300374115774;;;0,0;0,0;;1;;;291277,0;;;Lager;;;Unbekannt;;;Privatgebäude - Geringer Wärmebedarf;;False;114133,05890918839;False;;;;;False;False;;False;True;GHD, Verkehr & Sonstige;0,0;0,0;0,0;;greenventory
243695200;True;Industriestraße 17;Elgersweier;Offenburg;77656;Mehrfachnutzung;;1949 - 1978;Erdgasnetz;144;33379,43891133859;27003,966079272923;0,0;8,79263268884041;;;;;;40706,6328187056;;;;21346,0;11186,599112372038;Gaskessel;Mittel;12350,392397195279;40706,6328187056;60,0;1;;;23481,0;;;Wohn- und Bürogebäude;;;Unbekannt;;;Privatgebäude - Geringer Wärmebedarf;;False;0,0;False;;;;;False;False;;False;True;GHD, Verkehr & Sonstige;6375,472832065671;0,0;18,54413272852144;;greenventory
243695201;False;Industriestraße 8;Elgersweier;Offenburg;77656;Lager;;;;0;0,0;0,0;57951,0;0,0;;;;;;;;;;515117,0;48033,201496463094;;;0,0;0,0;;4;;;566628,0;;;Lager;;;Unbekannt;;;Privatgebäude - Geringer Wärmebedarf;;False;222026,07212285427;False;;;;;False;False;;False;True;GHD, Verkehr & Sonstige;0,0;0,0;0,0;;greenventory
243695202;True;Industriestraße 8;Elgersweier;Offenburg;77656;Handel, Instandhaltung, Reparatur;;1991 - 2000;Erdgasnetz;20;252747,4325315704;237582,58657967616;1081197,0;66,57737247173075;;;;;;308228,57625801273;;;;671843,0;90241,33992558514;Gaskessel;Mittel;93516,55003668109;308228,57625801273;35,0;9;;;739028,0;;;Einzelhandel (allgemein);;;Unbekannt;;;Privatgebäude - Hoher Wärmebedarf;;False;489065,96046621946;False;;;;;False;False;;False;True;GHD, Verkehr & Sonstige;12637,37162657852;2527,474325315704;140,4152402953169;;greenventory
243695203;True;Industriestraße 6;Elgersweier;Offenburg;77656;Handel, Instandhaltung, Reparatur;;1949 - 1978;Erdgasnetz;20;168481,91539001494;158373,00046661403;720728,0;44,380602102735644;;;;;;205465,75047562798;;;;787888,0;20053,631094574474;Gaskessel;Mittel;62338,30869430554;205465,75047562798;35,0;2;;;866677,0;;;Einzelhandel (allgemein);;;Unbekannt;;;Privatgebäude - Mittlerer Wärmebedarf;;False;326012,29197892494;False;;;;;False;False;;False;True;GHD, Verkehr & Sonstige;8424,095769500747;1684,8191539001493;93,60106410556385;;greenventory
243695204;False;Carl-Zeiss-Straße 9695578;Elgersweier;Offenburg;77656;Lager;;;;0;0,0;0,0;7811,0;0,0;;;;;;;;;;41660,0;0,0;;;0,0;0,0;;0;;;45826,0;;;Lager;;;Unbekannt;;;Privatgebäude - Geringer Wärmebedarf;;False;29927,387678533843;False;;;;;False;False;;False;True;GHD, Verkehr & Sonstige;0,0;0,0;0,0;;greenventory
243695205;True;Carl-Zeiss-Straße 18a;Elgersweier;Offenburg;77656;Mehrfachnutzung;;Vor 1919;Erdgasnetz;145;73134,3104091266;59165,65712098342;0,0;19,264647619965054;;;;;;89188,18342576415;;;;28863,0;290851,57692167297;Gaskessel;Mittel;27059,694851376844;89188,18342576415;60,0;26;;;31750,0;;;Wohn- und Bürogebäude;;;Unbekannt;;;Privatgebäude - Geringer Wärmebedarf;;False;0,0;False;;;;;False;False;;False;True;GHD, Verkehr & Sonstige;13968,653288143181;0,0;40,63017244951478;;greenventory
243695206;True;Carl-Zeiss-Straße 15;Elgersweier;Offenburg;77656;Büro und Verwaltung;;1991 - 2000;Erdgasnetz;64;481357,3704576642;452475,9282302043;357507,0;126,79657563275059;;;;;;587021,1834849564;;;;658829,0;1306823,1930601092;Gaskessel;Mittel;178102,22706933582;587021,1834849564;55,0;121;;;724712,0;;;Büro (Unternehmen);;;Unbekannt;;;Privatgebäude - Hoher Wärmebedarf;;False;291394,63195142447;False;;;;;False;False;;False;True;GHD, Verkehr & Sonstige;24067,86852288321;4813,573704576642;283,1513943868613;;greenventory
243695207;False;Industriestraße 4b;Elgersweier;Offenburg;77656;Lager;;;;0;0,0;0,0;57960,0;0,0;;;;;;;;;;309123,0;60041,501870578875;;;0,0;0,0;;5;;;340035,0;;;Lager;;;Unbekannt;;;Privatgebäude - Geringer Wärmebedarf;;False;222063,8482353505;False;;;;;False;False;;False;True;GHD, Verkehr & Sonstige;0,0;0,0;0,0;;greenventory
243695208;True;;Elgersweier;Offenburg;77656;Sonstige Dienstleistungen;;1919 - 1948;Erdgasnetz;73;9401,575751181143;6769,134540850422;10822,0;2,476512636896496;;;;;;11465,336281928223;;;;17996,0;104300,6895246164;Gaskessel;Mittel;3478,583027937024;11465,336281928223;65,0;9;;;19796,0;;;Fahrzeugdienstleistungen;;;Unbekannt;;;Privatgebäude - Geringer Wärmebedarf;;False;4895,383731717637;False;;;;;False;False;;False;False;GHD, Verkehr & Sonstige;1316,22060516536;1316,22060516536;5,530338677165378;;greenventory
243695209;True;;Elgersweier;Offenburg;77656;Verarbeitendes Gewerbe;;;Erdgasnetz;50;37625,23099609585;10535,06467890684;11005,0;9,911036457508176;;;;;;45884,42804401933;;;;66543,0;47185,78196659805;Gaskessel;Niedrig;10911,316988867798;45884,42804401933;60,0;4;;;73198,0;;;Verarbeitendes Gewerbe (allgemein);;;Unbekannt;;;Privatgebäude - Geringer Wärmebedarf;;False;2708,5440211489636;False;;;;;False;False;;False;False;Industrie & Produktion;1128,7569298828755;25961,409387306136;20,90290610894214;;greenventory
243695210;True;Carl-Zeiss-Straße 14;Elgersweier;Offenburg;77656;Büro und Verwaltung;;Vor 1919;Erdgasnetz;64;9534,163629476954;8962,113811708336;7081,0;2,511438224350027;;;;;;11627,028816435311;;;;21252,0;0,0;Gaskessel;Mittel;3527,6405429064725;11627,028816435311;75,0;0;;;23377,0;;;Büro (allgemein);;;Unbekannt;;;Privatgebäude - Geringer Wärmebedarf;;False;5771,603952245787;False;;;;;False;False;;False;True;GHD, Verkehr & Sonstige;476,70818147384773;95,34163629476954;5,60833154675115;;greenventory
243695218;True;;Elgersweier;Offenburg;77656;Handel, Instandhaltung, Reparatur;;1949 - 1978;Erdgasnetz;20;28804,704547083784;27076,422274258755;123220,0;7,587580709963534;;;;;;35127,6884720534;;;;134702,0;20053,631094574474;Gaskessel;Mittel;10657,740682421005;35127,6884720534;35,0;2;;;148172,0;;;Einzelhandel (allgemein);;;Unbekannt;;;Privatgebäude - Geringer Wärmebedarf;;False;55737,06666043211;False;;;;;False;False;;False;False;GHD, Verkehr & Sonstige;1440,2352273541892;288,0470454708379;16,00261363726877;;greenventory
243696166;True;Am Wolfsgraben 11;Elgersweier;Offenburg;77656;Wohngebäude;Ein-/Zweifamilienhaus (1958 - 1968);1949 - 1978;Heizöl;160;33006,490732740334;26702,251002786932;4940,0;10,70877254884464;;;;;;;36673,8785919337;;;8178,0;13646,517366863898;Ölkessel;Mittel;15058,47773605473;36673,8785919337;80,0;1;;;8996,0;;;Wohngebäude;4;2;1-2;Einfamilienhaus;;Privatgebäude - Geringer Wärmebedarf;;False;0,0;False;;;;;False;False;;False;True;Privates Wohnen;6304,239729953404;0,0;18,336939295966854;F;greenventory
243696167;True;Am Wolfsgraben 15;Elgersweier;Offenburg;77656;Wohngebäude;Ein-/Zweifamilienhaus (1958 - 1968);1949 - 1978;Stromnetz;160;30759,124549635024;24884,131760654735;4940,0;7,997372382905106;;;;;;;;;30759,124549635024;7621,0;13646,517366863898;Elektroheizung;Mittel;14033,166868956563;30759,124549635024;80,0;1;;;8383,0;;;Wohngebäude;4;2;1-2;Einfamilienhaus;;Privatgebäude - Geringer Wärmebedarf;Nachtspeicherheizung;False;0,0;False;;;;;False;False;;False;True;Privates Wohnen;5874,992788980289;0,0;17,088402527575013;F;greenventory
243696168;True;Anselmentstraße 4b;Elgersweier;Offenburg;77656;Wohngebäude;Ein-/Zweifamilienhaus (1949 - 1957);1949 - 1978;Heizöl;166;16937,51260332426;13702,447696089326;3440,0;5,495281866856315;;;;;;;18819,458448138066;;;5693,0;0,0;Ölkessel;Mittel;8926,98734205429;18819,458448138066;80,0;0;;;6263,0;;;Wohngebäude;2;1;0-1;Einfamilienhaus;;Privatgebäude - Geringer Wärmebedarf;;False;0,0;False;;;;;False;False;;False;True;Privates Wohnen;3235,064907234934;0,0;9,409729224069032;F;greenventory
243696169;True;Anselmentstraße 4a;Elgersweier;Offenburg;77656;Wohngebäude;Ein-/Zweifamilienhaus (1969 - 1978);1949 - 1978;Heizöl;144;15740,191285951354;12733,814750334646;3440,0;5,106817617219773;;;;;;;17489,101428834838;;;6062,0;81879,10420118339;Ölkessel;Mittel;7998,445959191648;17489,101428834838;80,0;6;;;6668,0;;;Wohngebäude;2;1;0-1;Einfamilienhaus;;Privatgebäude - Geringer Wärmebedarf;;False;0,0;False;;;;;False;False;;False;True;Privates Wohnen;3006,3765356167087;0,0;8,74455071441742;F;greenventory
243696170;True;Anselmentstraße 4;Elgersweier;Offenburg;77656;Wohngebäude;Ein-/Zweifamilienhaus (1969 - 1978);1949 - 1978;Stromnetz;144;24921,04238350885;20161,123288258663;4050,0;6,479471019712301;;;;;;;;;24921,04238350885;6855,0;13646,517366863898;Elektroheizung;Mittel;12663,734965478374;24921,04238350885;80,0;1;;;7541,0;;;Wohngebäude;3;1;0-1;Einfamilienhaus;;Privatgebäude - Geringer Wärmebedarf;Nachtspeicherheizung;False;0,0;False;;;;;False;False;;False;True;Privates Wohnen;4759,91909525019;0,0;13,845023546393806;E;greenventory
243696171;True;Am Wolfsgraben 17;Elgersweier;Offenburg;77656;Wohngebäude;Reihenhaus (1979 - 1983);1979 - 1990;Heizöl;140;27642,085915816748;22362,44750589575;4940,0;8,968321208242767;;;;;;;30713,42879535194;;;7634,0;0,0;Ölkessel;Mittel;15343,678819739576;30713,42879535194;65,0;0;;;8397,0;;;Wohngebäude;4;2;1-2;Reihenhaus;;Privatgebäude - Geringer Wärmebedarf;;False;0,0;False;;;;;False;False;;False;True;Privates Wohnen;5279,638409920999;0,0;15,35671439767597;E;greenventory
243696172;True;Anselmentstraße 6a;Elgersweier;Offenburg;77656;Wohngebäude;Ein-/Zweifamilienhaus (1979 - 1983);1979 - 1990;Heizöl;142;17739,839726862265;14351,530339031573;3440,0;5,755592444715313;;;;;;;19710,93302984696;;;6760,0;0,0;Ölkessel;Mittel;10899,859021009728;19710,93302984696;80,0;0;;;7436,0;;;Wohngebäude;2;1;0-1;Einfamilienhaus;;Privatgebäude - Geringer Wärmebedarf;;False;0,0;False;;;;;False;False;;False;True;Privates Wohnen;3388,3093878306927;0,0;9,85546651492348;E;greenventory
243696173;True;Anselmentstraße 6;Elgersweier;Offenburg;77656;Wohngebäude;Ein-/Zweifamilienhaus (1979 - 1983);1979 - 1990;Heizöl;141;17673,997913172694;14298,264311756711;3440,0;5,734230434051585;;;;;;;19637,77545908077;;;6735,0;0,0;Ölkessel;Mittel;10859,403949376967;19637,77545908077;80,0;0;;;7408,0;;;Wohngebäude;2;1;0-1;Einfamilienhaus;;Privatgebäude - Geringer Wärmebedarf;;False;0,0;False;;;;;False;False;;False;True;Privates Wohnen;3375,7336014159846;0,0;9,818887729540386;E;greenventory
243696174;True;Anselmentstraße 6c;Elgersweier;Offenburg;77656;Wohngebäude;Ein-/Zweifamilienhaus (1984 - 1994);1979 - 1990;Stromnetz;114;13800,582710098084;11164,67141246935;3440,0;3,588151504625502;;;;;;;;;13800,582710098084;6545,0;12257,373211131973;Elektroheizung;Mittel;6091,461941043576;13800,582710098084;65,0;1;;;7199,0;;;Wohngebäude;2;1;0-1;Einfamilienhaus;;Privatgebäude - Geringer Wärmebedarf;Nachtspeicherheizung;False;0,0;False;;;;;False;False;;False;True;Privates Wohnen;2635,9112976287342;0,0;7,666990394498936;D;greenventory
243696175;True;Am Wolfsgraben 16;Elgersweier;Offenburg;77656;Wohngebäude;Ein-/Zweifamilienhaus (1949 - 1957);1949 - 1978;Heizöl;166;32455,395615553098;26256,41505298246;4940,0;10,529972799712782;;;;;;;36061,550683947884;;;10909,0;27293,034733727796;Ölkessel;Mittel;17105,752930010683;36061,550683947884;80,0;2;;;12000,0;;;Wohngebäude;4;2;1-2;Einfamilienhaus;;Privatgebäude - Geringer Wärmebedarf;;False;0,0;False;;;;;False;False;;False;True;Privates Wohnen;6198,980562570642;0,0;18,030775341973943;F;greenventory
243696176;True;Am Wolfsgraben 27;Elgersweier;Offenburg;77656;Wohngebäude;Ein-/Zweifamilienhaus (1995 - 2001);1991 - 2000;Erdgasnetz;98;18618,7162060861;15062,541410723657;4940,0;4,904442317700728;;;;;;22705,75147083671;;;;7147,0;11423,10589500015;Gaskessel;Mittel;6830,228414465839;22705,75147083671;55,0;1;;;7862,0;;;Wohngebäude;4;2;1-2;Einfamilienhaus;;Privatgebäude - Geringer Wärmebedarf;;False;0,0;False;;;;;False;False;;False;True;Privates Wohnen;3556,1747953624454;0,0;10,34373122560339;D;greenventory
243696177;True;Zum Gifizsee 3;Elgersweier;Offenburg;77656;Wohngebäude;Mehrfamilienhaus (1984 - 1994);1979 - 1990;Erdgasnetz;96;50290,97172259707;40685,39612358103;12350,0;13,247377917171912;;;;;;61330,45332024033;;;;20303,0;61286,86605565986;Gaskessel;Mittel;27223,990058143085;61330,45332024033;65,0;5;;;22333,0;;;Wohngebäude;10;8;2-8;Mehrfamilienhaus;;Privatgebäude - Geringer Wärmebedarf;;False;0,0;False;;;;;False;False;;False;True;Privates Wohnen;9605,57559901604;0,0;27,939428734776147;D;greenventory
243696178;True;Mühlweg 6a;Elgersweier;Offenburg;77656;Wohngebäude;Reihenhaus (1949 - 1957);1949 - 1978;Stromnetz;158;17645,114537305864;14274,897660680444;3440,0;4,587729779699525;;;;;;;;;17645,114537305864;6195,0;0,0;Elektroheizung;Mittel;10271,74035602119;17645,114537305864;80,0;0;;;6814,0;;;Wohngebäude;2;1;0-1;Reihenhaus;;Privatgebäude - Geringer Wärmebedarf;Nachtspeicherheizung;False;0,0;False;;;;;False;False;;False;True;Privates Wohnen;3370,2168766254204;0,0;9,80284140961437;E;greenventory
243696179;True;Mühlweg 6b;Elgersweier;Offenburg;77656;Wohngebäude;Reihenhaus (1958 - 1968);1949 - 1978;Erdgasnetz;152;29723,19443766752;24046,064300073027;4940,0;7,829524388458762;;;;;;36247,79809471649;;;;7763,0;0,0;Gaskessel;Hoch;20015,93328305235;36247,79809471649;80,0;0;;;8540,0;;;Wohngebäude;4;2;1-2;Reihenhaus;;Privatgebäude - Geringer Wärmebedarf;;False;0,0;False;;;;;False;False;;False;True;Privates Wohnen;5677,130137594497;0,0;16,51288579870418;F;greenventory
243696180;True;Am Wolfsgraben 4;Elgersweier;Offenburg;77656;Wohngebäude;Mehrfamilienhaus (1995 - 2001);1991 - 2000;Erdgasnetz;84;20751,01937606132;16787,57467523361;6175,0;5,4661221771088355;;;;;;25306,12119031868;;;;12933,0;11423,10589500015;Gaskessel;Mittel;10374,293376060126;25306,12119031868;55,0;1;;;14226,0;;;Wohngebäude;5;4;2-8;Mehrfamilienhaus;;Privatgebäude - Geringer Wärmebedarf;;False;0,0;False;;;;;False;False;;False;True;Privates Wohnen;3963,444700827712;0,0;11,528344097811843;D;greenventory
243696181;True;Zum Gifizsee 1;Elgersweier;Offenburg;77656;Wohngebäude;Mehrfamilienhaus (nach 2015);2020 - 2022;Erdgasnetz;68;17826,324693692244;14421,496677197027;6175,0;4,695714797362835;;;;;;21739,420358161275;;;;13027,0;10605,124353271523;Gaskessel;Mittel;10122,543776788927;21739,420358161275;35,0;1;;;14330,0;;;Wohngebäude;5;4;2-8;Mehrfamilienhaus;;Privatgebäude - Geringer Wärmebedarf;;False;0,0;False;;;;;False;False;;False;True;Privates Wohnen;3404,828016495219;0,0;10,80383314769227;C;greenventory
243696182;True;;Elgersweier;Offenburg;77656;Wohngebäude;Ein-/Zweifamilienhaus (1995 - 2001);1991 - 2000;Stromnetz;97;6218,627989735553;5030,870043696063;2050,0;0,5215623475262077;;;;;;;;;2006,0090289469524;5570,0;0,0;Elektrische Luftwärmepumpe;Mittel;2281,2877710977837;2006,0090289469524;55,0;0;;;6127,0;;;Wohngebäude;1;1;0-1;Einfamilienhaus;;Privatgebäude - Geringer Wärmebedarf;Wärmepumpe;False;0,0;False;;;;;False;False;;False;False;Privates Wohnen;1187,7579460394907;0,0;3,4547933276308624;A;greenventory
243696183;True;Mühlweg 3;Elgersweier;Offenburg;77656;Wohngebäude;Ein-/Zweifamilienhaus (1979 - 1983);1979 - 1990;Erdgasnetz;142;30037,96839979137;24300,71643543122;4940,0;7,912440456530411;;;;;;36631,66878023338;;;;11446,0;0,0;Gaskessel;Mittel;18456,17693712849;36631,66878023338;80,0;0;;;12591,0;;;Wohngebäude;4;2;1-2;Einfamilienhaus;;Privatgebäude - Geringer Wärmebedarf;;False;0,0;False;;;;;False;False;;False;True;Privates Wohnen;5737,251964360152;0,0;16,687760222106316;F;greenventory
243696184;True;Mühlweg 5;Elgersweier;Offenburg;77656;Wohngebäude;Mehrfamilienhaus (2010 - 2015);2001 - 2010;Heizöl;69;19527,571810102578;15797,805594372987;6175,0;6,335612187277725;;;;;;;21697,302011225085;;;14651,0;212105,93764133245;Ölkessel;Mittel;11144,35477307471;21697,302011225085;55,0;17;;;16116,0;;;Wohngebäude;5;4;2-8;Mehrfamilienhaus;;Privatgebäude - Geringer Wärmebedarf;;False;0,0;False;;;;;False;False;;False;True;Privates Wohnen;3729,766215729592;0,0;10,848651005612544;C;greenventory
243696185;True;Mühlweg 7;Elgersweier;Offenburg;77656;Wohngebäude;Mehrfamilienhaus (1984 - 1994);1979 - 1990;Erdgasnetz;96;31679,585057397828;25628,784311434843;7410,0;8,344866307802356;;;;;;38633,64031389979;;;;12789,0;39490,56348060612;Gaskessel;Mittel;17149,096132123002;38633,64031389979;65,0;3;;;14068,0;;;Wohngebäude;6;5;2-8;Mehrfamilienhaus;;Privatgebäude - Geringer Wärmebedarf;;False;0,0;False;;;;;False;False;;False;True;Privates Wohnen;6050,800745962985;0,0;17,599769476332128;D;greenventory
243696186;True;Mühlweg 4;Elgersweier;Offenburg;77656;Wohngebäude;Mehrfamilienhaus (1979 - 1983);1979 - 1990;Heizöl;109;36044,55182761194;29160,04242853806;7410,0;11,694454592958541;;;;;;;40049,502030679934;;;12785,0;0,0;Ölkessel;Mittel;21610,05821476174;40049,502030679934;65,0;0;;;14064,0;;;Wohngebäude;6;5;2-8;Mehrfamilienhaus;;Privatgebäude - Geringer Wärmebedarf;;False;0,0;False;;;;;False;False;;False;True;Privates Wohnen;6884,509399073881;0,0;20,024751015339966;D;greenventory
243696187;True;Mühlweg 6;Elgersweier;Offenburg;77656;Wohngebäude;Reihenhaus (1969 - 1978);1949 - 1978;Heizöl;147;16136,997667139278;13054,831112715676;3440,0;5,235559243116299;;;;;;;17929,99740793253;;;6090,0;0,0;Ölkessel;Mittel;9799,371048091056;17929,99740793253;80,0;0;;;6698,0;;;Wohngebäude;2;1;0-1;Reihenhaus;;Privatgebäude - Geringer Wärmebedarf;;False;0,0;False;;;;;False;False;;False;True;Privates Wohnen;3082,166554423602;0,0;8,964998703966266;F;greenventory
243696188;True;Anselmentstraße 18;Elgersweier;Offenburg;77656;Wohngebäude;Mehrfamilienhaus (2002 - 2009);2001 - 2010;Erdgasnetz;72;38594,10918170307;31222,634327997785;12350,0;10,166253150302273;;;;;;47065,98680695496;;;;19893,0;0,0;Gaskessel;Mittel;18945,858383269344;47065,98680695496;55,0;0;;;21882,0;;;Wohngebäude;10;8;2-8;Mehrfamilienhaus;;Privatgebäude - Geringer Wärmebedarf;;False;0,0;False;;;;;False;False;;False;True;Privates Wohnen;7371,4748537052865;0,0;21,441171767612815;C;greenventory
243696189;True;Anselmentstraße 16;Elgersweier;Offenburg;77656;Wohngebäude;Mehrfamilienhaus (1949 - 1957);1949 - 1978;Heizöl;133;32081,108678866865;25953,616921203295;6175,0;10,408537482476806;;;;;;;35645,676309852075;;;13361,0;0,0;Ölkessel;Mittel;18810,585751232935;35645,676309852075;65,0;0;;;14698,0;;;Wohngebäude;5;3;2-8;Mehrfamilienhaus;;Privatgebäude - Geringer Wärmebedarf;;False;0,0;False;;;;;False;False;;False;True;Privates Wohnen;6127,491757663572;0,0;17,822838154926036;E;greenventory
243696190;True;Anselmentstraße 6b;Elgersweier;Offenburg;77656;Wohngebäude;Ein-/Zweifamilienhaus (1979 - 1983);1979 - 1990;Erdgasnetz;142;17124,458964658825;13853,687302408991;3440,0;4,510833093129642;;;;;;20883,48654226686;;;;6526,0;0,0;Gaskessel;Mittel;10521,751684329443;20883,48654226686;80,0;0;;;7178,0;;;Wohngebäude;2;1;0-1;Einfamilienhaus;;Privatgebäude - Geringer Wärmebedarf;;False;0,0;False;;;;;False;False;;False;True;Privates Wohnen;3270,7716622498356;0,0;9,513588313699348;F;greenventory
243696191;True;Anselmentstraße 3;Elgersweier;Offenburg;77656;Wohngebäude;Mehrfamilienhaus (2002 - 2009);2001 - 2010;Heizöl;72;19710,99140292006;15946,192044962329;6175,0;6,3951216551696195;;;;;;;21901,101558800066;;;14223,0;11423,10589500015;Ölkessel;Mittel;9676,13088192761;21901,101558800066;55,0;1;;;15646,0;;;Wohngebäude;5;4;2-8;Mehrfamilienhaus;;Privatgebäude - Geringer Wärmebedarf;;False;0,0;False;;;;;False;False;;False;True;Privates Wohnen;3764,7993579577314;0,0;10,950550779400032;C;greenventory
243696192;True;Anselmentstraße 8;Elgersweier;Offenburg;77656;Wohngebäude;Ein-/Zweifamilienhaus (2002 - 2009);2001 - 2010;Stromnetz;86;16028,220144257446;12966,830096704274;4940,0;4,167337237506936;;;;;;;;;16028,220144257446;9718,0;37430,45958376455;Elektroheizung;Mittel;5577,536262692029;16028,220144257446;55,0;3;;;10690,0;;;Wohngebäude;4;2;1-2;Einfamilienhaus;;Privatgebäude - Geringer Wärmebedarf;Nachtspeicherheizung;False;0,0;False;;;;;False;False;;False;True;Privates Wohnen;3061,3900475531723;0,0;8,904566746809692;C;greenventory
243696193;True;Anselmentstraße 5;Elgersweier;Offenburg;77656;Wohngebäude;Ein-/Zweifamilienhaus (1979 - 1983);1979 - 1990;Heizöl;142;32220,52295139786;26066,40306768087;4940,0;10,45376966867575;;;;;;;35800,581057108735;;;8770,0;13646,517366863898;Ölkessel;Mittel;19797,20015292175;35800,581057108735;80,0;1;;;9647,0;;;Wohngebäude;4;2;1-2;Einfamilienhaus;;Privatgebäude - Geringer Wärmebedarf;;False;0,0;False;;;;;False;False;;False;True;Privates Wohnen;6154,119883716991;0,0;17,900290528554365;E;greenventory
243696194;True;Anselmentstraße 7;Elgersweier;Offenburg;77656;Wohngebäude;Mehrfamilienhaus (1995 - 2001);1991 - 2000;Stromnetz;85;34821,10015551334;28170,270025810296;9880,0;9,053486040433468;;;;;;;;;34821,10015551334;15501,0;57115,529475000745;Elektroheizung;Mittel;17408,509054124108;34821,10015551334;55,0;5;;;17051,0;;;Wohngebäude;8;6;2-8;Mehrfamilienhaus;;Privatgebäude - Geringer Wärmebedarf;Nachtspeicherheizung;False;0,0;False;;;;;False;False;;False;True;Privates Wohnen;6650,830129703048;0,0;19,345055641951856;C;greenventory
243696195;True;Anselmentstraße 9;Elgersweier;Offenburg;77656;Wohngebäude;Ein-/Zweifamilienhaus (1984 - 1994);1979 - 1990;Holzpellets;114;23937,200221227344;19365,194978972922;4940,0;0,5069054164495203;;;;28161,412024973346;;;;;;18920,0;12257,373211131973;Pelletheizung;Mittel;10565,680245954622;28161,412024973346;65,0;1;;;20812,0;;;Wohngebäude;4;2;1-2;Einfamilienhaus;;Privatgebäude - Geringer Wärmebedarf;;False;0,0;False;;;;;False;False;;False;True;Privates Wohnen;4572,005242254423;0,0;13,298444567348524;E;greenventory
243696200;True;Anselmentstraße 12;Elgersweier;Offenburg;77656;Wohngebäude;Mehrfamilienhaus (2002 - 2009);2001 - 2010;Heizöl;72;23444,76977703412;18966,818749620605;7410,0;7,606525305437735;;;;;;;26049,744196704574;;;12084,0;24953,6397225097;Ölkessel;Mittel;11509,043671219693;26049,744196704574;55,0;2;;;13293,0;;;Wohngebäude;6;5;2-8;Mehrfamilienhaus;;Privatgebäude - Geringer Wärmebedarf;;False;0,0;False;;;;;False;False;;False;True;Privates Wohnen;4477,951027413516;0,0;13,024872098352288;C;greenventory
243696201;True;Anselmentstraße 14;Elgersweier;Offenburg;77656;Wohngebäude;Mehrfamilienhaus (1958 - 1968);1949 - 1978;Stromnetz;126;54336,217680317495;43958,00010337686;9880,0;14,127416596882549;;;;;;;;;54336,217680317495;23920,0;0,0;Elektroheizung;Mittel;34744,093143323014;54336,217680317495;65,0;0;;;26312,0;;;Wohngebäude;8;6;2-8;Mehrfamilienhaus;;Privatgebäude - Geringer Wärmebedarf;Nachtspeicherheizung;False;0,0;False;;;;;False;False;;False;True;Privates Wohnen;10378,217576940642;0,0;30,186787600176388;D;greenventory
243696202;True;Anselmentstraße 11;Elgersweier;Offenburg;77656;Wohngebäude;Mehrfamilienhaus (1979 - 1983);1979 - 1990;Holzpellets;109;26861,920712624975;21731,293856513606;6175,0;0,5688406739144112;;;;31602,259661911736;;;;;;13339,0;0,0;Pelletheizung;Mittel;16104,727092638092;31602,259661911736;65,0;0;;;14673,0;;;Wohngebäude;5;4;2-8;Mehrfamilienhaus;;Privatgebäude - Geringer Wärmebedarf;;False;0,0;False;;;;;False;False;;False;True;Privates Wohnen;5130,62685611137;0,0;14,923289284791652;D;greenventory
243696203;True;Anselmentstraße 13;Elgersweier;Offenburg;77656;Wohngebäude;Ein-/Zweifamilienhaus (1984 - 1994);1979 - 1990;Holzpellets;114;22334,47822541683;18068,592884362217;4940,0;0,47296542124412116;;;;26275,85673578451;;;;;;7566,0;0,0;Pelletheizung;Mittel;9858,25214348693;26275,85673578451;65,0;0;;;8322,0;;;Wohngebäude;4;2;1-2;Einfamilienhaus;;Privatgebäude - Geringer Wärmebedarf;;False;0,0;False;;;;;False;False;;False;True;Privates Wohnen;4265,885341054614;0,0;12,408043458564906;E;greenventory
243696204;True;Anselmentstraße 13a;Elgersweier;Offenburg;77656;Wohngebäude;Ein-/Zweifamilienhaus (1984 - 1994);1979 - 1990;Holzpellets;114;21176,715944690884;17131,963199254926;4050,0;0,4484481023581599;;;;24913,783464342217;;;;;;7173,0;0,0;Pelletheizung;Mittel;9347,225542801618;24913,783464342217;65,0;0;;;7891,0;;;Wohngebäude;3;2;1-2;Einfamilienhaus;;Privatgebäude - Geringer Wärmebedarf;;False;0,0;False;;;;;False;False;;False;True;Privates Wohnen;4044,752745435959;0,0;11,764842191494935;E;greenventory
243696210;True;Anselmentstraße 22;Elgersweier;Offenburg;77656;Wohngebäude;Mehrfamilienhaus (1969 - 1978);1949 - 1978;Stromnetz;118;32796,129801984294;26532,069009805295;6175,0;8,526993748515917;;;;;;;;;32796,129801984294;15446,0;0,0;Elektroheizung;Mittel;19192,14168891359;32796,129801984294;65,0;0;;;16991,0;;;Wohngebäude;5;4;2-8;Mehrfamilienhaus;;Privatgebäude - Geringer Wärmebedarf;Nachtspeicherheizung;False;0,0;False;;;;;False;False;;False;True;Privates Wohnen;6264,060792179001;0,0;18,220072112213497;D;greenventory
243696211;True;;Elgersweier;Offenburg;77656;Wohngebäude;Ein-/Zweifamilienhaus (1958 - 1968);1949 - 1978;Heizöl;159;5073,085677683953;4104,126313246318;2050,0;1,645934464315238;;;;;;;5636,761864093281;;;0,0;0,0;Ölkessel;Mittel;2314,4825770503676;5636,761864093281;80,0;0;;;0,0;;;Wohngebäude;1;1;0-1;Einfamilienhaus;;Privatgebäude - Geringer Wärmebedarf;;False;0,0;False;;;;;False;False;;False;False;Privates Wohnen;968,959364437635;0,0;2,8183809320466406;F;greenventory
243696212;True;Anselmentstraße 15;Elgersweier;Offenburg;77656;Wohngebäude;Mehrfamilienhaus (1949 - 1957);1949 - 1978;Heizöl;134;37147,84912807734;30052,609944614567;6175,0;12,05241327266509;;;;;;;41275,38792008593;;;15472,0;0,0;Ölkessel;Mittel;21781,441797797735;41275,38792008593;65,0;0;;;17019,0;;;Wohngebäude;5;4;2-8;Mehrfamilienhaus;;Privatgebäude - Geringer Wärmebedarf;;False;0,0;False;;;;;False;False;;False;True;Privates Wohnen;7095,2391834627715;0,0;20,637693960042967;E;greenventory
243696213;True;Anselmentstraße 17;Elgersweier;Offenburg;77656;Wohngebäude;Mehrfamilienhaus (1958 - 1968);1949 - 1978;Heizöl;126;30863,86574573199;24968,86738829718;6175,0;10,013609775281934;;;;;;;34293,18416192443;;;13587,0;0,0;Ölkessel;Mittel;19735,216620003484;34293,18416192443;65,0;0;;;14946,0;;;Wohngebäude;5;3;2-8;Mehrfamilienhaus;;Privatgebäude - Geringer Wärmebedarf;;False;0,0;False;;;;;False;False;;False;True;Privates Wohnen;5894,99835743481;0,0;17,146592080962215;E;greenventory
243696214;True;Anselmentstraße 19;Elgersweier;Offenburg;77656;Wohngebäude;Ein-/Zweifamilienhaus (1958 - 1968);1949 - 1978;Heizöl;160;33593,94117915787;27177,498413938716;4940,0;10,89936758257122;;;;;;;37326,60131017541;;;11653,0;0,0;Ölkessel;Mittel;15326,488944518016;37326,60131017541;80,0;0;;;12818,0;;;Wohngebäude;4;2;1-2;Einfamilienhaus;;Privatgebäude - Geringer Wärmebedarf;;False;0,0;False;;;;;False;False;;False;True;Privates Wohnen;6416,4427652191525;0,0;18,663300655087703;F;greenventory
243696260;True;Am Wolfsgraben 9;Elgersweier;Offenburg;77656;Wohngebäude;Ein-/Zweifamilienhaus (1958 - 1968);1949 - 1978;Stromnetz;160;30744,43339499122;24872,246616547898;4940,0;7,993552682697718;;;;;;;;;30744,43339499122;7617,0;13646,517366863898;Elektroheizung;Mittel;14026,464356201966;30744,43339499122;80,0;1;;;8379,0;;;Wohngebäude;4;2;1-2;Einfamilienhaus;;Privatgebäude - Geringer Wärmebedarf;Nachtspeicherheizung;False;0,0;False;;;;;False;False;;False;True;Privates Wohnen;5872,186778443323;0,0;17,080240774995122;F;greenventory
243696261;True;Am Wolfsgraben 18;Elgersweier;Offenburg;77656;Wohngebäude;Mehrfamilienhaus (1949 - 1957);1949 - 1978;Heizöl;133;37024,07654989149;29952,47792886222;6175,0;12,012255947298128;;;;;;;41137,86283321277;;;15420,0;12257,373211131973;Ölkessel;Mittel;21708,8684114188;41137,86283321277;65,0;1;;;16962,0;;;Wohngebäude;5;4;2-8;Mehrfamilienhaus;;Privatgebäude - Geringer Wärmebedarf;;False;0,0;False;;;;;False;False;;False;True;Privates Wohnen;7071,598621029275;0,0;20,568931416606386;E;greenventory
243696262;True;Am Wolfsgraben 19;Elgersweier;Offenburg;77656;Wohngebäude;Reihenhaus (1984 - 1994);1979 - 1990;Heizöl;125;24656,9245727046;19947,451979318022;4940,0;7,999802194699714;;;;;;;27396,582858560665;;;7600,0;0,0;Ölkessel;Mittel;15045,98765023975;27396,582858560665;65,0;0;;;8360,0;;;Wohngebäude;4;2;1-2;Reihenhaus;;Privatgebäude - Geringer Wärmebedarf;;False;0,0;False;;;;;False;False;;False;True;Privates Wohnen;4709,472593386578;0,0;13,698291429280333;E;greenventory
243696265;True;Ziegelstraße 19;Elgersweier;Offenburg;77656;Wohngebäude;Mehrfamilienhaus (1949 - 1957);1949 - 1978;Erdgasnetz;133;44853,694720017986;36286,63902849455;7410,0;11,815119584785228;;;;;;54699,62770733901;;;;18681,0;11588,965502735155;Gaskessel;Mittel;26299,722968935857;54699,62770733901;65,0;1;;;20549,0;;;Wohngebäude;6;5;2-8;Mehrfamilienhaus;;Privatgebäude - Geringer Wärmebedarf;;False;0,0;False;;;;;False;False;;False;True;Privates Wohnen;8567,055691523436;0,0;24,91871928889888;F;greenventory
243696266;True;Ziegelstraße 21;Elgersweier;Offenburg;77656;Wohngebäude;Ein-/Zweifamilienhaus (1949 - 1957);1949 - 1978;Erdgasnetz;165;20657,547244511206;16711,95572080957;3440,0;5,441500249773684;;;;;;25192,130785989277;;;;6944,0;25804,716275332663;Gaskessel;Mittel;10887,64726489099;25192,130785989277;80,0;2;;;7638,0;;;Wohngebäude;2;1;0-1;Einfamilienhaus;;Privatgebäude - Geringer Wärmebedarf;;False;0,0;False;;;;;False;False;;False;True;Privates Wohnen;3945,5915237016407;0,0;11,47641513583956;G;greenventory
243696267;True;Ziegelstraße 23;Elgersweier;Offenburg;77656;Wohngebäude;Mehrfamilienhaus (1984 - 1994);1979 - 1990;Erdgasnetz;96;36088,21061116352;29195,36238443129;8645,0;9,50616279513576;;;;;;44010,012940443325;;;;14569,0;57944,82751367578;Gaskessel;Mittel;19535,615503986013;44010,012940443325;65,0;5;;;16026,0;;;Wohngebäude;7;5;2-8;Mehrfamilienhaus;;Privatgebäude - Geringer Wärmebedarf;;False;0,0;False;;;;;False;False;;False;True;Privates Wohnen;6892,848226732232;0,0;20,049005895090847;D;greenventory
243696268;True;Ziegelstraße 25;Elgersweier;Offenburg;77656;Wohngebäude;Mehrfamilienhaus (1984 - 1994);1979 - 1990;Stromnetz;95;27502,96598238322;22249,899479748026;6175,0;7,150771155419637;;;;;;;;;27502,96598238322;15544,0;24514,746422263946;Elektroheizung;Mittel;14888,168727458076;27502,96598238322;65,0;2;;;17099,0;;;Wohngebäude;5;4;2-8;Mehrfamilienhaus;;Privatgebäude - Geringer Wärmebedarf;Nachtspeicherheizung;False;0,0;False;;;;;False;False;;False;True;Privates Wohnen;5253,066502635195;0,0;15,279425545768454;C;greenventory
243696269;True;Ziegelstraße 27;Elgersweier;Offenburg;77656;Wohngebäude;Mehrfamilienhaus (1979 - 1983);1979 - 1990;Stromnetz;109;31519,750014212157;25499,477761497637;6175,0;8,19513500369516;;;;;;;;;31519,750014212157;15652,0;12257,373211131973;Elektroheizung;Mittel;18897,270133348466;31519,750014212157;65,0;1;;;17218,0;;;Wohngebäude;5;4;2-8;Mehrfamilienhaus;;Privatgebäude - Geringer Wärmebedarf;Nachtspeicherheizung;False;0,0;False;;;;;False;False;;False;True;Privates Wohnen;6020,272252714522;0,0;17,510972230117865;D;greenventory
243696270;True;Ziegelstraße 29;Elgersweier;Offenburg;77656;Wohngebäude;Mehrfamilienhaus (1958 - 1968);1949 - 1978;Heizöl;126;33220,27821126665;26875,20507291472;6175,0;10,77813470854429;;;;;;;36911,42023474072;;;10446,0;0,0;Ölkessel;Mittel;21241,972476075523;36911,42023474072;65,0;0;;;11490,0;;;Wohngebäude;5;4;2-8;Mehrfamilienhaus;;Privatgebäude - Geringer Wärmebedarf;;False;0,0;False;;;;;False;False;;False;True;Privates Wohnen;6345,07313835193;0,0;18,45571011737036;E;greenventory
243696271;True;Ziegelstraße 31;Elgersweier;Offenburg;77656;Wohngebäude;Ein-/Zweifamilienhaus (1949 - 1957);1949 - 1978;Erdgasnetz;166;36410,57742158211;29456,157134059926;4940,0;9,591078930563093;;;;;;44403,14319705135;;;;12239,0;0,0;Gaskessel;Mittel;19190,348156290525;44403,14319705135;80,0;0;;;13463,0;;;Wohngebäude;4;2;1-2;Einfamilienhaus;;Privatgebäude - Geringer Wärmebedarf;;False;0,0;False;;;;;False;False;;False;True;Privates Wohnen;6954,420287522183;0,0;20,228098567545615;G;greenventory
243696272;True;;Elgersweier;Offenburg;77656;Wohngebäude;Ein-/Zweifamilienhaus (1958 - 1968);1949 - 1978;Heizöl;160;11507,479063585082;9309,550562440332;2050,0;3,7335376517409378;;;;;;;12786,08784842787;;;6653,0;40939,552100591696;Ölkessel;Mittel;5250,031537137153;12786,08784842787;80,0;3;;;7318,0;;;Wohngebäude;1;1;0-1;Einfamilienhaus;;Privatgebäude - Geringer Wärmebedarf;;False;0,0;False;;;;;False;False;;False;False;Privates Wohnen;2197,928501144751;0,0;6,393043924213934;F;greenventory
243696273;True;Ziegelstraße 33;Elgersweier;Offenburg;77656;Wohngebäude;Mehrfamilienhaus (1984 - 1994);1991 - 2000;Heizöl;96;42633,84811870181;34490,78312802977;9880,0;13,832315167401033;;;;;;;47370,942354113125;;;16758,0;22846,2117900003;Ölkessel;Mittel;23078,962636198245;47370,942354113125;55,0;2;;;18434,0;;;Wohngebäude;8;6;2-8;Mehrfamilienhaus;;Privatgebäude - Geringer Wärmebedarf;;False;0,0;False;;;;;False;False;;False;True;Privates Wohnen;8143,064990672046;0,0;23,685471177056563;D;greenventory
243696274;True;Am Wolfsgraben 21;Elgersweier;Offenburg;77656;Wohngebäude;Reihenhaus (1984 - 1994);1979 - 1990;Heizöl;125;24707,794165984207;19988,605480281225;4940,0;8,016306551630432;;;;;;;27453,10462887134;;;7616,0;12588,269295021477;Ölkessel;Mittel;15077,028961576078;27453,10462887134;65,0;1;;;8378,0;;;Wohngebäude;4;2;1-2;Reihenhaus;;Privatgebäude - Geringer Wärmebedarf;;False;0,0;False;;;;;False;False;;False;True;Privates Wohnen;4719,188685702984;0,0;13,72655231443567;E;greenventory
243696275;True;Am Wolfsgraben 20;Elgersweier;Offenburg;77656;Wohngebäude;Mehrfamilienhaus (1995 - 2001);2001 - 2010;Stromnetz;84;23469,974004355805;18987,208969523846;6175,0;6,102193241132509;;;;;;;;;23469,974004355805;14437,0;34269,31768500045;Elektroheizung;Mittel;11733,611319865036;23469,974004355805;55,0;3;;;15881,0;;;Wohngebäude;5;4;2-8;Mehrfamilienhaus;;Privatgebäude - Geringer Wärmebedarf;Nachtspeicherheizung;False;0,0;False;;;;;False;False;;False;True;Privates Wohnen;4482,7650348319585;0,0;13,038874446864336;C;greenventory
243696276;True;Am Wolfsgraben 25;Elgersweier;Offenburg;77656;Wohngebäude;Ein-/Zweifamilienhaus (1984 - 1994);1991 - 2000;Erdgasnetz;114;22896,71261578628;18523,4405061711;4940,0;6,031329176841265;;;;;;27922,820263154;;;;7552,0;11423,10589500015;Gaskessel;Mittel;10106,417707421802;27922,820263154;55,0;1;;;8307,0;;;Wohngebäude;4;2;1-2;Einfamilienhaus;;Privatgebäude - Geringer Wärmebedarf;;False;0,0;False;;;;;False;False;;False;True;Privates Wohnen;4373,27210961518;0,0;12,720395897659044;E;greenventory
243696277;True;Ziegelstraße 35;Elgersweier;Offenburg;77656;Wohngebäude;Mehrfamilienhaus (1979 - 1983);1979 - 1990;Erdgasnetz;109;52581,376304621204;42538,33343043856;11115,0;13,850704002192904;;;;;;64123,62963978196;;;;18651,0;61286,86605565986;Gaskessel;Mittel;31524,50357517568;64123,62963978196;65,0;5;;;20516,0;;;Wohngebäude;9;7;2-8;Mehrfamilienhaus;;Privatgebäude - Geringer Wärmebedarf;;False;0,0;False;;;;;False;False;;False;True;Privates Wohnen;10043,04287418265;0,0;29,211875724789557;E;greenventory
243696278;True;Sauerbruchstraße 12;Elgersweier;Offenburg;77656;Wohngebäude;Mehrfamilienhaus (nach 2015);2011 - 2019;Heizöl;68;20182,25877484906;16327,44734885289;7410,0;6,548021735839916;;;;;;;22424,73197205451;;;15127,0;33090,91995576718;Ölkessel;Mittel;11460,343142699578;22424,73197205451;35,0;3;;;16640,0;;;Wohngebäude;6;4;2-8;Mehrfamilienhaus;;Privatgebäude - Geringer Wärmebedarf;;False;0,0;False;;;;;False;False;;False;True;Privates Wohnen;3854,8114259961703;0,0;12,231671984757005;C;greenventory
243696279;True;Ziegelstraße 16;Elgersweier;Offenburg;77656;Wohngebäude;Mehrfamilienhaus (1984 - 1994);1979 - 1990;Heizöl;96;43503,572943171486;35194,39051102573;11115,0;14,114492554895637;;;;;;;48337,30327019054;;;17562,0;36772,119633395916;Ölkessel;Mittel;23549,77040076653;48337,30327019054;65,0;3;;;19319,0;;;Wohngebäude;9;6;2-8;Mehrfamilienhaus;;Privatgebäude - Geringer Wärmebedarf;;False;0,0;False;;;;;False;False;;False;True;Privates Wohnen;8309,182432145753;0,0;24,16865163509527;D;greenventory
243696280;True;Sauerbruchstraße 10;Elgersweier;Offenburg;77656;Wohngebäude;Mehrfamilienhaus (1984 - 1994);1979 - 1990;Stromnetz;96;28997,403629550136;23458,89953630606;7410,0;7,539324943683035;;;;;;;;;28997,403629550136;16389,0;46774,97318757088;Elektroheizung;Mittel;15697,152015221956;28997,403629550136;65,0;4;;;18028,0;;;Wohngebäude;6;4;2-8;Mehrfamilienhaus;;Privatgebäude - Geringer Wärmebedarf;Nachtspeicherheizung;False;0,0;False;;;;;False;False;;False;True;Privates Wohnen;5538,504093244076;0,0;16,10966868308341;C;greenventory
243696281;True;Ziegelstraße 18a;Elgersweier;Offenburg;77656;Wohngebäude;Ein-/Zweifamilienhaus (1995 - 2001);1991 - 2000;Heizöl;98;16563,395935635934;13399,78731192947;4050,0;5,37390179245077;;;;;;;18403,773261817703;;;8902,0;0,0;Ölkessel;Mittel;6076,239430656768;18403,773261817703;55,0;0;;;9792,0;;;Wohngebäude;3;1;0-1;Einfamilienhaus;;Privatgebäude - Geringer Wärmebedarf;;False;0,0;False;;;;;False;False;;False;True;Privates Wohnen;3163,6086237064633;0,0;9,201886630908852;D;greenventory
243696282;True;Ziegelstraße 18;Elgersweier;Offenburg;77656;Wohngebäude;Ein-/Zweifamilienhaus (1995 - 2001);1991 - 2000;Heizöl;98;16482,87544274654;13334,646233181951;4050,0;5,347777365868876;;;;;;;18314,306047496153;;;8859,0;0,0;Ölkessel;Mittel;6046,700693807652;18314,306047496153;55,0;0;;;9744,0;;;Wohngebäude;3;1;0-1;Einfamilienhaus;;Privatgebäude - Geringer Wärmebedarf;;False;0,0;False;;;;;False;False;;False;True;Privates Wohnen;3148,229209564589;0,0;9,157153023748076;D;greenventory
243696283;True;Ziegelstraße 20;Elgersweier;Offenburg;77656;Wohngebäude;Mehrfamilienhaus (1969 - 1978);1949 - 1978;Heizöl;118;32405,78051714593;26216,27643837106;6175,0;10,513875456674013;;;;;;;36006,42279682881;;;15262,0;0,0;Ölkessel;Mittel;18963,71111408611;36006,42279682881;65,0;0;;;16788,0;;;Wohngebäude;5;4;2-8;Mehrfamilienhaus;;Privatgebäude - Geringer Wärmebedarf;;False;0,0;False;;;;;False;False;;False;True;Privates Wohnen;6189,504078774873;0,0;18,003211398414404;E;greenventory
243696284;True;;Elgersweier;Offenburg;77656;Wohngebäude;Ein-/Zweifamilienhaus (1949 - 1957);1949 - 1978;Heizöl;167;6997,355912852459;5660,86093349764;2050,0;2,2702532517254648;;;;;;;7774,839903169399;;;5880,0;0,0;Ölkessel;Mittel;3687,985899985269;7774,839903169399;80,0;0;;;6468,0;;;Wohngebäude;1;1;0-1;Einfamilienhaus;;Privatgebäude - Geringer Wärmebedarf;;False;0,0;False;;;;;False;False;;False;False;Privates Wohnen;1336,4949793548199;0,0;3,8874199515846994;F;greenventory
243696285;True;Robert-Koch-Straße 5;Elgersweier;Offenburg;77656;Wohngebäude;Mehrfamilienhaus (1969 - 1978);1949 - 1978;Stromnetz;118;36094,5051405653;29200,454658717328;7410,0;9,384571336546978;;;;;;;;;36094,5051405653;12142,0;38789,22821077253;Elektroheizung;Mittel;21122,335502130994;36094,5051405653;65,0;3;;;13357,0;;;Wohngebäude;6;4;2-8;Mehrfamilienhaus;;Privatgebäude - Geringer Wärmebedarf;Nachtspeicherheizung;False;0,0;False;;;;;False;False;;False;True;Privates Wohnen;6894,050481847972;0,0;20,052502855869612;D;greenventory
243696286;True;Ziegelstraße 37;Elgersweier;Offenburg;77656;Wohngebäude;Mehrfamilienhaus (1949 - 1957);1949 - 1978;Erdgasnetz;134;50083,562873021656;40517,60236427452;8645,0;13,19274339094229;;;;;;61077,5156988069;;;;14899,0;73544,23926679183;Gaskessel;Mittel;29366,2280683847;61077,5156988069;65,0;6;;;16389,0;;;Wohngebäude;7;5;2-8;Mehrfamilienhaus;;Privatgebäude - Geringer Wärmebedarf;;False;0,0;False;;;;;False;False;;False;True;Privates Wohnen;9565,960508747137;0,0;27,824201596123142;F;greenventory
243696287;True;Robert-Koch-Straße 10;Elgersweier;Offenburg;77656;Wohngebäude;Mehrfamilienhaus (1958 - 1968);1949 - 1978;Erdgasnetz;126;45387,84463634527;36718,76631080332;8645,0;11,955822489573878;;;;;;55351,0300443235;;;;14272,0;12929,742736924178;Gaskessel;Mittel;29022,253828887406;55351,0300443235;65,0;1;;;15699,0;;;Wohngebäude;7;5;2-8;Mehrfamilienhaus;;Privatgebäude - Geringer Wärmebedarf;;False;0,0;False;;;;;False;False;;False;True;Privates Wohnen;8669,078325541946;0,0;25,215469242414038;E;greenventory
243696288;True;Sauerbruchstraße 8;Elgersweier;Offenburg;77656;Wohngebäude;Mehrfamilienhaus (1979 - 1983);1979 - 1990;Heizöl;109;46099,18345416566;37294,23941442002;9880,0;14,956623965129301;;;;;;;51221,31494907295;;;16352,0;49029,49284452789;Ölkessel;Mittel;27638,186288513018;51221,31494907295;65,0;4;;;17987,0;;;Wohngebäude;8;6;2-8;Mehrfamilienhaus;;Privatgebäude - Geringer Wärmebedarf;;False;0,0;False;;;;;False;False;;False;True;Privates Wohnen;8804,94403974564;0,0;25,610657474536477;D;greenventory
243696289;True;Ziegelstraße 22;Elgersweier;Offenburg;77656;Wohngebäude;Mehrfamilienhaus (1949 - 1957);1949 - 1978;Holzpellets;133;35896,77364309516;29040,48987726399;6175,0;0,7601669712655447;;;;42231,498403641366;;;;;;14951,0;24514,746422263946;Pelletheizung;Mittel;21047,880407289278;42231,498403641366;65,0;2;;;16446,0;;;Wohngebäude;5;4;2-8;Mehrfamilienhaus;;Privatgebäude - Geringer Wärmebedarf;;False;0,0;False;;;;;False;False;;False;True;Privates Wohnen;6856,283765831176;0,0;19,942652023941758;E;greenventory
243696290;True;Sauerbruchstraße 6;Elgersweier;Offenburg;77656;Wohngebäude;Ein-/Zweifamilienhaus (1949 - 1957);1949 - 1978;Heizöl;166;23036,93960634326;18636,8841415317;4050,0;7,474207072280258;;;;;;;25596,599562603624;;;7743,0;13646,517366863898;Ölkessel;Mittel;12141,716028901035;25596,599562603624;80,0;1;;;8518,0;;;Wohngebäude;3;1;0-1;Einfamilienhaus;;Privatgebäude - Geringer Wärmebedarf;;False;0,0;False;;;;;False;False;;False;True;Privates Wohnen;4400,055464811563;0,0;12,798299781301813;F;greenventory
243696291;True;Ziegelstraße 24;Elgersweier;Offenburg;77656;Wohngebäude;Mehrfamilienhaus (1949 - 1957);1949 - 1978;Heizöl;134;47814,34686615794;38681,806614721776;8645,0;15,513099205464576;;;;;;;53127,05207350882;;;14224,0;12257,373211131973;Ölkessel;Mittel;28035,68545177934;53127,05207350882;65,0;1;;;15647,0;;;Wohngebäude;7;5;2-8;Mehrfamilienhaus;;Privatgebäude - Geringer Wärmebedarf;;False;0,0;False;;;;;False;False;;False;True;Privates Wohnen;9132,540251436167;0,0;26,56352603675441;E;greenventory
243696292;True;Ziegelstraße 26;Elgersweier;Offenburg;77656;Wohngebäude;Mehrfamilienhaus (1969 - 1978);1949 - 1978;Heizöl;118;34540,34486842603;27943,13899855666;6175,0;11,206423001755999;;;;;;;38378,160964917806;;;11620,0;24514,746422263946;Ölkessel;Mittel;20212,848183649512;38378,160964917806;65,0;2;;;12782,0;;;Wohngebäude;5;4;2-8;Mehrfamilienhaus;;Privatgebäude - Geringer Wärmebedarf;;False;0,0;False;;;;;False;False;;False;True;Privates Wohnen;6597,205869869372;0,0;19,189080482458905;E;greenventory
243696293;True;Offenburger Straße 32;Elgersweier;Offenburg;77656;Wohngebäude;Ein-/Zweifamilienhaus (1958 - 1968);1949 - 1978;Nah-/Fernwärme;160;15970,71700088707;12920,310053717641;3440,0;4,373403236866329;;;;;;;;16811,281053565337;;9233,0;231990,79523668624;Fernwärme Übergabestation;Mittel;7286,284638194917;16811,281053565337;80,0;17;;;10156,0;;;Wohngebäude;2;1;0-1;Einfamilienhaus;;Privatgebäude - Geringer Wärmebedarf;;False;0,0;False;;;;;True;False;;False;True;Privates Wohnen;3050,4069471694306;0,0;8,872620556048373;F;greenventory
243696294;True;;Elgersweier;Offenburg;77656;Wohngebäude;Ein-/Zweifamilienhaus (1958 - 1968);1949 - 1978;Heizöl;159;7298,010733692879;5904,090683557539;2050,0;2,367799038042578;;;;;;;8108,90081521431;;;0,0;0,0;Ölkessel;Mittel;3329,5551787270715;8108,90081521431;80,0;0;;;0,0;;;Wohngebäude;1;1;0-1;Einfamilienhaus;;Privatgebäude - Geringer Wärmebedarf;;False;0,0;False;;;;;False;False;;False;False;Privates Wohnen;1393,9200501353398;0,0;4,054450407607154;F;greenventory
243696295;True;Ziegelstraße 28;Elgersweier;Offenburg;77656;Wohngebäude;Mehrfamilienhaus (1958 - 1968);1949 - 1978;Heizöl;126;32193,01297854246;26044,147499640854;6175,0;10,444844210815997;;;;;;;35770,01442060273;;;14172,0;12257,373211131973;Ölkessel;Mittel;20585,110433548864;35770,01442060273;65,0;1;;;15589,0;;;Wohngebäude;5;4;2-8;Mehrfamilienhaus;;Privatgebäude - Geringer Wärmebedarf;;False;0,0;False;;;;;False;False;;False;True;Privates Wohnen;6148,86547890161;0,0;17,885007210301367;E;greenventory
243696296;True;Ziegelstraße 39;Elgersweier;Offenburg;77656;Wohngebäude;Mehrfamilienhaus (1984 - 1994);1979 - 1990;Holzpellets;96;49239,7006725594;39834,91784410056;12350,0;1,0427230730659638;;;;57929,05961477576;;;;;;19878,0;85801,61247792382;Pelletheizung;Mittel;26654,90595349494;57929,05961477576;65,0;7;;;21866,0;;;Wohngebäude;10;7;2-8;Mehrfamilienhaus;;Privatgebäude - Geringer Wärmebedarf;;False;0,0;False;;;;;False;False;;False;True;Privates Wohnen;9404,782828458845;0,0;27,355389262533;D;greenventory
243696297;True;;Elgersweier;Offenburg;77656;Wohngebäude;Ein-/Zweifamilienhaus (1958 - 1968);1949 - 1978;Stromnetz;161;9660,586692731407;7815,414634419709;2050,0;0,810242754874247;;;;;;;;;3116,3182879778733;8378,0;0,0;Elektrische Luftwärmepumpe;Mittel;4407,427945238112;3116,3182879778733;80,0;0;;;9215,0;;;Wohngebäude;1;1;0-1;Einfamilienhaus;;Privatgebäude - Geringer Wärmebedarf;Wärmepumpe;False;0,0;False;;;;;False;False;;False;False;Privates Wohnen;1845,1720583116987;0,0;5,366992607073004;B;greenventory
243696298;True;;Elgersweier;Offenburg;77656;Wohngebäude;Ein-/Zweifamilienhaus (1958 - 1968);1949 - 1978;Erdgasnetz;160;8166,337124658762;6606,566733848939;2050,0;2,151132706007674;;;;;;9958,947712998492;;;;0,0;95525,6215680473;Gaskessel;Mittel;3725,7097936440177;9958,947712998492;80,0;7;;;0,0;;;Wohngebäude;1;1;0-1;Einfamilienhaus;;Privatgebäude - Geringer Wärmebedarf;;False;0,0;False;;;;;False;False;;False;False;Privates Wohnen;1559,7703908098235;0,0;4,536853958143757;F;greenventory
243696299;True;Ziegelstraße 41;Elgersweier;Offenburg;77656;Wohngebäude;Mehrfamilienhaus (1949 - 1957);1949 - 1978;Erdgasnetz;133;48119,24716652523;38928,47095771891;8645,0;12,675313887767622;;;;;;58682,00873966492;;;;14315,0;64648,71368462088;Gaskessel;Mittel;28214,46210513776;58682,00873966492;65,0;5;;;15747,0;;;Wohngebäude;7;5;2-8;Mehrfamilienhaus;;Privatgebäude - Geringer Wärmebedarf;;False;0,0;False;;;;;False;False;;False;True;Privates Wohnen;9190,77620880632;0,0;26,732915092514016;F;greenventory
243696300;True;Am Rothweg 12a;Elgersweier;Offenburg;77656;Wohngebäude;Ein-/Zweifamilienhaus (1984 - 1994);1979 - 1990;Stromnetz;114;17938,813366425264;14512,500013438039;4050,0;1,1375832866513582;;;;;;;;;4375,320333274455;14179,0;127478,6205300867;Elektrische Erdwärmepumpe;Mittel;7918,0423888265395;4375,320333274455;65,0;11;;;15597,0;;;Wohngebäude;3;1;0-1;Einfamilienhaus;;Privatgebäude - Geringer Wärmebedarf;Wärmepumpe;False;0,0;False;;;;;False;False;;False;True;Privates Wohnen;3426,3133529872252;0,0;9,966007425791814;A+;greenventory
243696301;True;Am Rothweg 10a;Elgersweier;Offenburg;77656;Wohngebäude;Ein-/Zweifamilienhaus (1984 - 1994);1991 - 2000;Heizöl;114;18741,448732441368;15161,832024545067;4050,0;6,080558922080977;;;;;;;20823,831924934853;;;8654,0;0,0;Ölkessel;Mittel;8272,318935500556;20823,831924934853;55,0;0;;;9519,0;;;Wohngebäude;3;1;0-1;Einfamilienhaus;;Privatgebäude - Geringer Wärmebedarf;;False;0,0;False;;;;;False;False;;False;True;Privates Wohnen;3579,6167078963013;0,0;10,411915962467427;D;greenventory
243696302;True;In der Wasserfurche 16785765;Elgersweier;Offenburg;77656;Land-, Forstwirtschaft, Fischerei;;;Erdgasnetz;64;2863,5869536726836;2004,5108675708784;622,0;0,7543107097479265;;;;;;3492,179211795956;;;;6007,0;123052,5902360924;Gaskessel;Mittel;1059,527172858893;3492,179211795956;60,0;11;;;6608,0;;;Landwirtschaft;;;Unbekannt;;;Privatgebäude - Geringer Wärmebedarf;;False;163,0067896942743;False;;;;;False;False;;False;True;GHD, Verkehr & Sonstige;429,53804305090256;429,53804305090256;1,5908816409292688;;greenventory
243696303;True;In der Wasserfurche 16525764;Elgersweier;Offenburg;77656;Land-, Forstwirtschaft, Fischerei;;;Erdgasnetz;64;5861,567553924595;4103,097287747216;1273,0;1,5440226727411128;;;;;;7148,253114542189;;;;12296,0;44746,39644948815;Gaskessel;Mittel;2168,7799949521;7148,253114542189;60,0;4;;;13526,0;;;Landwirtschaft;;;Unbekannt;;;Privatgebäude - Geringer Wärmebedarf;;False;333,66380172808323;False;;;;;False;False;;False;True;GHD, Verkehr & Sonstige;879,2351330886892;879,2351330886892;3,2564264188469974;;greenventory
243696304;True;In der Wasserfurche 16615767;Elgersweier;Offenburg;77656;Land-, Forstwirtschaft, Fischerei;;;Erdgasnetz;64;12775,051121527893;8942,535785069524;2774,0;3,365135417378079;;;;;;15579,330636009627;;;;17866,0;0,0;Gaskessel;Mittel;4726,7689149653215;15579,330636009627;60,0;0;;;19653,0;;;Landwirtschaft;;;Unbekannt;;;Privatgebäude - Geringer Wärmebedarf;;False;727,2068581083942;False;;;;;False;False;;False;True;GHD, Verkehr & Sonstige;1916,2576682291838;1916,2576682291838;7,0972506230710515;;greenventory
243696310;True;Ziegelstraße 43;Elgersweier;Offenburg;77656;Wohngebäude;Ein-/Zweifamilienhaus (1958 - 1968);1949 - 1978;Nah-/Fernwärme;160;23371,40726395467;18907,46847653933;4050,0;6,399999960717064;;;;;;;;24601,4813304786;;8107,0;0,0;Fernwärme Übergabestation;Mittel;10662,685069862011;24601,4813304786;80,0;0;;;8918,0;;;Wohngebäude;3;1;0-1;Einfamilienhaus;;Privatgebäude - Geringer Wärmebedarf;;False;0,0;False;;;;;True;False;;False;True;Privates Wohnen;4463,938787415342;0,0;12,984115146641482;F;greenventory
243696317;True;Anselmentstraße 1;Elgersweier;Offenburg;77656;Wohngebäude;Mehrfamilienhaus (1979 - 1983);1979 - 1990;Erdgasnetz;109;42246,96578753473;34177,7953221156;8645,0;11,128469036716467;;;;;;51520,68998479846;;;;14985,0;12929,742736924178;Gaskessel;Mittel;25328,63758251255;51520,68998479846;65,0;1;;;16484,0;;;Wohngebäude;7;6;2-8;Mehrfamilienhaus;;Privatgebäude - Geringer Wärmebedarf;;False;0,0;False;;;;;False;False;;False;True;Privates Wohnen;8069,170465419134;0,0;23,470536548630406;E;greenventory
